Years','Stahle et al. (1998)','Mann et al. (2000)','Li et al. (2011) NADA PC1','Li et al. (2013) Tree-rings PC1','Freund et al. (2019) NCT DJF','Freund et al. (2019) NWP DJF','Freund et al. (2019) Nino4 DJF','Freund et al. (2019) Nino3 DJF','Stahle et al. (1993)','Cook et al. (2008) Nino12','Cook et al. (2008) Nino3 ','Cook et al. (2008) Nino34 ','Cook et al. (2008) Nino4','Geay et al. (2013) Nino3','McGregor et al. (2010) ','Tierney et al. (2015) East','Tierney et al. (2015) West','Braganza et al. (2009) Multiproxy R5','Braganza et al. (2009) Multiproxy R8','DArrigo et al. (2005) Nino3','Wilson et al. (2010) Nino34 COACPR','Wilson et al. (2010) Nino34 COAPCR','Wilson et al. (2010) Nino34 TelecPCR TEL','Wilson et al. (2010) Nino34 TelecREGEM TEL','Wilson et al. 2010 Nino34 zscoreCOA','Wilson et al. (2010) Nino34 zscoreTEL','Datwyler et al. (2020) ENSO DJF','Datwyler et al. (2019) FullPeriod PC1','Torbenson et al. (2019) eMEIall','Torbenson et al. (2019) eMEIstable','Zhu et al. (2022) Corals Li13b6','Zhu et al. (2022) Corals','Zhu et al. (2022) Li13b6.','Zhu et al. (2022) Ocn2kCorals Li13b6','Liu et al. (2024) PCR','Liu et al. (2024) DD','Falster et al.(2023)','ERSST Nino34','HadISST Nino34','ISOI','ICPC SOI'
900,NaN,NaN,-1.446,NaN,NaN,NaN,NaN,NaN,NaN,NaN,NaN,NaN,NaN,NaN,NaN,NaN,NaN,NaN,NaN,NaN,NaN,NaN,NaN,NaN,NaN,NaN,NaN,NaN,NaN,NaN,NaN,NaN,NaN,NaN,NaN,NaN,NaN,NaN,NaN,NaN,NaN
901,NaN,NaN,-1.087,NaN,NaN,NaN,NaN,NaN,NaN,NaN,NaN,NaN,NaN,NaN,NaN,NaN,NaN,NaN,NaN,NaN,NaN,NaN,NaN,NaN,NaN,NaN,NaN,NaN,NaN,NaN,NaN,NaN,NaN,NaN,NaN,NaN,NaN,NaN,NaN,NaN,NaN
902,NaN,NaN,0.536,NaN,NaN,NaN,NaN,NaN,NaN,NaN,NaN,NaN,NaN,NaN,NaN,NaN,NaN,NaN,NaN,NaN,NaN,NaN,NaN,NaN,NaN,NaN,NaN,NaN,NaN,NaN,NaN,NaN,NaN,NaN,NaN,NaN,NaN,NaN,NaN,NaN,NaN
903,NaN,NaN,-0.741,NaN,NaN,NaN,NaN,NaN,NaN,NaN,NaN,NaN,NaN,NaN,NaN,NaN,NaN,NaN,NaN,NaN,NaN,NaN,NaN,NaN,NaN,NaN,NaN,NaN,NaN,NaN,NaN,NaN,NaN,NaN,NaN,NaN,NaN,NaN,NaN,NaN,NaN
904,NaN,NaN,0.808,NaN,NaN,NaN,NaN,NaN,NaN,NaN,NaN,NaN,NaN,NaN,NaN,NaN,NaN,NaN,NaN,NaN,NaN,NaN,NaN,NaN,NaN,NaN,NaN,NaN,NaN,NaN,NaN,NaN,NaN,NaN,NaN,NaN,NaN,NaN,NaN,NaN,NaN
905,NaN,NaN,1.801,NaN,NaN,NaN,NaN,NaN,NaN,NaN,NaN,NaN,NaN,NaN,NaN,NaN,NaN,NaN,NaN,NaN,NaN,NaN,NaN,NaN,NaN,NaN,NaN,NaN,NaN,NaN,NaN,NaN,NaN,NaN,NaN,NaN,NaN,NaN,NaN,NaN,NaN
906,NaN,NaN,-1.546,NaN,NaN,NaN,NaN,NaN,NaN,NaN,NaN,NaN,NaN,NaN,NaN,NaN,NaN,NaN,NaN,NaN,NaN,NaN,NaN,NaN,NaN,NaN,NaN,NaN,NaN,NaN,NaN,NaN,NaN,NaN,NaN,NaN,NaN,NaN,NaN,NaN,NaN
907,NaN,NaN,-1.967,NaN,NaN,NaN,NaN,NaN,NaN,NaN,NaN,NaN,NaN,NaN,NaN,NaN,NaN,NaN,NaN,NaN,NaN,NaN,NaN,NaN,NaN,NaN,NaN,NaN,NaN,NaN,NaN,NaN,NaN,NaN,NaN,NaN,NaN,NaN,NaN,NaN,NaN
908,NaN,NaN,1.568,NaN,NaN,NaN,NaN,NaN,NaN,NaN,NaN,NaN,NaN,NaN,NaN,NaN,NaN,NaN,NaN,NaN,NaN,NaN,NaN,NaN,NaN,NaN,NaN,NaN,NaN,NaN,NaN,NaN,NaN,NaN,NaN,NaN,NaN,NaN,NaN,NaN,NaN
909,NaN,NaN,0.559,NaN,NaN,NaN,NaN,NaN,NaN,NaN,NaN,NaN,NaN,NaN,NaN,NaN,NaN,NaN,NaN,NaN,NaN,NaN,NaN,NaN,NaN,NaN,NaN,NaN,NaN,NaN,NaN,NaN,NaN,NaN,NaN,NaN,NaN,NaN,NaN,NaN,NaN
910,NaN,NaN,-0.393,NaN,NaN,NaN,NaN,NaN,NaN,NaN,NaN,NaN,NaN,NaN,NaN,NaN,NaN,NaN,NaN,NaN,NaN,NaN,NaN,NaN,NaN,NaN,NaN,NaN,NaN,NaN,NaN,NaN,NaN,NaN,NaN,NaN,NaN,NaN,NaN,NaN,NaN
911,NaN,NaN,1.184,NaN,NaN,NaN,NaN,NaN,NaN,NaN,NaN,NaN,NaN,NaN,NaN,NaN,NaN,NaN,NaN,NaN,NaN,NaN,NaN,NaN,NaN,NaN,NaN,NaN,NaN,NaN,NaN,NaN,NaN,NaN,NaN,NaN,NaN,NaN,NaN,NaN,NaN
912,NaN,NaN,-0.551,NaN,NaN,NaN,NaN,NaN,NaN,NaN,NaN,NaN,NaN,NaN,NaN,NaN,NaN,NaN,NaN,NaN,NaN,NaN,NaN,NaN,NaN,NaN,NaN,NaN,NaN,NaN,NaN,NaN,NaN,NaN,NaN,NaN,NaN,NaN,NaN,NaN,NaN
913,NaN,NaN,-1.199,NaN,NaN,NaN,NaN,NaN,NaN,NaN,NaN,NaN,NaN,NaN,NaN,NaN,NaN,NaN,NaN,NaN,NaN,NaN,NaN,NaN,NaN,NaN,NaN,NaN,NaN,NaN,NaN,NaN,NaN,NaN,NaN,NaN,NaN,NaN,NaN,NaN,NaN
914,NaN,NaN,-0.055003,NaN,NaN,NaN,NaN,NaN,NaN,NaN,NaN,NaN,NaN,NaN,NaN,NaN,NaN,NaN,NaN,NaN,NaN,NaN,NaN,NaN,NaN,NaN,NaN,NaN,NaN,NaN,NaN,NaN,NaN,NaN,NaN,NaN,NaN,NaN,NaN,NaN,NaN
915,NaN,NaN,0.38,NaN,NaN,NaN,NaN,NaN,NaN,NaN,NaN,NaN,NaN,NaN,NaN,NaN,NaN,NaN,NaN,NaN,NaN,NaN,NaN,NaN,NaN,NaN,NaN,NaN,NaN,NaN,NaN,NaN,NaN,NaN,NaN,NaN,NaN,NaN,NaN,NaN,NaN
916,NaN,NaN,0.163,NaN,NaN,NaN,NaN,NaN,NaN,NaN,NaN,NaN,NaN,NaN,NaN,NaN,NaN,NaN,NaN,NaN,NaN,NaN,NaN,NaN,NaN,NaN,NaN,NaN,NaN,NaN,NaN,NaN,NaN,NaN,NaN,NaN,NaN,NaN,NaN,NaN,NaN
917,NaN,NaN,0.443,NaN,NaN,NaN,NaN,NaN,NaN,NaN,NaN,NaN,NaN,NaN,NaN,NaN,NaN,NaN,NaN,NaN,NaN,NaN,NaN,NaN,NaN,NaN,NaN,NaN,NaN,NaN,NaN,NaN,NaN,NaN,NaN,NaN,NaN,NaN,NaN,NaN,NaN
918,NaN,NaN,0.477,NaN,NaN,NaN,NaN,NaN,NaN,NaN,NaN,NaN,NaN,NaN,NaN,NaN,NaN,NaN,NaN,NaN,NaN,NaN,NaN,NaN,NaN,NaN,NaN,NaN,NaN,NaN,NaN,NaN,NaN,NaN,NaN,NaN,NaN,NaN,NaN,NaN,NaN
919,NaN,NaN,0.406,NaN,NaN,NaN,NaN,NaN,NaN,NaN,NaN,NaN,NaN,NaN,NaN,NaN,NaN,NaN,NaN,NaN,NaN,NaN,NaN,NaN,NaN,NaN,NaN,NaN,NaN,NaN,NaN,NaN,NaN,NaN,NaN,NaN,NaN,NaN,NaN,NaN,NaN
920,NaN,NaN,-0.622,NaN,NaN,NaN,NaN,NaN,NaN,NaN,NaN,NaN,NaN,NaN,NaN,NaN,NaN,NaN,NaN,NaN,NaN,NaN,NaN,NaN,NaN,NaN,NaN,NaN,NaN,NaN,NaN,NaN,NaN,NaN,NaN,NaN,NaN,NaN,NaN,NaN,NaN
921,NaN,NaN,0.021997,NaN,NaN,NaN,NaN,NaN,NaN,NaN,NaN,NaN,NaN,NaN,NaN,NaN,NaN,NaN,NaN,NaN,NaN,NaN,NaN,NaN,NaN,NaN,NaN,NaN,NaN,NaN,NaN,NaN,NaN,NaN,NaN,NaN,NaN,NaN,NaN,NaN,NaN
922,NaN,NaN,-1.023,NaN,NaN,NaN,NaN,NaN,NaN,NaN,NaN,NaN,NaN,NaN,NaN,NaN,NaN,NaN,NaN,NaN,NaN,NaN,NaN,NaN,NaN,NaN,NaN,NaN,NaN,NaN,NaN,NaN,NaN,NaN,NaN,NaN,NaN,NaN,NaN,NaN,NaN
923,NaN,NaN,0.375,NaN,NaN,NaN,NaN,NaN,NaN,NaN,NaN,NaN,NaN,NaN,NaN,NaN,NaN,NaN,NaN,NaN,NaN,NaN,NaN,NaN,NaN,NaN,NaN,NaN,NaN,NaN,NaN,NaN,NaN,NaN,NaN,NaN,NaN,NaN,NaN,NaN,NaN
924,NaN,NaN,-1.936,NaN,NaN,NaN,NaN,NaN,NaN,NaN,NaN,NaN,NaN,NaN,NaN,NaN,NaN,NaN,NaN,NaN,NaN,NaN,NaN,NaN,NaN,NaN,NaN,NaN,NaN,NaN,NaN,NaN,NaN,NaN,NaN,NaN,NaN,NaN,NaN,NaN,NaN
925,NaN,NaN,1.648,NaN,NaN,NaN,NaN,NaN,NaN,NaN,NaN,NaN,NaN,NaN,NaN,NaN,NaN,NaN,NaN,NaN,NaN,NaN,NaN,NaN,NaN,NaN,NaN,NaN,NaN,NaN,NaN,NaN,NaN,NaN,NaN,NaN,NaN,NaN,NaN,NaN,NaN
926,NaN,NaN,1.203,NaN,NaN,NaN,NaN,NaN,NaN,NaN,NaN,NaN,NaN,NaN,NaN,NaN,NaN,NaN,NaN,NaN,NaN,NaN,NaN,NaN,NaN,NaN,NaN,NaN,NaN,NaN,NaN,NaN,NaN,NaN,NaN,NaN,NaN,NaN,NaN,NaN,NaN
927,NaN,NaN,-0.972,NaN,NaN,NaN,NaN,NaN,NaN,NaN,NaN,NaN,NaN,NaN,NaN,NaN,NaN,NaN,NaN,NaN,NaN,NaN,NaN,NaN,NaN,NaN,NaN,NaN,NaN,NaN,NaN,NaN,NaN,NaN,NaN,NaN,NaN,NaN,NaN,NaN,NaN
928,NaN,NaN,0.48,NaN,NaN,NaN,NaN,NaN,NaN,NaN,NaN,NaN,NaN,NaN,NaN,NaN,NaN,NaN,NaN,NaN,NaN,NaN,NaN,NaN,NaN,NaN,NaN,NaN,NaN,NaN,NaN,NaN,NaN,NaN,NaN,NaN,NaN,NaN,NaN,NaN,NaN
929,NaN,NaN,0.593,NaN,NaN,NaN,NaN,NaN,NaN,NaN,NaN,NaN,NaN,NaN,NaN,NaN,NaN,NaN,NaN,NaN,NaN,NaN,NaN,NaN,NaN,NaN,NaN,NaN,NaN,NaN,NaN,NaN,NaN,NaN,NaN,NaN,NaN,NaN,NaN,NaN,NaN
930,NaN,NaN,-1.728,NaN,NaN,NaN,NaN,NaN,NaN,NaN,NaN,NaN,NaN,NaN,NaN,NaN,NaN,NaN,NaN,NaN,NaN,NaN,NaN,NaN,NaN,NaN,NaN,NaN,NaN,NaN,NaN,NaN,NaN,NaN,NaN,NaN,NaN,NaN,NaN,NaN,NaN
931,NaN,NaN,0.552,NaN,NaN,NaN,NaN,NaN,NaN,NaN,NaN,NaN,NaN,NaN,NaN,NaN,NaN,NaN,NaN,NaN,NaN,NaN,NaN,NaN,NaN,NaN,NaN,NaN,NaN,NaN,NaN,NaN,NaN,NaN,NaN,NaN,NaN,NaN,NaN,NaN,NaN
932,NaN,NaN,0.131,NaN,NaN,NaN,NaN,NaN,NaN,NaN,NaN,NaN,NaN,NaN,NaN,NaN,NaN,NaN,NaN,NaN,NaN,NaN,NaN,NaN,NaN,NaN,NaN,NaN,NaN,NaN,NaN,NaN,NaN,NaN,NaN,NaN,NaN,NaN,NaN,NaN,NaN
933,NaN,NaN,0.274,NaN,NaN,NaN,NaN,NaN,NaN,NaN,NaN,NaN,NaN,NaN,NaN,NaN,NaN,NaN,NaN,NaN,NaN,NaN,NaN,NaN,NaN,NaN,NaN,NaN,NaN,NaN,NaN,NaN,NaN,NaN,NaN,NaN,NaN,NaN,NaN,NaN,NaN
934,NaN,NaN,0.077997,NaN,NaN,NaN,NaN,NaN,NaN,NaN,NaN,NaN,NaN,NaN,NaN,NaN,NaN,NaN,NaN,NaN,NaN,NaN,NaN,NaN,NaN,NaN,NaN,NaN,NaN,NaN,NaN,NaN,NaN,NaN,NaN,NaN,NaN,NaN,NaN,NaN,NaN
935,NaN,NaN,-0.403,NaN,NaN,NaN,NaN,NaN,NaN,NaN,NaN,NaN,NaN,NaN,NaN,NaN,NaN,NaN,NaN,NaN,NaN,NaN,NaN,NaN,NaN,NaN,NaN,NaN,NaN,NaN,NaN,NaN,NaN,NaN,NaN,NaN,NaN,NaN,NaN,NaN,NaN
936,NaN,NaN,0.458,NaN,NaN,NaN,NaN,NaN,NaN,NaN,NaN,NaN,NaN,NaN,NaN,NaN,NaN,NaN,NaN,NaN,NaN,NaN,NaN,NaN,NaN,NaN,NaN,NaN,NaN,NaN,NaN,NaN,NaN,NaN,NaN,NaN,NaN,NaN,NaN,NaN,NaN
937,NaN,NaN,-0.214,NaN,NaN,NaN,NaN,NaN,NaN,NaN,NaN,NaN,NaN,NaN,NaN,NaN,NaN,NaN,NaN,NaN,NaN,NaN,NaN,NaN,NaN,NaN,NaN,NaN,NaN,NaN,NaN,NaN,NaN,NaN,NaN,NaN,NaN,NaN,NaN,NaN,NaN
938,NaN,NaN,0.202,NaN,NaN,NaN,NaN,NaN,NaN,NaN,NaN,NaN,NaN,NaN,NaN,NaN,NaN,NaN,NaN,NaN,NaN,NaN,NaN,NaN,NaN,NaN,NaN,NaN,NaN,NaN,NaN,NaN,NaN,NaN,NaN,NaN,NaN,NaN,NaN,NaN,NaN
939,NaN,NaN,-0.726,NaN,NaN,NaN,NaN,NaN,NaN,NaN,NaN,NaN,NaN,NaN,NaN,NaN,NaN,NaN,NaN,NaN,NaN,NaN,NaN,NaN,NaN,NaN,NaN,NaN,NaN,NaN,NaN,NaN,NaN,NaN,NaN,NaN,NaN,NaN,NaN,NaN,NaN
940,NaN,NaN,-0.074003,NaN,NaN,NaN,NaN,NaN,NaN,NaN,NaN,NaN,NaN,NaN,NaN,NaN,NaN,NaN,NaN,NaN,NaN,NaN,NaN,NaN,NaN,NaN,NaN,NaN,NaN,NaN,NaN,NaN,NaN,NaN,NaN,NaN,NaN,NaN,NaN,NaN,NaN
941,NaN,NaN,1.551,NaN,NaN,NaN,NaN,NaN,NaN,NaN,NaN,NaN,NaN,NaN,NaN,NaN,NaN,NaN,NaN,NaN,NaN,NaN,NaN,NaN,NaN,NaN,NaN,NaN,NaN,NaN,NaN,NaN,NaN,NaN,NaN,NaN,NaN,NaN,NaN,NaN,NaN
942,NaN,NaN,-0.433,NaN,NaN,NaN,NaN,NaN,NaN,NaN,NaN,NaN,NaN,NaN,NaN,NaN,NaN,NaN,NaN,NaN,NaN,NaN,NaN,NaN,NaN,NaN,NaN,NaN,NaN,NaN,NaN,NaN,NaN,NaN,NaN,NaN,NaN,NaN,NaN,NaN,NaN
943,NaN,NaN,-0.827,NaN,NaN,NaN,NaN,NaN,NaN,NaN,NaN,NaN,NaN,NaN,NaN,NaN,NaN,NaN,NaN,NaN,NaN,NaN,NaN,NaN,NaN,NaN,NaN,NaN,NaN,NaN,NaN,NaN,NaN,NaN,NaN,NaN,NaN,NaN,NaN,NaN,NaN
944,NaN,NaN,-0.211,NaN,NaN,NaN,NaN,NaN,NaN,NaN,NaN,NaN,NaN,NaN,NaN,NaN,NaN,NaN,NaN,NaN,NaN,NaN,NaN,NaN,NaN,NaN,NaN,NaN,NaN,NaN,NaN,NaN,NaN,NaN,NaN,NaN,NaN,NaN,NaN,NaN,NaN
945,NaN,NaN,0.477,NaN,NaN,NaN,NaN,NaN,NaN,NaN,NaN,NaN,NaN,NaN,NaN,NaN,NaN,NaN,NaN,NaN,NaN,NaN,NaN,NaN,NaN,NaN,NaN,NaN,NaN,NaN,NaN,NaN,NaN,NaN,NaN,NaN,NaN,NaN,NaN,NaN,NaN
946,NaN,NaN,0.642,NaN,NaN,NaN,NaN,NaN,NaN,NaN,NaN,NaN,NaN,NaN,NaN,NaN,NaN,NaN,NaN,NaN,NaN,NaN,NaN,NaN,NaN,NaN,NaN,NaN,NaN,NaN,NaN,NaN,NaN,NaN,NaN,NaN,NaN,NaN,NaN,NaN,NaN
947,NaN,NaN,-0.475,NaN,NaN,NaN,NaN,NaN,NaN,NaN,NaN,NaN,NaN,NaN,NaN,NaN,NaN,NaN,NaN,NaN,NaN,NaN,NaN,NaN,NaN,NaN,NaN,NaN,NaN,NaN,NaN,NaN,NaN,NaN,NaN,NaN,NaN,NaN,NaN,NaN,NaN
948,NaN,NaN,-0.415,NaN,NaN,NaN,NaN,NaN,NaN,NaN,NaN,NaN,NaN,NaN,NaN,NaN,NaN,NaN,NaN,NaN,NaN,NaN,NaN,NaN,NaN,NaN,NaN,NaN,NaN,NaN,NaN,NaN,NaN,NaN,NaN,NaN,NaN,NaN,NaN,NaN,NaN
949,NaN,NaN,0.831,NaN,NaN,NaN,NaN,NaN,NaN,NaN,NaN,NaN,NaN,NaN,NaN,NaN,NaN,NaN,NaN,NaN,NaN,NaN,NaN,NaN,NaN,NaN,NaN,NaN,NaN,NaN,NaN,NaN,NaN,NaN,NaN,NaN,NaN,NaN,NaN,NaN,NaN
950,NaN,NaN,-0.0010027,NaN,NaN,NaN,NaN,NaN,NaN,NaN,NaN,NaN,NaN,NaN,NaN,NaN,NaN,NaN,NaN,NaN,NaN,NaN,NaN,NaN,NaN,NaN,NaN,NaN,NaN,NaN,NaN,NaN,NaN,NaN,NaN,NaN,NaN,NaN,NaN,NaN,NaN
951,NaN,NaN,-0.629,NaN,NaN,NaN,NaN,NaN,NaN,NaN,NaN,NaN,NaN,NaN,NaN,NaN,NaN,NaN,NaN,NaN,NaN,NaN,NaN,NaN,NaN,NaN,NaN,NaN,NaN,NaN,NaN,NaN,NaN,NaN,NaN,NaN,NaN,NaN,NaN,NaN,NaN
952,NaN,NaN,0.201,NaN,NaN,NaN,NaN,NaN,NaN,NaN,NaN,NaN,NaN,NaN,NaN,NaN,NaN,NaN,NaN,NaN,NaN,NaN,NaN,NaN,NaN,NaN,NaN,NaN,NaN,NaN,NaN,NaN,NaN,NaN,NaN,NaN,NaN,NaN,NaN,NaN,NaN
953,NaN,NaN,0.851,NaN,NaN,NaN,NaN,NaN,NaN,NaN,NaN,NaN,NaN,NaN,NaN,NaN,NaN,NaN,NaN,NaN,NaN,NaN,NaN,NaN,NaN,NaN,NaN,NaN,NaN,NaN,NaN,NaN,NaN,NaN,NaN,NaN,NaN,NaN,NaN,NaN,NaN
954,NaN,NaN,-1.889,NaN,NaN,NaN,NaN,NaN,NaN,NaN,NaN,NaN,NaN,NaN,NaN,NaN,NaN,NaN,NaN,NaN,NaN,NaN,NaN,NaN,NaN,NaN,NaN,NaN,NaN,NaN,NaN,NaN,NaN,NaN,NaN,NaN,NaN,NaN,NaN,NaN,NaN
955,NaN,NaN,0.202,NaN,NaN,NaN,NaN,NaN,NaN,NaN,NaN,NaN,NaN,NaN,NaN,NaN,NaN,NaN,NaN,NaN,NaN,NaN,NaN,NaN,NaN,NaN,NaN,NaN,NaN,NaN,NaN,NaN,NaN,NaN,NaN,NaN,NaN,NaN,NaN,NaN,NaN
956,NaN,NaN,1.639,NaN,NaN,NaN,NaN,NaN,NaN,NaN,NaN,NaN,NaN,NaN,NaN,NaN,NaN,NaN,NaN,NaN,NaN,NaN,NaN,NaN,NaN,NaN,NaN,NaN,NaN,NaN,NaN,NaN,NaN,NaN,NaN,NaN,NaN,NaN,NaN,NaN,NaN
957,NaN,NaN,-1.372,NaN,NaN,NaN,NaN,NaN,NaN,NaN,NaN,NaN,NaN,NaN,NaN,NaN,NaN,NaN,NaN,NaN,NaN,NaN,NaN,NaN,NaN,NaN,NaN,NaN,NaN,NaN,NaN,NaN,NaN,NaN,NaN,NaN,NaN,NaN,NaN,NaN,NaN
958,NaN,NaN,-1.013,NaN,NaN,NaN,NaN,NaN,NaN,NaN,NaN,NaN,NaN,NaN,NaN,NaN,NaN,NaN,NaN,NaN,NaN,NaN,NaN,NaN,NaN,NaN,NaN,NaN,NaN,NaN,NaN,NaN,NaN,NaN,NaN,NaN,NaN,NaN,NaN,NaN,NaN
959,NaN,NaN,1.19,NaN,NaN,NaN,NaN,NaN,NaN,NaN,NaN,NaN,NaN,NaN,NaN,NaN,NaN,NaN,NaN,NaN,NaN,NaN,NaN,NaN,NaN,NaN,NaN,NaN,NaN,NaN,NaN,NaN,NaN,NaN,NaN,NaN,NaN,NaN,NaN,NaN,NaN
960,NaN,NaN,1.072,NaN,NaN,NaN,NaN,NaN,NaN,NaN,NaN,NaN,NaN,NaN,NaN,NaN,NaN,NaN,NaN,NaN,NaN,NaN,NaN,NaN,NaN,NaN,NaN,NaN,NaN,NaN,NaN,NaN,NaN,NaN,NaN,NaN,NaN,NaN,NaN,NaN,NaN
961,NaN,NaN,-1.123,NaN,NaN,NaN,NaN,NaN,NaN,NaN,NaN,NaN,NaN,NaN,NaN,NaN,NaN,NaN,NaN,NaN,NaN,NaN,NaN,NaN,NaN,NaN,NaN,NaN,NaN,NaN,NaN,NaN,NaN,NaN,NaN,NaN,NaN,NaN,NaN,NaN,NaN
962,NaN,NaN,0.16,NaN,NaN,NaN,NaN,NaN,NaN,NaN,NaN,NaN,NaN,NaN,NaN,NaN,NaN,NaN,NaN,NaN,NaN,NaN,NaN,NaN,NaN,NaN,NaN,NaN,NaN,NaN,NaN,NaN,NaN,NaN,NaN,NaN,NaN,NaN,NaN,NaN,NaN
963,NaN,NaN,0.638,NaN,NaN,NaN,NaN,NaN,NaN,NaN,NaN,NaN,NaN,NaN,NaN,NaN,NaN,NaN,NaN,NaN,NaN,NaN,NaN,NaN,NaN,NaN,NaN,NaN,NaN,NaN,NaN,NaN,NaN,NaN,NaN,NaN,NaN,NaN,NaN,NaN,NaN
964,NaN,NaN,-0.509,NaN,NaN,NaN,NaN,NaN,NaN,NaN,NaN,NaN,NaN,NaN,NaN,NaN,NaN,NaN,NaN,NaN,NaN,NaN,NaN,NaN,NaN,NaN,NaN,NaN,NaN,NaN,NaN,NaN,NaN,NaN,NaN,NaN,NaN,NaN,NaN,NaN,NaN
965,NaN,NaN,-0.435,NaN,NaN,NaN,NaN,NaN,NaN,NaN,NaN,NaN,NaN,NaN,NaN,NaN,NaN,NaN,NaN,NaN,NaN,NaN,NaN,NaN,NaN,NaN,NaN,NaN,NaN,NaN,NaN,NaN,NaN,NaN,NaN,NaN,NaN,NaN,NaN,NaN,NaN
966,NaN,NaN,0.845,NaN,NaN,NaN,NaN,NaN,NaN,NaN,NaN,NaN,NaN,NaN,NaN,NaN,NaN,NaN,NaN,NaN,NaN,NaN,NaN,NaN,NaN,NaN,NaN,NaN,NaN,NaN,NaN,NaN,NaN,NaN,NaN,NaN,NaN,NaN,NaN,NaN,NaN
967,NaN,NaN,0.272,NaN,NaN,NaN,NaN,NaN,NaN,NaN,NaN,NaN,NaN,NaN,NaN,NaN,NaN,NaN,NaN,NaN,NaN,NaN,NaN,NaN,NaN,NaN,NaN,NaN,NaN,NaN,NaN,NaN,NaN,NaN,NaN,NaN,NaN,NaN,NaN,NaN,NaN
968,NaN,NaN,0.325,NaN,NaN,NaN,NaN,NaN,NaN,NaN,NaN,NaN,NaN,NaN,NaN,NaN,NaN,NaN,NaN,NaN,NaN,NaN,NaN,NaN,NaN,NaN,NaN,NaN,NaN,NaN,NaN,NaN,NaN,NaN,NaN,NaN,NaN,NaN,NaN,NaN,NaN
969,NaN,NaN,-1.877,NaN,NaN,NaN,NaN,NaN,NaN,NaN,NaN,NaN,NaN,NaN,NaN,NaN,NaN,NaN,NaN,NaN,NaN,NaN,NaN,NaN,NaN,NaN,NaN,NaN,NaN,NaN,NaN,NaN,NaN,NaN,NaN,NaN,NaN,NaN,NaN,NaN,NaN
970,NaN,NaN,1.036,NaN,NaN,NaN,NaN,NaN,NaN,NaN,NaN,NaN,NaN,NaN,NaN,NaN,NaN,NaN,NaN,NaN,NaN,NaN,NaN,NaN,NaN,NaN,NaN,NaN,NaN,NaN,NaN,NaN,NaN,NaN,NaN,NaN,NaN,NaN,NaN,NaN,NaN
971,NaN,NaN,0.041997,NaN,NaN,NaN,NaN,NaN,NaN,NaN,NaN,NaN,NaN,NaN,NaN,NaN,NaN,NaN,NaN,NaN,NaN,NaN,NaN,NaN,NaN,NaN,NaN,NaN,NaN,NaN,NaN,NaN,NaN,NaN,NaN,NaN,NaN,NaN,NaN,NaN,NaN
972,NaN,NaN,-1.217,NaN,NaN,NaN,NaN,NaN,NaN,NaN,NaN,NaN,NaN,NaN,NaN,NaN,NaN,NaN,NaN,NaN,NaN,NaN,NaN,NaN,NaN,NaN,NaN,NaN,NaN,NaN,NaN,NaN,NaN,NaN,NaN,NaN,NaN,NaN,NaN,NaN,NaN
973,NaN,NaN,1.98,NaN,NaN,NaN,NaN,NaN,NaN,NaN,NaN,NaN,NaN,NaN,NaN,NaN,NaN,NaN,NaN,NaN,NaN,NaN,NaN,NaN,NaN,NaN,NaN,NaN,NaN,NaN,NaN,NaN,NaN,NaN,NaN,NaN,NaN,NaN,NaN,NaN,NaN
974,NaN,NaN,0.851,NaN,NaN,NaN,NaN,NaN,NaN,NaN,NaN,NaN,NaN,NaN,NaN,NaN,NaN,NaN,NaN,NaN,NaN,NaN,NaN,NaN,NaN,NaN,NaN,NaN,NaN,NaN,NaN,NaN,NaN,NaN,NaN,NaN,NaN,NaN,NaN,NaN,NaN
975,NaN,NaN,-2.545,NaN,NaN,NaN,NaN,NaN,NaN,NaN,NaN,NaN,NaN,NaN,NaN,NaN,NaN,NaN,NaN,NaN,NaN,NaN,NaN,NaN,NaN,NaN,NaN,NaN,NaN,NaN,NaN,NaN,NaN,NaN,NaN,NaN,NaN,NaN,NaN,NaN,NaN
976,NaN,NaN,0.089997,NaN,NaN,NaN,NaN,NaN,NaN,NaN,NaN,NaN,NaN,NaN,NaN,NaN,NaN,NaN,NaN,NaN,NaN,NaN,NaN,NaN,NaN,NaN,NaN,NaN,NaN,NaN,NaN,NaN,NaN,NaN,NaN,NaN,NaN,NaN,NaN,NaN,NaN
977,NaN,NaN,1.701,NaN,NaN,NaN,NaN,NaN,NaN,NaN,NaN,NaN,NaN,NaN,NaN,NaN,NaN,NaN,NaN,NaN,NaN,NaN,NaN,NaN,NaN,NaN,NaN,NaN,NaN,NaN,NaN,NaN,NaN,NaN,NaN,NaN,NaN,NaN,NaN,NaN,NaN
978,NaN,NaN,-0.17,NaN,NaN,NaN,NaN,NaN,NaN,NaN,NaN,NaN,NaN,NaN,NaN,NaN,NaN,NaN,NaN,NaN,NaN,NaN,NaN,NaN,NaN,NaN,NaN,NaN,NaN,NaN,NaN,NaN,NaN,NaN,NaN,NaN,NaN,NaN,NaN,NaN,NaN
979,NaN,NaN,0.24,NaN,NaN,NaN,NaN,NaN,NaN,NaN,NaN,NaN,NaN,NaN,NaN,NaN,NaN,NaN,NaN,NaN,NaN,NaN,NaN,NaN,NaN,NaN,NaN,NaN,NaN,NaN,NaN,NaN,NaN,NaN,NaN,NaN,NaN,NaN,NaN,NaN,NaN
980,NaN,NaN,-1.241,NaN,NaN,NaN,NaN,NaN,NaN,NaN,NaN,NaN,NaN,NaN,NaN,NaN,NaN,NaN,NaN,NaN,NaN,NaN,NaN,NaN,NaN,NaN,NaN,NaN,NaN,NaN,NaN,NaN,NaN,NaN,NaN,NaN,NaN,NaN,NaN,NaN,NaN
981,NaN,NaN,-1.814,NaN,NaN,NaN,NaN,NaN,NaN,NaN,NaN,NaN,NaN,NaN,NaN,NaN,NaN,NaN,NaN,NaN,NaN,NaN,NaN,NaN,NaN,NaN,NaN,NaN,NaN,NaN,NaN,NaN,NaN,NaN,NaN,NaN,NaN,NaN,NaN,NaN,NaN
982,NaN,NaN,1.965,NaN,NaN,NaN,NaN,NaN,NaN,NaN,NaN,NaN,NaN,NaN,NaN,NaN,NaN,NaN,NaN,NaN,NaN,NaN,NaN,NaN,NaN,NaN,NaN,NaN,NaN,NaN,NaN,NaN,NaN,NaN,NaN,NaN,NaN,NaN,NaN,NaN,NaN
983,NaN,NaN,-0.121,NaN,NaN,NaN,NaN,NaN,NaN,NaN,NaN,NaN,NaN,NaN,NaN,NaN,NaN,NaN,NaN,NaN,NaN,NaN,NaN,NaN,NaN,NaN,NaN,NaN,NaN,NaN,NaN,NaN,NaN,NaN,NaN,NaN,NaN,NaN,NaN,NaN,NaN
984,NaN,NaN,-0.901,NaN,NaN,NaN,NaN,NaN,NaN,NaN,NaN,NaN,NaN,NaN,NaN,NaN,NaN,NaN,NaN,NaN,NaN,NaN,NaN,NaN,NaN,NaN,NaN,NaN,NaN,NaN,NaN,NaN,NaN,NaN,NaN,NaN,NaN,NaN,NaN,NaN,NaN
985,NaN,NaN,0.411,NaN,NaN,NaN,NaN,NaN,NaN,NaN,NaN,NaN,NaN,NaN,NaN,NaN,NaN,NaN,NaN,NaN,NaN,NaN,NaN,NaN,NaN,NaN,NaN,NaN,NaN,NaN,NaN,NaN,NaN,NaN,NaN,NaN,NaN,NaN,NaN,NaN,NaN
986,NaN,NaN,-0.082003,NaN,NaN,NaN,NaN,NaN,NaN,NaN,NaN,NaN,NaN,NaN,NaN,NaN,NaN,NaN,NaN,NaN,NaN,NaN,NaN,NaN,NaN,NaN,NaN,NaN,NaN,NaN,NaN,NaN,NaN,NaN,NaN,NaN,NaN,NaN,NaN,NaN,NaN
987,NaN,NaN,0.192,NaN,NaN,NaN,NaN,NaN,NaN,NaN,NaN,NaN,NaN,NaN,NaN,NaN,NaN,NaN,NaN,NaN,NaN,NaN,NaN,NaN,NaN,NaN,NaN,NaN,NaN,NaN,NaN,NaN,NaN,NaN,NaN,NaN,NaN,NaN,NaN,NaN,NaN
988,NaN,NaN,0.837,NaN,NaN,NaN,NaN,NaN,NaN,NaN,NaN,NaN,NaN,NaN,NaN,NaN,NaN,NaN,NaN,NaN,NaN,NaN,NaN,NaN,NaN,NaN,NaN,NaN,NaN,NaN,NaN,NaN,NaN,NaN,NaN,NaN,NaN,NaN,NaN,NaN,NaN
989,NaN,NaN,2.024,NaN,NaN,NaN,NaN,NaN,NaN,NaN,NaN,NaN,NaN,NaN,NaN,NaN,NaN,NaN,NaN,NaN,NaN,NaN,NaN,NaN,NaN,NaN,NaN,NaN,NaN,NaN,NaN,NaN,NaN,NaN,NaN,NaN,NaN,NaN,NaN,NaN,NaN
990,NaN,NaN,-0.972,NaN,NaN,NaN,NaN,NaN,NaN,NaN,NaN,NaN,NaN,NaN,NaN,NaN,NaN,NaN,NaN,NaN,NaN,NaN,NaN,NaN,NaN,NaN,NaN,NaN,NaN,NaN,NaN,NaN,NaN,NaN,NaN,NaN,NaN,NaN,NaN,NaN,NaN
991,NaN,NaN,-0.871,NaN,NaN,NaN,NaN,NaN,NaN,NaN,NaN,NaN,NaN,NaN,NaN,NaN,NaN,NaN,NaN,NaN,NaN,NaN,NaN,NaN,NaN,NaN,NaN,NaN,NaN,NaN,NaN,NaN,NaN,NaN,NaN,NaN,NaN,NaN,NaN,NaN,NaN
992,NaN,NaN,-0.939,NaN,NaN,NaN,NaN,NaN,NaN,NaN,NaN,NaN,NaN,NaN,NaN,NaN,NaN,NaN,NaN,NaN,NaN,NaN,NaN,NaN,NaN,NaN,NaN,NaN,NaN,NaN,NaN,NaN,NaN,NaN,NaN,NaN,NaN,NaN,NaN,NaN,NaN
993,NaN,NaN,-0.773,NaN,NaN,NaN,NaN,NaN,NaN,NaN,NaN,NaN,NaN,NaN,NaN,NaN,NaN,NaN,NaN,NaN,NaN,NaN,NaN,NaN,NaN,NaN,NaN,NaN,NaN,NaN,NaN,NaN,NaN,NaN,NaN,NaN,NaN,NaN,NaN,NaN,NaN
994,NaN,NaN,0.732,NaN,NaN,NaN,NaN,NaN,NaN,NaN,NaN,NaN,NaN,NaN,NaN,NaN,NaN,NaN,NaN,NaN,NaN,NaN,NaN,NaN,NaN,NaN,NaN,NaN,NaN,NaN,NaN,NaN,NaN,NaN,NaN,NaN,NaN,NaN,NaN,NaN,NaN
995,NaN,NaN,0.135,NaN,NaN,NaN,NaN,NaN,NaN,NaN,NaN,NaN,NaN,NaN,NaN,NaN,NaN,NaN,NaN,NaN,NaN,NaN,NaN,NaN,NaN,NaN,NaN,NaN,NaN,NaN,NaN,NaN,NaN,NaN,NaN,NaN,NaN,NaN,NaN,NaN,NaN
996,NaN,NaN,0.749,NaN,NaN,NaN,NaN,NaN,NaN,NaN,NaN,NaN,NaN,NaN,NaN,NaN,NaN,NaN,NaN,NaN,NaN,NaN,NaN,NaN,NaN,NaN,NaN,NaN,NaN,NaN,NaN,NaN,NaN,NaN,NaN,NaN,NaN,NaN,NaN,NaN,NaN
997,NaN,NaN,0.087997,NaN,NaN,NaN,NaN,NaN,NaN,NaN,NaN,NaN,NaN,NaN,NaN,NaN,NaN,NaN,NaN,NaN,NaN,NaN,NaN,NaN,NaN,NaN,NaN,NaN,NaN,NaN,NaN,NaN,NaN,NaN,NaN,NaN,NaN,NaN,NaN,NaN,NaN
998,NaN,NaN,-0.138,NaN,NaN,NaN,NaN,NaN,NaN,NaN,NaN,NaN,NaN,NaN,NaN,NaN,NaN,NaN,NaN,NaN,NaN,NaN,NaN,NaN,NaN,NaN,NaN,NaN,NaN,NaN,NaN,NaN,NaN,NaN,NaN,NaN,NaN,NaN,NaN,NaN,NaN
999,NaN,NaN,-0.981,NaN,NaN,NaN,NaN,NaN,NaN,NaN,NaN,NaN,NaN,NaN,NaN,NaN,NaN,NaN,NaN,NaN,NaN,NaN,NaN,NaN,NaN,NaN,NaN,NaN,NaN,NaN,NaN,NaN,NaN,NaN,NaN,NaN,NaN,NaN,NaN,NaN,NaN
1000,NaN,NaN,1.601,NaN,NaN,NaN,NaN,NaN,NaN,NaN,NaN,NaN,NaN,NaN,NaN,NaN,NaN,NaN,NaN,NaN,NaN,NaN,NaN,NaN,NaN,NaN,1.3646,-0.14188,NaN,NaN,NaN,NaN,NaN,NaN,NaN,NaN,NaN,NaN,NaN,NaN,NaN
1001,NaN,NaN,-0.826,NaN,NaN,NaN,NaN,NaN,NaN,NaN,NaN,NaN,NaN,NaN,NaN,NaN,NaN,NaN,NaN,NaN,NaN,NaN,NaN,NaN,NaN,NaN,-2.0427,-0.65397,NaN,NaN,NaN,NaN,NaN,NaN,NaN,NaN,NaN,NaN,NaN,NaN,NaN
1002,NaN,NaN,0.283,NaN,NaN,NaN,NaN,NaN,NaN,NaN,NaN,NaN,NaN,NaN,NaN,NaN,NaN,NaN,NaN,NaN,NaN,NaN,NaN,NaN,NaN,NaN,-1.4755,1.8128,NaN,NaN,NaN,NaN,NaN,NaN,NaN,NaN,NaN,NaN,NaN,NaN,NaN
1003,NaN,NaN,-0.239,NaN,NaN,NaN,NaN,NaN,NaN,NaN,NaN,NaN,NaN,NaN,NaN,NaN,NaN,NaN,NaN,NaN,NaN,NaN,NaN,NaN,NaN,NaN,-0.20905,3.0256,NaN,NaN,NaN,NaN,NaN,NaN,NaN,NaN,NaN,NaN,NaN,NaN,NaN
1004,NaN,NaN,0.92,NaN,NaN,NaN,NaN,NaN,NaN,NaN,NaN,NaN,NaN,NaN,NaN,NaN,NaN,NaN,NaN,NaN,NaN,NaN,NaN,NaN,NaN,NaN,0.17639,2.0502,NaN,NaN,NaN,NaN,NaN,NaN,NaN,NaN,NaN,NaN,NaN,NaN,NaN
1005,NaN,NaN,-2.914,NaN,NaN,NaN,NaN,NaN,NaN,NaN,NaN,NaN,NaN,NaN,NaN,NaN,NaN,NaN,NaN,NaN,NaN,NaN,NaN,NaN,NaN,NaN,-1.9993,0.91198,NaN,NaN,NaN,NaN,NaN,NaN,NaN,NaN,NaN,NaN,NaN,NaN,NaN
1006,NaN,NaN,0.67,NaN,NaN,NaN,NaN,NaN,NaN,NaN,NaN,NaN,NaN,NaN,NaN,NaN,NaN,NaN,NaN,NaN,NaN,NaN,NaN,NaN,NaN,NaN,1.6351,1.5668,NaN,NaN,NaN,NaN,NaN,NaN,NaN,NaN,NaN,NaN,NaN,NaN,NaN
1007,NaN,NaN,1.613,NaN,NaN,NaN,NaN,NaN,NaN,NaN,NaN,NaN,NaN,NaN,NaN,NaN,NaN,NaN,NaN,NaN,NaN,NaN,NaN,NaN,NaN,NaN,2.6084,3.0831,NaN,NaN,NaN,NaN,NaN,NaN,NaN,NaN,NaN,NaN,NaN,NaN,NaN
1008,NaN,NaN,0.55,NaN,NaN,NaN,NaN,NaN,NaN,NaN,NaN,NaN,NaN,NaN,NaN,NaN,NaN,NaN,NaN,NaN,NaN,NaN,NaN,NaN,NaN,NaN,2.7409,1.5708,NaN,NaN,NaN,NaN,NaN,NaN,NaN,NaN,NaN,NaN,NaN,NaN,NaN
1009,NaN,NaN,-0.483,NaN,NaN,NaN,NaN,NaN,NaN,NaN,NaN,NaN,NaN,NaN,NaN,NaN,NaN,NaN,NaN,NaN,NaN,NaN,NaN,NaN,NaN,NaN,0.50444,1.2598,NaN,NaN,NaN,NaN,NaN,NaN,NaN,NaN,NaN,NaN,NaN,NaN,NaN
1010,NaN,NaN,-0.0030027,NaN,NaN,NaN,NaN,NaN,NaN,NaN,NaN,NaN,NaN,NaN,NaN,NaN,NaN,NaN,NaN,NaN,NaN,NaN,NaN,NaN,NaN,NaN,-1.0779,-1.4949,NaN,NaN,NaN,NaN,NaN,NaN,NaN,NaN,NaN,NaN,NaN,NaN,NaN
1011,NaN,NaN,-0.234,NaN,NaN,NaN,NaN,NaN,NaN,NaN,NaN,NaN,NaN,NaN,NaN,NaN,NaN,NaN,NaN,NaN,NaN,NaN,NaN,NaN,NaN,NaN,-1.8757,-1.5982,NaN,NaN,NaN,NaN,NaN,NaN,NaN,NaN,NaN,NaN,NaN,NaN,NaN
1012,NaN,NaN,0.034997,NaN,NaN,NaN,NaN,NaN,NaN,NaN,NaN,NaN,NaN,NaN,NaN,NaN,NaN,NaN,NaN,NaN,NaN,NaN,NaN,NaN,NaN,NaN,0.62,0.61944,NaN,NaN,NaN,NaN,NaN,NaN,NaN,NaN,NaN,NaN,NaN,NaN,NaN
1013,NaN,NaN,-0.013003,NaN,NaN,NaN,NaN,NaN,NaN,NaN,NaN,NaN,NaN,NaN,NaN,NaN,NaN,NaN,NaN,NaN,NaN,NaN,NaN,NaN,NaN,NaN,-1.2142,-0.70161,NaN,NaN,NaN,NaN,NaN,NaN,NaN,NaN,NaN,NaN,NaN,NaN,NaN
1014,NaN,NaN,-1.408,NaN,NaN,NaN,NaN,NaN,NaN,NaN,NaN,NaN,NaN,NaN,NaN,NaN,NaN,NaN,NaN,NaN,NaN,NaN,NaN,NaN,NaN,NaN,-2.2768,0.023291,NaN,NaN,NaN,NaN,NaN,NaN,NaN,NaN,NaN,NaN,NaN,NaN,NaN
1015,NaN,NaN,0.405,NaN,NaN,NaN,NaN,NaN,NaN,NaN,NaN,NaN,NaN,NaN,NaN,NaN,NaN,NaN,NaN,NaN,NaN,NaN,NaN,NaN,NaN,NaN,0.41636,0.80014,NaN,NaN,NaN,NaN,NaN,NaN,NaN,NaN,NaN,NaN,NaN,NaN,NaN
1016,NaN,NaN,0.743,NaN,NaN,NaN,NaN,NaN,NaN,NaN,NaN,NaN,NaN,NaN,NaN,NaN,NaN,NaN,NaN,NaN,NaN,NaN,NaN,NaN,NaN,NaN,1.4704,1.5011,NaN,NaN,NaN,NaN,NaN,NaN,NaN,NaN,NaN,NaN,NaN,NaN,NaN
1017,NaN,NaN,0.495,NaN,NaN,NaN,NaN,NaN,NaN,NaN,NaN,NaN,NaN,NaN,NaN,NaN,NaN,NaN,NaN,NaN,NaN,NaN,NaN,NaN,NaN,NaN,0.76203,-0.17002,NaN,NaN,NaN,NaN,NaN,NaN,NaN,NaN,NaN,NaN,NaN,NaN,NaN
1018,NaN,NaN,-0.193,NaN,NaN,NaN,NaN,NaN,NaN,NaN,NaN,NaN,NaN,NaN,NaN,NaN,NaN,NaN,NaN,NaN,NaN,NaN,NaN,NaN,NaN,NaN,3.655,2.4928,NaN,NaN,NaN,NaN,NaN,NaN,NaN,NaN,NaN,NaN,NaN,NaN,NaN
1019,NaN,NaN,-0.738,NaN,NaN,NaN,NaN,NaN,NaN,NaN,NaN,NaN,NaN,NaN,NaN,NaN,NaN,NaN,NaN,NaN,NaN,NaN,NaN,NaN,NaN,NaN,0.84546,0.83932,NaN,NaN,NaN,NaN,NaN,NaN,NaN,NaN,NaN,NaN,NaN,NaN,NaN
1020,NaN,NaN,0.639,NaN,NaN,NaN,NaN,NaN,NaN,NaN,NaN,NaN,NaN,NaN,NaN,NaN,NaN,NaN,NaN,NaN,NaN,NaN,NaN,NaN,NaN,NaN,-0.55272,-1.5049,NaN,NaN,NaN,NaN,NaN,NaN,NaN,NaN,NaN,NaN,NaN,NaN,NaN
1021,NaN,NaN,-0.014003,NaN,NaN,NaN,NaN,NaN,NaN,NaN,NaN,NaN,NaN,NaN,NaN,NaN,NaN,NaN,NaN,NaN,NaN,NaN,NaN,NaN,NaN,NaN,0.034138,-1.5867,NaN,NaN,NaN,NaN,NaN,NaN,NaN,NaN,NaN,NaN,NaN,NaN,NaN
1022,NaN,NaN,-0.913,NaN,NaN,NaN,NaN,NaN,NaN,NaN,NaN,NaN,NaN,NaN,NaN,NaN,NaN,NaN,NaN,NaN,NaN,NaN,NaN,NaN,NaN,NaN,0.14448,-1.9134,NaN,NaN,NaN,NaN,NaN,NaN,NaN,NaN,NaN,NaN,NaN,NaN,NaN
1023,NaN,NaN,0.173,NaN,NaN,NaN,NaN,NaN,NaN,NaN,NaN,NaN,NaN,NaN,NaN,NaN,NaN,NaN,NaN,NaN,NaN,NaN,NaN,NaN,NaN,NaN,0.79815,-0.15224,NaN,NaN,NaN,NaN,NaN,NaN,NaN,NaN,NaN,NaN,NaN,NaN,NaN
1024,NaN,NaN,1.263,NaN,NaN,NaN,NaN,NaN,NaN,NaN,NaN,NaN,NaN,NaN,NaN,NaN,NaN,NaN,NaN,NaN,NaN,NaN,NaN,NaN,NaN,NaN,1.0307,-2.2624,NaN,NaN,NaN,NaN,NaN,NaN,NaN,NaN,NaN,NaN,NaN,NaN,NaN
1025,NaN,NaN,-0.223,NaN,NaN,NaN,NaN,NaN,NaN,NaN,NaN,NaN,NaN,NaN,NaN,NaN,NaN,NaN,NaN,NaN,NaN,NaN,NaN,NaN,NaN,NaN,0.58543,-2.3273,NaN,NaN,NaN,NaN,NaN,NaN,NaN,NaN,NaN,NaN,NaN,NaN,NaN
1026,NaN,NaN,-0.026003,NaN,NaN,NaN,NaN,NaN,NaN,NaN,NaN,NaN,NaN,NaN,NaN,NaN,NaN,NaN,NaN,NaN,NaN,NaN,NaN,NaN,NaN,NaN,-0.014942,-2.7674,NaN,NaN,NaN,NaN,NaN,NaN,NaN,NaN,NaN,NaN,NaN,NaN,NaN
1027,NaN,NaN,-0.453,NaN,NaN,NaN,NaN,NaN,NaN,NaN,NaN,NaN,NaN,NaN,NaN,NaN,NaN,NaN,NaN,NaN,NaN,NaN,NaN,NaN,NaN,NaN,-1.8569,-2.4648,NaN,NaN,NaN,NaN,NaN,NaN,NaN,NaN,NaN,NaN,NaN,NaN,NaN
1028,NaN,NaN,-0.054003,NaN,NaN,NaN,NaN,NaN,NaN,NaN,NaN,NaN,NaN,NaN,NaN,NaN,NaN,NaN,NaN,NaN,NaN,NaN,NaN,NaN,NaN,NaN,-0.047293,-1.6842,NaN,NaN,NaN,NaN,NaN,NaN,NaN,NaN,NaN,NaN,NaN,NaN,NaN
1029,NaN,NaN,0.107,NaN,NaN,NaN,NaN,NaN,NaN,NaN,NaN,NaN,NaN,NaN,NaN,NaN,NaN,NaN,NaN,NaN,NaN,NaN,NaN,NaN,NaN,NaN,0.89575,1.6174,NaN,NaN,NaN,NaN,NaN,NaN,NaN,NaN,NaN,NaN,NaN,NaN,NaN
1030,NaN,NaN,0.258,NaN,NaN,NaN,NaN,NaN,NaN,NaN,NaN,NaN,NaN,NaN,NaN,NaN,NaN,NaN,NaN,NaN,NaN,NaN,NaN,NaN,NaN,NaN,0.53735,2.2479,NaN,NaN,NaN,NaN,NaN,NaN,NaN,NaN,NaN,NaN,NaN,NaN,NaN
1031,NaN,NaN,0.164,NaN,NaN,NaN,NaN,NaN,NaN,NaN,NaN,NaN,NaN,NaN,NaN,NaN,NaN,NaN,NaN,NaN,NaN,NaN,NaN,NaN,NaN,NaN,-0.013834,1.5266,NaN,NaN,NaN,NaN,NaN,NaN,NaN,NaN,NaN,NaN,NaN,NaN,NaN
1032,NaN,NaN,-0.263,NaN,NaN,NaN,NaN,NaN,NaN,NaN,NaN,NaN,NaN,NaN,NaN,NaN,NaN,NaN,NaN,NaN,NaN,NaN,NaN,NaN,NaN,NaN,-0.98126,-0.33622,NaN,NaN,NaN,NaN,NaN,NaN,NaN,NaN,NaN,NaN,NaN,NaN,NaN
1033,NaN,NaN,0.406,NaN,NaN,NaN,NaN,NaN,NaN,NaN,NaN,NaN,NaN,NaN,NaN,NaN,NaN,NaN,NaN,NaN,NaN,NaN,NaN,NaN,NaN,NaN,-1.3296,0.099233,NaN,NaN,NaN,NaN,NaN,NaN,NaN,NaN,NaN,NaN,NaN,NaN,NaN
1034,NaN,NaN,0.592,NaN,NaN,NaN,NaN,NaN,NaN,NaN,NaN,NaN,NaN,NaN,NaN,NaN,NaN,NaN,NaN,NaN,NaN,NaN,NaN,NaN,NaN,NaN,-0.8564,-1.6744,NaN,NaN,NaN,NaN,NaN,NaN,NaN,NaN,NaN,NaN,NaN,NaN,NaN
1035,NaN,NaN,-1.618,NaN,NaN,NaN,NaN,NaN,NaN,NaN,NaN,NaN,NaN,NaN,NaN,NaN,NaN,NaN,NaN,NaN,NaN,NaN,NaN,NaN,NaN,NaN,-2.1723,-0.1336,NaN,NaN,NaN,NaN,NaN,NaN,NaN,NaN,NaN,NaN,NaN,NaN,NaN
1036,NaN,NaN,-0.162,NaN,NaN,NaN,NaN,NaN,NaN,NaN,NaN,NaN,NaN,NaN,NaN,NaN,NaN,NaN,NaN,NaN,NaN,NaN,NaN,NaN,NaN,NaN,-0.40559,-3.1335,NaN,NaN,NaN,NaN,NaN,NaN,NaN,NaN,NaN,NaN,NaN,NaN,NaN
1037,NaN,NaN,0.638,NaN,NaN,NaN,NaN,NaN,NaN,NaN,NaN,NaN,NaN,NaN,NaN,NaN,NaN,NaN,NaN,NaN,NaN,NaN,NaN,NaN,NaN,NaN,-1.2217,-1.2437,NaN,NaN,NaN,NaN,NaN,NaN,NaN,NaN,NaN,NaN,NaN,NaN,NaN
1038,NaN,NaN,0.395,NaN,NaN,NaN,NaN,NaN,NaN,NaN,NaN,NaN,NaN,NaN,NaN,NaN,NaN,NaN,NaN,NaN,NaN,NaN,NaN,NaN,NaN,NaN,0.43985,0.041069,NaN,NaN,NaN,NaN,NaN,NaN,NaN,NaN,NaN,NaN,NaN,NaN,NaN
1039,NaN,NaN,-0.432,NaN,NaN,NaN,NaN,NaN,NaN,NaN,NaN,NaN,NaN,NaN,NaN,NaN,NaN,NaN,NaN,NaN,NaN,NaN,NaN,NaN,NaN,NaN,-0.76455,0.026743,NaN,NaN,NaN,NaN,NaN,NaN,NaN,NaN,NaN,NaN,NaN,NaN,NaN
1040,NaN,NaN,0.072997,NaN,NaN,NaN,NaN,NaN,NaN,NaN,NaN,NaN,NaN,NaN,NaN,NaN,NaN,NaN,NaN,NaN,NaN,NaN,NaN,NaN,NaN,NaN,-0.77618,-1.0102,NaN,NaN,NaN,NaN,NaN,NaN,NaN,NaN,NaN,NaN,NaN,NaN,NaN
1041,NaN,NaN,-0.726,NaN,NaN,NaN,NaN,NaN,NaN,NaN,NaN,NaN,NaN,NaN,NaN,NaN,NaN,NaN,NaN,NaN,NaN,NaN,NaN,NaN,NaN,NaN,-1.8308,-1.1117,NaN,NaN,NaN,NaN,NaN,NaN,NaN,NaN,NaN,NaN,NaN,NaN,NaN
1042,NaN,NaN,0.925,NaN,NaN,NaN,NaN,NaN,NaN,NaN,NaN,NaN,NaN,NaN,NaN,NaN,NaN,NaN,NaN,NaN,NaN,NaN,NaN,NaN,NaN,NaN,-1.1067,-0.58925,NaN,NaN,NaN,NaN,NaN,NaN,NaN,NaN,NaN,NaN,NaN,NaN,NaN
1043,NaN,NaN,0.035997,NaN,NaN,NaN,NaN,NaN,NaN,NaN,NaN,NaN,NaN,NaN,NaN,NaN,NaN,NaN,NaN,NaN,NaN,NaN,NaN,NaN,NaN,NaN,-0.18124,0.88057,NaN,NaN,NaN,NaN,NaN,NaN,NaN,NaN,NaN,NaN,NaN,NaN,NaN
1044,NaN,NaN,-0.783,NaN,NaN,NaN,NaN,NaN,NaN,NaN,NaN,NaN,NaN,NaN,NaN,NaN,NaN,NaN,NaN,NaN,NaN,NaN,NaN,NaN,NaN,NaN,-1.606,-1.2436,NaN,NaN,NaN,NaN,NaN,NaN,NaN,NaN,NaN,NaN,NaN,NaN,NaN
1045,NaN,NaN,0.535,NaN,NaN,NaN,NaN,NaN,NaN,NaN,NaN,NaN,NaN,NaN,NaN,NaN,NaN,NaN,NaN,NaN,NaN,NaN,NaN,NaN,NaN,NaN,-0.68943,-2.5132,NaN,NaN,NaN,NaN,NaN,NaN,NaN,NaN,NaN,NaN,NaN,NaN,NaN
1046,NaN,NaN,-0.151,NaN,NaN,NaN,NaN,NaN,NaN,NaN,NaN,NaN,NaN,NaN,NaN,NaN,NaN,NaN,NaN,NaN,NaN,NaN,NaN,NaN,NaN,NaN,-0.26411,-1.8247,NaN,NaN,NaN,NaN,NaN,NaN,NaN,NaN,NaN,NaN,NaN,NaN,NaN
1047,NaN,NaN,0.549,NaN,NaN,NaN,NaN,NaN,NaN,NaN,NaN,NaN,NaN,NaN,NaN,NaN,NaN,NaN,NaN,NaN,NaN,NaN,NaN,NaN,NaN,NaN,-0.13615,0.86538,NaN,NaN,NaN,NaN,NaN,NaN,NaN,NaN,NaN,NaN,NaN,NaN,NaN
1048,NaN,NaN,-1.194,NaN,NaN,NaN,NaN,NaN,NaN,NaN,NaN,NaN,NaN,NaN,NaN,NaN,NaN,NaN,NaN,NaN,NaN,NaN,NaN,NaN,NaN,NaN,-0.36737,0.11062,NaN,NaN,NaN,NaN,NaN,NaN,NaN,NaN,NaN,NaN,NaN,NaN,NaN
1049,NaN,NaN,0.273,NaN,NaN,NaN,NaN,NaN,NaN,NaN,NaN,NaN,NaN,NaN,NaN,NaN,NaN,NaN,NaN,NaN,NaN,NaN,NaN,NaN,NaN,NaN,1.1099,1.1845,NaN,NaN,NaN,NaN,NaN,NaN,NaN,NaN,NaN,NaN,NaN,NaN,NaN
1050,NaN,NaN,0.401,NaN,NaN,NaN,NaN,NaN,NaN,NaN,NaN,NaN,NaN,NaN,NaN,NaN,NaN,NaN,NaN,NaN,NaN,NaN,NaN,NaN,NaN,NaN,0.5687,-0.7905,NaN,NaN,NaN,NaN,NaN,NaN,NaN,NaN,NaN,NaN,NaN,NaN,NaN
1051,NaN,NaN,-0.466,NaN,NaN,NaN,NaN,NaN,NaN,NaN,NaN,NaN,NaN,NaN,NaN,NaN,NaN,NaN,NaN,NaN,NaN,NaN,NaN,NaN,NaN,NaN,-0.50896,-0.18486,NaN,NaN,NaN,NaN,NaN,NaN,NaN,NaN,NaN,NaN,NaN,NaN,NaN
1052,NaN,NaN,1.011,NaN,NaN,NaN,NaN,NaN,NaN,NaN,NaN,NaN,NaN,NaN,NaN,NaN,NaN,NaN,NaN,NaN,NaN,NaN,NaN,NaN,NaN,NaN,0.23157,-0.88836,NaN,NaN,NaN,NaN,NaN,NaN,NaN,NaN,NaN,NaN,NaN,NaN,NaN
1053,NaN,NaN,-0.071003,NaN,NaN,NaN,NaN,NaN,NaN,NaN,NaN,NaN,NaN,NaN,NaN,NaN,NaN,NaN,NaN,NaN,NaN,NaN,NaN,NaN,NaN,NaN,0.54422,1.2244,NaN,NaN,NaN,NaN,NaN,NaN,NaN,NaN,NaN,NaN,NaN,NaN,NaN
1054,NaN,NaN,0.669,NaN,NaN,NaN,NaN,NaN,NaN,NaN,NaN,NaN,NaN,NaN,NaN,NaN,NaN,NaN,NaN,NaN,NaN,NaN,NaN,NaN,NaN,NaN,-0.98912,0.70901,NaN,NaN,NaN,NaN,NaN,NaN,NaN,NaN,NaN,NaN,NaN,NaN,NaN
1055,NaN,NaN,-1.125,NaN,NaN,NaN,NaN,NaN,NaN,NaN,NaN,NaN,NaN,NaN,NaN,NaN,NaN,NaN,NaN,NaN,NaN,NaN,NaN,NaN,NaN,NaN,0.44351,0.16119,NaN,NaN,NaN,NaN,NaN,NaN,NaN,NaN,NaN,NaN,NaN,NaN,NaN
1056,NaN,NaN,-0.059003,NaN,NaN,NaN,NaN,NaN,NaN,NaN,NaN,NaN,NaN,NaN,NaN,NaN,NaN,NaN,NaN,NaN,NaN,NaN,NaN,NaN,NaN,NaN,0.28076,1.6745,NaN,NaN,NaN,NaN,NaN,NaN,NaN,NaN,NaN,NaN,NaN,NaN,NaN
1057,NaN,NaN,0.707,NaN,NaN,NaN,NaN,NaN,NaN,NaN,NaN,NaN,NaN,NaN,NaN,NaN,NaN,NaN,NaN,NaN,NaN,NaN,NaN,NaN,NaN,NaN,0.99103,0.90111,NaN,NaN,NaN,NaN,NaN,NaN,NaN,NaN,NaN,NaN,NaN,NaN,NaN
1058,NaN,NaN,-0.617,NaN,NaN,NaN,NaN,NaN,NaN,NaN,NaN,NaN,NaN,NaN,NaN,NaN,NaN,NaN,NaN,NaN,NaN,NaN,NaN,NaN,NaN,NaN,-0.048069,0.46755,NaN,NaN,NaN,NaN,NaN,NaN,NaN,NaN,NaN,NaN,NaN,NaN,NaN
1059,NaN,NaN,-0.939,NaN,NaN,NaN,NaN,NaN,NaN,NaN,NaN,NaN,NaN,NaN,NaN,NaN,NaN,NaN,NaN,NaN,NaN,NaN,NaN,NaN,NaN,NaN,0.77344,0.49689,NaN,NaN,NaN,NaN,NaN,NaN,NaN,NaN,NaN,NaN,NaN,NaN,NaN
1060,NaN,NaN,1.019,NaN,NaN,NaN,NaN,NaN,NaN,NaN,NaN,NaN,NaN,NaN,NaN,NaN,NaN,NaN,NaN,NaN,NaN,NaN,NaN,NaN,NaN,NaN,1.0515,1.6314,NaN,NaN,NaN,NaN,NaN,NaN,NaN,NaN,NaN,NaN,NaN,NaN,NaN
1061,NaN,NaN,1.008,NaN,NaN,NaN,NaN,NaN,NaN,NaN,NaN,NaN,NaN,NaN,NaN,NaN,NaN,NaN,NaN,NaN,NaN,NaN,NaN,NaN,NaN,NaN,1.9681,0.076451,NaN,NaN,NaN,NaN,NaN,NaN,NaN,NaN,NaN,NaN,NaN,NaN,NaN
1062,NaN,NaN,-1.868,NaN,NaN,NaN,NaN,NaN,NaN,NaN,NaN,NaN,NaN,NaN,NaN,NaN,NaN,NaN,NaN,NaN,NaN,NaN,NaN,NaN,NaN,NaN,-0.54951,0.0087933,NaN,NaN,NaN,NaN,NaN,NaN,NaN,NaN,NaN,NaN,NaN,NaN,NaN
1063,NaN,NaN,0.050997,NaN,NaN,NaN,NaN,NaN,NaN,NaN,NaN,NaN,NaN,NaN,NaN,NaN,NaN,NaN,NaN,NaN,NaN,NaN,NaN,NaN,NaN,NaN,1.1198,0.33241,NaN,NaN,NaN,NaN,NaN,NaN,NaN,NaN,NaN,NaN,NaN,NaN,NaN
1064,NaN,NaN,0.609,NaN,NaN,NaN,NaN,NaN,NaN,NaN,NaN,NaN,NaN,NaN,NaN,NaN,NaN,NaN,NaN,NaN,NaN,NaN,NaN,NaN,NaN,NaN,0.41592,1.0116,NaN,NaN,NaN,NaN,NaN,NaN,NaN,NaN,NaN,NaN,NaN,NaN,NaN
1065,NaN,NaN,1.679,NaN,NaN,NaN,NaN,NaN,NaN,NaN,NaN,NaN,NaN,NaN,NaN,NaN,NaN,NaN,NaN,NaN,NaN,NaN,NaN,NaN,NaN,NaN,1.0804,-0.72784,NaN,NaN,NaN,NaN,NaN,NaN,NaN,NaN,NaN,NaN,NaN,NaN,NaN
1066,NaN,NaN,0.758,NaN,NaN,NaN,NaN,NaN,NaN,NaN,NaN,NaN,NaN,NaN,NaN,NaN,NaN,NaN,NaN,NaN,NaN,NaN,NaN,NaN,NaN,NaN,-0.17725,-0.5171,NaN,NaN,NaN,NaN,NaN,NaN,NaN,NaN,NaN,NaN,NaN,NaN,NaN
1067,NaN,NaN,-1.985,NaN,NaN,NaN,NaN,NaN,NaN,NaN,NaN,NaN,NaN,NaN,NaN,NaN,NaN,NaN,NaN,NaN,NaN,NaN,NaN,NaN,NaN,NaN,-1.2979,-1.0247,NaN,NaN,NaN,NaN,NaN,NaN,NaN,NaN,NaN,NaN,NaN,NaN,NaN
1068,NaN,NaN,-0.963,NaN,NaN,NaN,NaN,NaN,NaN,NaN,NaN,NaN,NaN,NaN,NaN,NaN,NaN,NaN,NaN,NaN,NaN,NaN,NaN,NaN,NaN,NaN,-0.90813,-0.6935,NaN,NaN,NaN,NaN,NaN,NaN,NaN,NaN,NaN,NaN,NaN,NaN,NaN
1069,NaN,NaN,0.0059973,NaN,NaN,NaN,NaN,NaN,NaN,NaN,NaN,NaN,NaN,NaN,NaN,NaN,NaN,NaN,NaN,NaN,NaN,NaN,NaN,NaN,NaN,NaN,-0.77253,-1.2006,NaN,NaN,NaN,NaN,NaN,NaN,NaN,NaN,NaN,NaN,NaN,NaN,NaN
1070,NaN,NaN,0.48,NaN,NaN,NaN,NaN,NaN,NaN,NaN,NaN,NaN,NaN,NaN,NaN,NaN,NaN,NaN,NaN,NaN,NaN,NaN,NaN,NaN,NaN,NaN,-0.71636,-0.94549,NaN,NaN,NaN,NaN,NaN,NaN,NaN,NaN,NaN,NaN,NaN,NaN,NaN
1071,NaN,NaN,0.124,NaN,NaN,NaN,NaN,NaN,NaN,NaN,NaN,NaN,NaN,NaN,NaN,NaN,NaN,NaN,NaN,NaN,NaN,NaN,NaN,NaN,NaN,NaN,-0.71813,-0.63119,NaN,NaN,NaN,NaN,NaN,NaN,NaN,NaN,NaN,NaN,NaN,NaN,NaN
1072,NaN,NaN,0.518,NaN,NaN,NaN,NaN,NaN,NaN,NaN,NaN,NaN,NaN,NaN,NaN,NaN,NaN,NaN,NaN,NaN,NaN,NaN,NaN,NaN,NaN,NaN,0.45592,0.30359,NaN,NaN,NaN,NaN,NaN,NaN,NaN,NaN,NaN,NaN,NaN,NaN,NaN
1073,NaN,NaN,-0.171,NaN,NaN,NaN,NaN,NaN,NaN,NaN,NaN,NaN,NaN,NaN,NaN,NaN,NaN,NaN,NaN,NaN,NaN,NaN,NaN,NaN,NaN,NaN,-0.80687,-1.2967,NaN,NaN,NaN,NaN,NaN,NaN,NaN,NaN,NaN,NaN,NaN,NaN,NaN
1074,NaN,NaN,-0.532,NaN,NaN,NaN,NaN,NaN,NaN,NaN,NaN,NaN,NaN,NaN,NaN,NaN,NaN,NaN,NaN,NaN,NaN,NaN,NaN,NaN,NaN,NaN,-0.71481,-1.5012,NaN,NaN,NaN,NaN,NaN,NaN,NaN,NaN,NaN,NaN,NaN,NaN,NaN
1075,NaN,NaN,-0.617,NaN,NaN,NaN,NaN,NaN,NaN,NaN,NaN,NaN,NaN,NaN,NaN,NaN,NaN,NaN,NaN,NaN,NaN,NaN,NaN,NaN,NaN,NaN,0.86241,-0.71576,NaN,NaN,NaN,NaN,NaN,NaN,NaN,NaN,NaN,NaN,NaN,NaN,NaN
1076,NaN,NaN,0.694,NaN,NaN,NaN,NaN,NaN,NaN,NaN,NaN,NaN,NaN,NaN,NaN,NaN,NaN,NaN,NaN,NaN,NaN,NaN,NaN,NaN,NaN,NaN,0.79771,0.68174,NaN,NaN,NaN,NaN,NaN,NaN,NaN,NaN,NaN,NaN,NaN,NaN,NaN
1077,NaN,NaN,0.245,NaN,NaN,NaN,NaN,NaN,NaN,NaN,NaN,NaN,NaN,NaN,NaN,NaN,NaN,NaN,NaN,NaN,NaN,NaN,NaN,NaN,NaN,NaN,1.9571,2.2327,NaN,NaN,NaN,NaN,NaN,NaN,NaN,NaN,NaN,NaN,NaN,NaN,NaN
1078,NaN,NaN,-0.266,NaN,NaN,NaN,NaN,NaN,NaN,NaN,NaN,NaN,NaN,NaN,NaN,NaN,NaN,NaN,NaN,NaN,NaN,NaN,NaN,NaN,NaN,NaN,0.55773,0.20659,NaN,NaN,NaN,NaN,NaN,NaN,NaN,NaN,NaN,NaN,NaN,NaN,NaN
1079,NaN,NaN,0.806,NaN,NaN,NaN,NaN,NaN,NaN,NaN,NaN,NaN,NaN,NaN,NaN,NaN,NaN,NaN,NaN,NaN,NaN,NaN,NaN,NaN,NaN,NaN,1.7262,1.1182,NaN,NaN,NaN,NaN,NaN,NaN,NaN,NaN,NaN,NaN,NaN,NaN,NaN
1080,NaN,NaN,0.301,NaN,NaN,NaN,NaN,NaN,NaN,NaN,NaN,NaN,NaN,NaN,NaN,NaN,NaN,NaN,NaN,NaN,NaN,NaN,NaN,NaN,NaN,NaN,0.81355,0.90888,NaN,NaN,NaN,NaN,NaN,NaN,NaN,NaN,NaN,NaN,NaN,NaN,NaN
1081,NaN,NaN,-1.194,NaN,NaN,NaN,NaN,NaN,NaN,NaN,NaN,NaN,NaN,NaN,NaN,NaN,NaN,NaN,NaN,NaN,NaN,NaN,NaN,NaN,NaN,NaN,1.1264,0.89749,NaN,NaN,NaN,NaN,NaN,NaN,NaN,NaN,NaN,NaN,NaN,NaN,NaN
1082,NaN,NaN,1.048,NaN,NaN,NaN,NaN,NaN,NaN,NaN,NaN,NaN,NaN,NaN,NaN,NaN,NaN,NaN,NaN,NaN,NaN,NaN,NaN,NaN,NaN,NaN,0.63008,0.90335,NaN,NaN,NaN,NaN,NaN,NaN,NaN,NaN,NaN,NaN,NaN,NaN,NaN
1083,NaN,NaN,-0.943,NaN,NaN,NaN,NaN,NaN,NaN,NaN,NaN,NaN,NaN,NaN,NaN,NaN,NaN,NaN,NaN,NaN,NaN,NaN,NaN,NaN,NaN,NaN,-0.85374,0.34794,NaN,NaN,NaN,NaN,NaN,NaN,NaN,NaN,NaN,NaN,NaN,NaN,NaN
1084,NaN,NaN,0.892,NaN,NaN,NaN,NaN,NaN,NaN,NaN,NaN,NaN,NaN,NaN,NaN,NaN,NaN,NaN,NaN,NaN,NaN,NaN,NaN,NaN,NaN,NaN,0.56172,0.98793,NaN,NaN,NaN,NaN,NaN,NaN,NaN,NaN,NaN,NaN,NaN,NaN,NaN
1085,NaN,NaN,-0.851,NaN,NaN,NaN,NaN,NaN,NaN,NaN,NaN,NaN,NaN,NaN,NaN,NaN,NaN,NaN,NaN,NaN,NaN,NaN,NaN,NaN,NaN,NaN,0.68193,1.6918,NaN,NaN,NaN,NaN,NaN,NaN,NaN,NaN,NaN,NaN,NaN,NaN,NaN
1086,NaN,NaN,-0.747,NaN,NaN,NaN,NaN,NaN,NaN,NaN,NaN,NaN,NaN,NaN,NaN,NaN,NaN,NaN,NaN,NaN,NaN,NaN,NaN,NaN,NaN,NaN,0.43066,0.051942,NaN,NaN,NaN,NaN,NaN,NaN,NaN,NaN,NaN,NaN,NaN,NaN,NaN
1087,NaN,NaN,0.938,NaN,NaN,NaN,NaN,NaN,NaN,NaN,NaN,NaN,NaN,NaN,NaN,NaN,NaN,NaN,NaN,NaN,NaN,NaN,NaN,NaN,NaN,NaN,1.6139,0.45599,NaN,NaN,NaN,NaN,NaN,NaN,NaN,NaN,NaN,NaN,NaN,NaN,NaN
1088,NaN,NaN,1.118,NaN,NaN,NaN,NaN,NaN,NaN,NaN,NaN,NaN,NaN,NaN,NaN,NaN,NaN,NaN,NaN,NaN,NaN,NaN,NaN,NaN,NaN,NaN,1.1466,1.7522,NaN,NaN,NaN,NaN,NaN,NaN,NaN,NaN,NaN,NaN,NaN,NaN,NaN
1089,NaN,NaN,0.96,NaN,NaN,NaN,NaN,NaN,NaN,NaN,NaN,NaN,NaN,NaN,NaN,NaN,NaN,NaN,NaN,NaN,NaN,NaN,NaN,NaN,NaN,NaN,3.1687,0.90612,NaN,NaN,NaN,NaN,NaN,NaN,NaN,NaN,NaN,NaN,NaN,NaN,NaN
1090,NaN,NaN,-2.222,NaN,NaN,NaN,NaN,NaN,NaN,NaN,NaN,NaN,NaN,NaN,NaN,NaN,NaN,NaN,NaN,NaN,NaN,NaN,NaN,NaN,NaN,NaN,0.64127,1.411,NaN,NaN,NaN,NaN,NaN,NaN,NaN,NaN,NaN,NaN,NaN,NaN,NaN
1091,NaN,NaN,-0.668,NaN,NaN,NaN,NaN,NaN,NaN,NaN,NaN,NaN,NaN,NaN,NaN,NaN,NaN,NaN,NaN,NaN,NaN,NaN,NaN,NaN,NaN,NaN,-1.0954,0.81412,NaN,NaN,NaN,NaN,NaN,NaN,NaN,NaN,NaN,NaN,NaN,NaN,NaN
1092,NaN,NaN,0.95,NaN,NaN,NaN,NaN,NaN,NaN,NaN,NaN,NaN,NaN,NaN,NaN,NaN,NaN,NaN,NaN,NaN,NaN,NaN,NaN,NaN,NaN,NaN,-0.44204,-0.6236,NaN,NaN,NaN,NaN,NaN,NaN,NaN,NaN,NaN,NaN,NaN,NaN,NaN
1093,NaN,NaN,-0.567,NaN,NaN,NaN,NaN,NaN,NaN,NaN,NaN,NaN,NaN,NaN,NaN,NaN,NaN,NaN,NaN,NaN,NaN,NaN,NaN,NaN,NaN,NaN,-0.20617,-0.72215,NaN,NaN,NaN,NaN,NaN,NaN,NaN,NaN,NaN,NaN,NaN,NaN,NaN
1094,NaN,NaN,0.011997,NaN,NaN,NaN,NaN,NaN,NaN,NaN,NaN,NaN,NaN,NaN,NaN,NaN,NaN,NaN,NaN,NaN,NaN,NaN,NaN,NaN,NaN,NaN,-1.2026,-0.6034,NaN,NaN,NaN,NaN,NaN,NaN,NaN,NaN,NaN,NaN,NaN,NaN,NaN
1095,NaN,NaN,0.389,NaN,NaN,NaN,NaN,NaN,NaN,NaN,NaN,NaN,NaN,NaN,NaN,NaN,NaN,NaN,NaN,NaN,NaN,NaN,NaN,NaN,NaN,NaN,-0.86936,-0.17036,NaN,NaN,NaN,NaN,NaN,NaN,NaN,NaN,NaN,NaN,NaN,NaN,NaN
1096,NaN,NaN,1.07,NaN,NaN,NaN,NaN,NaN,NaN,NaN,NaN,NaN,NaN,NaN,NaN,NaN,NaN,NaN,NaN,NaN,NaN,NaN,NaN,NaN,NaN,NaN,1.7646,0.81102,NaN,NaN,NaN,NaN,NaN,NaN,NaN,NaN,NaN,NaN,NaN,NaN,NaN
1097,NaN,NaN,-0.362,NaN,NaN,NaN,NaN,NaN,NaN,NaN,NaN,NaN,NaN,NaN,NaN,NaN,NaN,NaN,NaN,NaN,NaN,NaN,NaN,NaN,NaN,NaN,-0.87512,0.14618,NaN,NaN,NaN,NaN,NaN,NaN,NaN,NaN,NaN,NaN,NaN,NaN,NaN
1098,NaN,NaN,-0.71,NaN,NaN,NaN,NaN,NaN,NaN,NaN,NaN,NaN,NaN,NaN,NaN,NaN,NaN,NaN,NaN,NaN,NaN,NaN,NaN,NaN,NaN,NaN,-2.1952,-0.42649,NaN,NaN,NaN,NaN,NaN,NaN,NaN,NaN,NaN,NaN,NaN,NaN,NaN
1099,NaN,NaN,-0.707,NaN,NaN,NaN,NaN,NaN,NaN,NaN,NaN,NaN,NaN,NaN,NaN,NaN,NaN,NaN,NaN,NaN,NaN,NaN,NaN,NaN,NaN,NaN,-2.3927,-0.75511,NaN,NaN,NaN,NaN,NaN,NaN,NaN,NaN,NaN,NaN,NaN,NaN,NaN
1100,NaN,NaN,0.573,NaN,NaN,NaN,NaN,NaN,NaN,NaN,NaN,NaN,NaN,NaN,NaN,NaN,NaN,NaN,NaN,NaN,NaN,NaN,NaN,NaN,NaN,NaN,-1.0709,0.35623,NaN,NaN,-0.12922,0.30705,-0.2802,-0.11581,NaN,NaN,NaN,NaN,NaN,NaN,NaN
1101,NaN,NaN,-0.221,NaN,NaN,NaN,NaN,NaN,NaN,NaN,NaN,NaN,NaN,NaN,NaN,NaN,NaN,NaN,NaN,NaN,NaN,NaN,NaN,NaN,NaN,NaN,-1.6604,-1.4759,NaN,NaN,-0.12922,0.30705,-0.2802,-0.11581,NaN,NaN,NaN,NaN,NaN,NaN,NaN
1102,NaN,NaN,0.644,NaN,NaN,NaN,NaN,NaN,NaN,NaN,NaN,NaN,NaN,NaN,NaN,NaN,NaN,NaN,NaN,NaN,NaN,NaN,NaN,NaN,NaN,NaN,-0.27331,-0.78911,NaN,NaN,0.67237,0.30705,0.56133,0.64168,NaN,NaN,NaN,NaN,NaN,NaN,NaN
1103,NaN,NaN,0.029997,NaN,NaN,NaN,NaN,NaN,NaN,NaN,NaN,NaN,NaN,NaN,NaN,NaN,NaN,NaN,NaN,NaN,NaN,NaN,NaN,NaN,NaN,NaN,0.034027,-0.44548,NaN,NaN,0.37177,0.30705,0.24576,0.35762,NaN,NaN,NaN,NaN,NaN,NaN,NaN
1104,NaN,NaN,-0.373,NaN,NaN,NaN,NaN,NaN,NaN,NaN,NaN,NaN,NaN,NaN,NaN,NaN,NaN,NaN,NaN,NaN,NaN,NaN,NaN,NaN,NaN,NaN,-0.042972,1.4995,NaN,NaN,-0.12922,0.30705,-0.2802,-0.11581,NaN,NaN,NaN,NaN,NaN,NaN,NaN
1105,NaN,NaN,0.081997,NaN,NaN,NaN,NaN,NaN,NaN,NaN,NaN,NaN,NaN,NaN,NaN,NaN,NaN,NaN,NaN,NaN,NaN,NaN,NaN,NaN,NaN,NaN,-1.3361,-0.040914,NaN,NaN,-0.42982,0.30705,-0.59577,-0.39987,NaN,NaN,NaN,NaN,NaN,NaN,NaN
1106,NaN,NaN,0.517,NaN,NaN,NaN,NaN,NaN,NaN,NaN,NaN,NaN,NaN,NaN,NaN,NaN,NaN,NaN,NaN,NaN,NaN,NaN,NaN,NaN,NaN,NaN,-0.020371,1.077,NaN,NaN,0.071173,0.30705,-0.069816,0.073563,NaN,NaN,NaN,NaN,NaN,NaN,NaN
1107,NaN,NaN,-0.011003,NaN,NaN,NaN,NaN,NaN,NaN,NaN,NaN,NaN,NaN,NaN,NaN,NaN,NaN,NaN,NaN,NaN,NaN,NaN,NaN,NaN,NaN,NaN,-0.43628,1.7579,NaN,NaN,-0.029025,0.30705,-0.17501,-0.021123,NaN,NaN,NaN,NaN,NaN,NaN,NaN
1108,NaN,NaN,-1.171,NaN,NaN,NaN,NaN,NaN,NaN,NaN,NaN,NaN,NaN,NaN,NaN,NaN,NaN,NaN,NaN,NaN,NaN,NaN,NaN,NaN,NaN,NaN,0.43287,0.48291,NaN,NaN,-0.73042,0.30705,-0.91134,-0.68392,NaN,NaN,NaN,NaN,NaN,NaN,NaN
1109,NaN,NaN,0.414,NaN,NaN,NaN,NaN,NaN,NaN,NaN,NaN,NaN,NaN,NaN,NaN,NaN,NaN,NaN,NaN,NaN,NaN,NaN,NaN,NaN,NaN,NaN,0.63351,0.26631,NaN,NaN,0.37177,0.30705,0.24576,0.35762,NaN,NaN,NaN,NaN,NaN,NaN,NaN
1110,NaN,NaN,0.571,NaN,NaN,NaN,NaN,NaN,NaN,NaN,NaN,NaN,NaN,NaN,NaN,NaN,NaN,NaN,NaN,NaN,NaN,NaN,NaN,NaN,NaN,NaN,0.42323,-0.051788,NaN,NaN,0.47197,0.30705,0.35095,0.45231,NaN,NaN,NaN,NaN,NaN,NaN,NaN
1111,NaN,NaN,-0.236,NaN,NaN,NaN,NaN,NaN,NaN,NaN,NaN,NaN,NaN,NaN,NaN,NaN,NaN,NaN,NaN,NaN,NaN,NaN,NaN,NaN,NaN,NaN,0.83294,1.4047,NaN,NaN,-0.12922,0.30705,-0.2802,-0.11581,NaN,NaN,NaN,NaN,NaN,NaN,NaN
1112,NaN,NaN,0.236,NaN,NaN,NaN,NaN,NaN,NaN,NaN,NaN,NaN,NaN,NaN,NaN,NaN,NaN,NaN,NaN,NaN,NaN,NaN,NaN,NaN,NaN,NaN,1.0389,-0.21127,NaN,NaN,0.27157,0.30705,0.14057,0.26293,NaN,NaN,NaN,NaN,NaN,NaN,NaN
1113,NaN,NaN,-0.147,NaN,NaN,NaN,NaN,NaN,NaN,NaN,NaN,NaN,NaN,NaN,NaN,NaN,NaN,NaN,NaN,NaN,NaN,NaN,NaN,NaN,NaN,NaN,0.62443,0.31463,NaN,NaN,-0.22942,0.30705,-0.38539,-0.21049,NaN,NaN,NaN,NaN,NaN,NaN,NaN
1114,NaN,NaN,-0.285,NaN,NaN,NaN,NaN,NaN,NaN,NaN,NaN,NaN,NaN,NaN,NaN,NaN,NaN,NaN,NaN,NaN,NaN,NaN,NaN,NaN,NaN,NaN,-0.80765,0.60839,NaN,NaN,0.37177,0.30705,0.24576,0.35762,NaN,NaN,NaN,NaN,NaN,NaN,NaN
1115,NaN,NaN,-0.936,NaN,NaN,NaN,NaN,NaN,NaN,NaN,NaN,NaN,NaN,NaN,NaN,NaN,NaN,NaN,NaN,NaN,NaN,NaN,NaN,NaN,NaN,NaN,0.77654,1.365,NaN,NaN,0.57217,0.30705,0.45614,0.54699,NaN,NaN,NaN,NaN,NaN,NaN,NaN
1116,NaN,NaN,0.966,NaN,NaN,NaN,NaN,NaN,NaN,NaN,NaN,NaN,NaN,NaN,NaN,NaN,NaN,NaN,NaN,NaN,NaN,NaN,NaN,NaN,NaN,NaN,0.19157,0.55281,NaN,NaN,0.87276,0.30705,0.77171,0.83105,NaN,NaN,NaN,NaN,NaN,NaN,NaN
1117,NaN,NaN,0.568,NaN,NaN,NaN,NaN,NaN,NaN,NaN,NaN,NaN,NaN,NaN,NaN,NaN,NaN,NaN,NaN,NaN,NaN,NaN,NaN,NaN,NaN,NaN,1.1522,0.2216,NaN,NaN,0.97296,0.30705,0.8769,0.92573,NaN,NaN,NaN,NaN,NaN,NaN,NaN
1118,NaN,NaN,0.195,NaN,NaN,NaN,NaN,NaN,NaN,NaN,NaN,NaN,NaN,NaN,NaN,NaN,NaN,NaN,NaN,NaN,NaN,NaN,NaN,NaN,NaN,NaN,0.71771,-0.018132,NaN,NaN,0.77256,0.30705,0.66652,0.73636,NaN,NaN,NaN,NaN,NaN,NaN,NaN
1119,NaN,NaN,-0.11,NaN,NaN,NaN,NaN,NaN,NaN,NaN,NaN,NaN,NaN,NaN,NaN,NaN,NaN,NaN,NaN,NaN,NaN,NaN,NaN,NaN,NaN,NaN,0.19057,-1.7059,NaN,NaN,0.17137,0.30705,0.035375,0.16825,NaN,NaN,NaN,NaN,NaN,NaN,NaN
1120,NaN,NaN,0.156,NaN,NaN,NaN,NaN,NaN,NaN,NaN,NaN,NaN,NaN,NaN,NaN,NaN,NaN,NaN,NaN,NaN,NaN,NaN,NaN,NaN,NaN,NaN,-1.2117,0.58302,NaN,NaN,0.47197,0.30705,0.35095,0.45231,NaN,NaN,NaN,NaN,NaN,NaN,NaN
1121,NaN,NaN,-1.569,NaN,NaN,NaN,NaN,NaN,NaN,NaN,NaN,NaN,NaN,NaN,NaN,NaN,NaN,NaN,NaN,NaN,NaN,NaN,NaN,NaN,NaN,NaN,-1.3906,-1.2071,NaN,NaN,-0.63022,0.30705,-0.80615,-0.58924,NaN,NaN,NaN,NaN,NaN,NaN,NaN
1122,NaN,NaN,1.686,NaN,NaN,NaN,NaN,NaN,NaN,NaN,NaN,NaN,NaN,NaN,NaN,NaN,NaN,NaN,NaN,NaN,NaN,NaN,NaN,NaN,NaN,NaN,1.6039,-1.2769,NaN,NaN,0.87276,0.30705,0.77171,0.83105,NaN,NaN,NaN,NaN,NaN,NaN,NaN
1123,NaN,NaN,-0.595,NaN,NaN,NaN,NaN,NaN,NaN,NaN,NaN,NaN,NaN,NaN,NaN,NaN,NaN,NaN,NaN,NaN,NaN,NaN,NaN,NaN,NaN,NaN,0.87925,-0.59753,NaN,NaN,0.27157,0.30705,0.14057,0.26293,NaN,NaN,NaN,NaN,NaN,NaN,NaN
1124,NaN,NaN,0.407,NaN,NaN,NaN,NaN,NaN,NaN,NaN,NaN,NaN,NaN,NaN,NaN,NaN,NaN,NaN,NaN,NaN,NaN,NaN,NaN,NaN,NaN,NaN,1.2179,0.70918,NaN,NaN,0.37177,0.30705,0.24576,0.35762,NaN,NaN,NaN,NaN,NaN,NaN,NaN
1125,NaN,NaN,0.668,NaN,NaN,NaN,NaN,NaN,NaN,NaN,NaN,NaN,NaN,NaN,NaN,NaN,NaN,NaN,NaN,NaN,NaN,NaN,NaN,NaN,NaN,NaN,0.3079,0.10458,NaN,NaN,0.071173,0.30705,-0.069816,0.073563,NaN,NaN,NaN,NaN,NaN,NaN,NaN
1126,NaN,NaN,-2.334,NaN,NaN,NaN,NaN,NaN,NaN,NaN,NaN,NaN,NaN,NaN,NaN,NaN,NaN,NaN,NaN,NaN,NaN,NaN,NaN,NaN,NaN,NaN,-1.4759,-0.95808,NaN,NaN,-0.83062,0.30705,-1.0165,-0.77861,NaN,NaN,NaN,NaN,NaN,NaN,NaN
1127,NaN,NaN,-0.154,NaN,NaN,NaN,NaN,NaN,NaN,NaN,NaN,NaN,NaN,NaN,NaN,NaN,NaN,NaN,NaN,NaN,NaN,NaN,NaN,NaN,NaN,NaN,0.22359,-0.64396,NaN,NaN,-0.32962,0.30705,-0.49058,-0.30518,NaN,NaN,NaN,NaN,NaN,NaN,NaN
1128,NaN,NaN,1.487,NaN,NaN,NaN,NaN,NaN,NaN,NaN,NaN,NaN,NaN,NaN,NaN,NaN,NaN,NaN,NaN,NaN,NaN,NaN,NaN,NaN,NaN,NaN,0.46024,0.3602,NaN,NaN,0.37177,0.30705,0.24576,0.35762,NaN,NaN,NaN,NaN,NaN,NaN,NaN
1129,NaN,NaN,1.48,NaN,NaN,NaN,NaN,NaN,NaN,NaN,NaN,NaN,NaN,NaN,NaN,NaN,NaN,NaN,NaN,NaN,NaN,NaN,NaN,NaN,NaN,NaN,1.7419,0.70245,NaN,NaN,0.67237,0.30705,0.56133,0.64168,NaN,NaN,NaN,NaN,NaN,NaN,NaN
1130,NaN,NaN,-0.94,NaN,NaN,NaN,NaN,NaN,NaN,NaN,NaN,NaN,NaN,NaN,NaN,NaN,NaN,NaN,NaN,NaN,NaN,NaN,NaN,NaN,NaN,NaN,0.64681,0.30704,NaN,NaN,-0.32962,0.30705,-0.49058,-0.30518,NaN,NaN,NaN,NaN,NaN,NaN,NaN
1131,NaN,NaN,-0.676,NaN,NaN,NaN,NaN,NaN,NaN,NaN,NaN,NaN,NaN,NaN,NaN,NaN,NaN,NaN,NaN,NaN,NaN,NaN,NaN,NaN,NaN,NaN,-0.60523,0.33189,NaN,NaN,-0.73042,0.30705,-0.91134,-0.68392,NaN,NaN,NaN,NaN,NaN,NaN,NaN
1132,NaN,NaN,-0.052003,NaN,NaN,NaN,NaN,NaN,NaN,NaN,NaN,NaN,NaN,NaN,NaN,NaN,NaN,NaN,NaN,NaN,NaN,NaN,NaN,NaN,NaN,NaN,-0.20927,2.0452,NaN,NaN,-0.53002,0.30705,-0.70096,-0.49455,NaN,NaN,NaN,NaN,NaN,NaN,NaN
1133,NaN,NaN,0.093997,NaN,NaN,NaN,NaN,NaN,NaN,NaN,NaN,NaN,NaN,NaN,NaN,NaN,NaN,NaN,NaN,NaN,NaN,NaN,NaN,NaN,NaN,NaN,-0.67547,-1.4764,NaN,NaN,-0.53002,0.30705,-0.70096,-0.49455,NaN,NaN,NaN,NaN,NaN,NaN,NaN
1134,NaN,NaN,-0.549,NaN,NaN,NaN,NaN,NaN,NaN,NaN,NaN,NaN,NaN,NaN,NaN,NaN,NaN,NaN,NaN,NaN,NaN,NaN,NaN,NaN,NaN,NaN,-1.7031,-1.7427,NaN,NaN,-1.1312,0.30705,-1.3321,-1.0627,NaN,NaN,NaN,NaN,NaN,NaN,NaN
1135,NaN,NaN,-0.618,NaN,NaN,NaN,NaN,NaN,NaN,NaN,NaN,NaN,NaN,NaN,NaN,NaN,NaN,NaN,NaN,NaN,NaN,NaN,NaN,NaN,NaN,NaN,-1.9969,-0.11893,NaN,NaN,-0.53002,0.30705,-0.70096,-0.49455,NaN,NaN,NaN,NaN,NaN,NaN,NaN
1136,NaN,NaN,1.141,NaN,NaN,NaN,NaN,NaN,NaN,NaN,NaN,NaN,NaN,NaN,NaN,NaN,NaN,NaN,NaN,NaN,NaN,NaN,NaN,NaN,NaN,NaN,-0.82349,-1.3164,NaN,NaN,0.37177,0.30705,0.24576,0.35762,NaN,NaN,NaN,NaN,NaN,NaN,NaN
1137,NaN,NaN,0.109,NaN,NaN,NaN,NaN,NaN,NaN,NaN,NaN,NaN,NaN,NaN,NaN,NaN,NaN,NaN,NaN,NaN,NaN,NaN,NaN,NaN,NaN,NaN,-0.4642,-1.6583,NaN,NaN,-0.22942,0.30705,-0.38539,-0.21049,NaN,NaN,NaN,NaN,NaN,NaN,NaN
1138,NaN,NaN,-0.63,NaN,NaN,NaN,NaN,NaN,NaN,NaN,NaN,NaN,NaN,NaN,NaN,NaN,NaN,NaN,NaN,NaN,NaN,NaN,NaN,NaN,NaN,NaN,-0.94314,-1.5037,NaN,NaN,-0.83062,0.30705,-1.0165,-0.77861,NaN,NaN,NaN,NaN,NaN,NaN,NaN
1139,NaN,NaN,0.915,NaN,NaN,NaN,NaN,NaN,NaN,NaN,NaN,NaN,NaN,NaN,NaN,NaN,NaN,NaN,NaN,NaN,NaN,NaN,NaN,NaN,NaN,NaN,0.059952,-0.089241,NaN,NaN,0.47197,0.30705,0.35095,0.45231,NaN,NaN,NaN,NaN,NaN,NaN,NaN
1140,NaN,NaN,-1.308,NaN,NaN,NaN,NaN,NaN,NaN,NaN,NaN,NaN,NaN,NaN,NaN,NaN,NaN,NaN,NaN,NaN,NaN,NaN,NaN,NaN,NaN,NaN,-1.1531,0.48809,NaN,NaN,-0.22942,0.30705,-0.38539,-0.21049,NaN,NaN,NaN,NaN,NaN,NaN,NaN
1141,NaN,NaN,0.797,NaN,NaN,NaN,NaN,NaN,NaN,NaN,NaN,NaN,NaN,NaN,NaN,NaN,NaN,NaN,NaN,NaN,NaN,NaN,NaN,NaN,NaN,NaN,0.13163,-0.30878,NaN,NaN,0.77256,0.30705,0.66652,0.73636,NaN,NaN,NaN,NaN,NaN,NaN,NaN
1142,NaN,NaN,0.521,NaN,NaN,NaN,NaN,NaN,NaN,NaN,NaN,NaN,NaN,NaN,NaN,NaN,NaN,NaN,NaN,NaN,NaN,NaN,NaN,NaN,NaN,NaN,-0.83911,-0.85177,NaN,NaN,0.27157,0.30705,0.14057,0.26293,NaN,NaN,NaN,NaN,NaN,NaN,NaN
1143,NaN,NaN,-0.275,NaN,NaN,NaN,NaN,NaN,NaN,NaN,NaN,NaN,NaN,NaN,NaN,NaN,NaN,NaN,NaN,NaN,NaN,NaN,NaN,NaN,NaN,NaN,-0.91246,-1.1479,NaN,NaN,-0.22942,0.30705,-0.38539,-0.21049,NaN,NaN,NaN,NaN,NaN,NaN,NaN
1144,NaN,NaN,0.524,NaN,NaN,NaN,NaN,NaN,NaN,NaN,NaN,NaN,NaN,NaN,NaN,NaN,NaN,NaN,NaN,NaN,NaN,NaN,NaN,NaN,NaN,NaN,-0.19331,0.38574,NaN,NaN,0.17137,0.30705,0.035375,0.16825,NaN,NaN,NaN,NaN,NaN,NaN,NaN
1145,NaN,NaN,0.706,NaN,NaN,NaN,NaN,NaN,NaN,NaN,NaN,NaN,NaN,NaN,NaN,NaN,NaN,NaN,NaN,NaN,NaN,NaN,NaN,NaN,NaN,NaN,-0.37401,0.99863,NaN,NaN,0.67237,0.30705,0.56133,0.64168,NaN,NaN,NaN,NaN,NaN,NaN,NaN
1146,NaN,NaN,-1.405,NaN,NaN,NaN,NaN,NaN,NaN,NaN,NaN,NaN,NaN,NaN,NaN,NaN,NaN,NaN,NaN,NaN,NaN,NaN,NaN,NaN,NaN,NaN,-1.3392,0.5875,NaN,NaN,-1.1312,0.30705,-1.3321,-1.0627,NaN,NaN,NaN,NaN,NaN,NaN,NaN
1147,NaN,NaN,0.196,NaN,NaN,NaN,NaN,NaN,NaN,NaN,NaN,NaN,NaN,NaN,NaN,NaN,NaN,NaN,NaN,NaN,NaN,NaN,NaN,NaN,NaN,NaN,-1.4404,1.1389,NaN,NaN,-1.532,-1.378,-1.1217,-1.4414,NaN,NaN,NaN,NaN,NaN,NaN,NaN
1148,NaN,NaN,-0.42,NaN,NaN,NaN,NaN,NaN,NaN,NaN,NaN,NaN,NaN,NaN,NaN,NaN,NaN,NaN,NaN,NaN,NaN,NaN,NaN,NaN,NaN,NaN,-1.8978,0.30307,NaN,NaN,-1.1312,-0.61206,-1.0165,-1.0627,NaN,NaN,NaN,NaN,NaN,NaN,NaN
1149,NaN,NaN,0.981,NaN,NaN,NaN,NaN,NaN,NaN,NaN,NaN,NaN,NaN,NaN,NaN,NaN,NaN,NaN,NaN,NaN,NaN,NaN,NaN,NaN,NaN,NaN,-0.11476,-0.37385,NaN,NaN,-1.532,-1.6844,-0.80615,-1.4414,NaN,NaN,NaN,NaN,NaN,NaN,NaN
1150,NaN,NaN,-1.601,NaN,NaN,NaN,NaN,NaN,NaN,NaN,NaN,NaN,NaN,-1.934,NaN,NaN,NaN,NaN,NaN,NaN,NaN,NaN,NaN,NaN,NaN,NaN,-1.5518,-1.2746,NaN,NaN,-2.6342,-2.4503,-1.8581,-2.483,NaN,NaN,NaN,NaN,NaN,NaN,NaN
1151,NaN,NaN,-0.856,NaN,NaN,NaN,NaN,NaN,NaN,NaN,NaN,NaN,NaN,-0.27443,NaN,NaN,NaN,NaN,NaN,NaN,NaN,NaN,NaN,NaN,NaN,NaN,0.41083,-1.4987,NaN,NaN,-1.6322,-1.2248,-1.2269,-1.5361,NaN,NaN,NaN,NaN,NaN,NaN,NaN
1152,NaN,NaN,1.799,NaN,NaN,NaN,NaN,NaN,NaN,NaN,NaN,NaN,NaN,-0.6948,NaN,NaN,NaN,NaN,NaN,NaN,NaN,NaN,NaN,NaN,NaN,NaN,1.1211,-1.3043,NaN,NaN,-0.53002,-1.6844,0.56133,-0.49455,NaN,NaN,NaN,NaN,NaN,NaN,NaN
1153,NaN,NaN,0.311,NaN,NaN,NaN,NaN,NaN,NaN,NaN,NaN,NaN,NaN,-0.67563,NaN,NaN,NaN,NaN,NaN,NaN,NaN,NaN,NaN,NaN,NaN,NaN,0.99979,-0.33553,NaN,NaN,-1.532,-2.6035,-0.17501,-1.4414,NaN,NaN,NaN,NaN,NaN,NaN,NaN
1154,NaN,NaN,-0.429,NaN,NaN,NaN,NaN,NaN,NaN,NaN,NaN,NaN,NaN,-0.85637,NaN,NaN,NaN,NaN,NaN,NaN,NaN,NaN,NaN,NaN,NaN,NaN,0.81144,0.17725,NaN,NaN,-1.8326,-2.6035,-0.49058,-1.7255,NaN,NaN,NaN,NaN,NaN,NaN,NaN
1155,NaN,NaN,0.936,NaN,NaN,NaN,NaN,NaN,NaN,NaN,NaN,NaN,NaN,-0.20048,NaN,NaN,NaN,NaN,NaN,NaN,NaN,NaN,NaN,NaN,NaN,NaN,1.6166,0.55816,NaN,NaN,-0.83062,-2.1439,0.56133,-0.77861,NaN,NaN,NaN,NaN,NaN,NaN,NaN
1156,NaN,NaN,-0.862,NaN,NaN,NaN,NaN,NaN,NaN,NaN,NaN,NaN,NaN,-0.91799,NaN,NaN,NaN,NaN,NaN,NaN,NaN,NaN,NaN,NaN,NaN,NaN,-0.67747,0.65585,NaN,NaN,-1.3316,-1.2248,-0.91134,-1.252,NaN,NaN,NaN,NaN,NaN,NaN,NaN
1157,NaN,NaN,-0.0010027,NaN,NaN,NaN,NaN,NaN,NaN,NaN,NaN,NaN,NaN,-0.49077,NaN,NaN,NaN,NaN,NaN,NaN,NaN,NaN,NaN,NaN,NaN,NaN,0.51519,1.1762,NaN,NaN,-1.3316,-1.6844,-0.49058,-1.252,NaN,NaN,NaN,NaN,NaN,NaN,NaN
1158,NaN,NaN,-1.769,NaN,NaN,NaN,NaN,NaN,NaN,NaN,NaN,NaN,NaN,-0.86459,NaN,NaN,NaN,NaN,NaN,NaN,NaN,NaN,NaN,NaN,NaN,NaN,1.0875,0.85727,NaN,NaN,-1.6322,-1.2248,-1.2269,-1.5361,NaN,NaN,NaN,NaN,NaN,NaN,NaN
1159,NaN,NaN,1.142,NaN,NaN,NaN,NaN,NaN,NaN,NaN,NaN,NaN,NaN,0.59644,NaN,NaN,NaN,NaN,NaN,NaN,NaN,NaN,NaN,NaN,NaN,NaN,1.311,0.76114,NaN,NaN,0.071173,-0.91843,0.8769,0.073563,NaN,NaN,NaN,NaN,NaN,NaN,NaN
1160,NaN,NaN,1.138,NaN,NaN,NaN,NaN,NaN,NaN,NaN,NaN,NaN,NaN,-0.39218,NaN,NaN,NaN,NaN,NaN,NaN,NaN,NaN,NaN,NaN,NaN,NaN,1.0717,-0.17795,NaN,NaN,-0.029025,-1.2248,0.8769,-0.021123,NaN,NaN,NaN,NaN,NaN,NaN,NaN
1161,NaN,NaN,-1.472,NaN,NaN,NaN,NaN,NaN,NaN,NaN,NaN,NaN,NaN,-0.54144,NaN,NaN,NaN,NaN,NaN,NaN,NaN,NaN,NaN,NaN,NaN,NaN,1.5895,2.4118,NaN,NaN,-0.73042,-0.91843,-0.2802,-0.68392,NaN,NaN,NaN,NaN,NaN,NaN,NaN
1162,NaN,NaN,0.735,NaN,NaN,NaN,NaN,NaN,NaN,NaN,NaN,NaN,NaN,0.75253,NaN,NaN,NaN,NaN,NaN,NaN,NaN,NaN,NaN,NaN,NaN,NaN,1.9689,-0.46809,NaN,NaN,-0.029025,-1.5312,1.0873,-0.021123,NaN,NaN,NaN,NaN,NaN,NaN,NaN
1163,NaN,NaN,0.93,NaN,NaN,NaN,NaN,NaN,NaN,NaN,NaN,NaN,NaN,0.71009,NaN,NaN,NaN,NaN,NaN,NaN,NaN,NaN,NaN,NaN,NaN,NaN,1.9224,0.6971,NaN,NaN,-0.22942,-1.5312,0.98209,-0.21049,NaN,NaN,NaN,NaN,NaN,NaN,NaN
1164,NaN,NaN,-0.78,NaN,NaN,NaN,NaN,NaN,NaN,NaN,NaN,NaN,NaN,1.2058,NaN,NaN,NaN,NaN,NaN,NaN,NaN,NaN,NaN,NaN,NaN,NaN,1.2472,0.75492,NaN,NaN,-0.42982,-1.2248,0.35095,-0.39987,NaN,NaN,NaN,NaN,NaN,NaN,NaN
1165,NaN,NaN,0.815,NaN,NaN,NaN,NaN,NaN,NaN,NaN,NaN,NaN,NaN,0.36503,NaN,NaN,NaN,NaN,NaN,NaN,NaN,NaN,NaN,NaN,NaN,NaN,1.3114,0.1536,NaN,NaN,-0.73042,-2.1439,0.66652,-0.68392,NaN,NaN,NaN,NaN,NaN,NaN,NaN
1166,NaN,NaN,-0.837,NaN,NaN,NaN,NaN,NaN,NaN,NaN,NaN,NaN,NaN,-1.2274,NaN,NaN,NaN,NaN,NaN,NaN,NaN,NaN,NaN,NaN,NaN,NaN,0.75682,0.37487,NaN,NaN,-1.8326,-2.6035,-0.59577,-1.7255,NaN,NaN,NaN,NaN,NaN,NaN,NaN
1167,NaN,NaN,0.879,NaN,NaN,NaN,NaN,NaN,NaN,NaN,NaN,NaN,NaN,-0.31003,NaN,NaN,NaN,NaN,NaN,NaN,NaN,NaN,NaN,NaN,NaN,NaN,0.94129,0.92527,NaN,NaN,-0.93081,-1.9907,0.24576,-0.87329,NaN,NaN,NaN,NaN,NaN,NaN,NaN
1168,NaN,NaN,-0.471,NaN,NaN,NaN,NaN,NaN,NaN,NaN,NaN,NaN,NaN,0.34997,NaN,NaN,NaN,NaN,NaN,NaN,NaN,NaN,NaN,NaN,NaN,NaN,1.2618,0.11459,NaN,NaN,-0.53002,-0.76524,-0.17501,-0.49455,NaN,NaN,NaN,NaN,NaN,NaN,NaN
1169,NaN,NaN,-0.92,NaN,NaN,NaN,NaN,NaN,NaN,NaN,NaN,NaN,NaN,-0.60853,NaN,NaN,NaN,NaN,NaN,NaN,NaN,NaN,NaN,NaN,NaN,NaN,-0.58186,-0.89647,NaN,NaN,-1.2314,-0.91843,-1.0165,-1.1574,NaN,NaN,NaN,NaN,NaN,NaN,NaN
1170,NaN,NaN,-0.63,NaN,NaN,NaN,NaN,NaN,NaN,NaN,NaN,NaN,NaN,0.11993,NaN,NaN,NaN,NaN,NaN,NaN,NaN,NaN,NaN,NaN,NaN,NaN,1.3828,-0.21713,NaN,NaN,-0.42982,-1.0716,0.24576,-0.39987,NaN,NaN,NaN,NaN,NaN,NaN,NaN
1171,NaN,NaN,1.194,NaN,NaN,NaN,NaN,NaN,NaN,NaN,NaN,NaN,NaN,0.95519,NaN,NaN,NaN,NaN,NaN,NaN,NaN,NaN,NaN,NaN,NaN,NaN,0.13728,0.36244,NaN,NaN,0.37177,-0.76524,1.0873,0.35762,NaN,NaN,NaN,NaN,NaN,NaN,NaN
1172,NaN,NaN,0.241,NaN,NaN,NaN,NaN,NaN,NaN,NaN,NaN,NaN,NaN,-0.05808,NaN,NaN,NaN,NaN,NaN,NaN,NaN,NaN,NaN,NaN,NaN,NaN,-0.29912,-2.2039,NaN,NaN,-0.53002,-1.5312,0.35095,-0.49455,NaN,NaN,NaN,NaN,NaN,NaN,NaN
1173,NaN,NaN,1.275,NaN,NaN,NaN,NaN,NaN,NaN,NaN,NaN,NaN,NaN,0.67312,NaN,NaN,NaN,NaN,NaN,NaN,NaN,NaN,NaN,NaN,NaN,NaN,-0.088396,-1.8226,NaN,NaN,-0.42982,-2.1439,0.98209,-0.39987,NaN,NaN,NaN,NaN,NaN,NaN,NaN
1174,NaN,NaN,-1.108,NaN,NaN,NaN,NaN,NaN,NaN,NaN,NaN,NaN,NaN,-0.27716,NaN,NaN,NaN,NaN,NaN,NaN,NaN,NaN,NaN,NaN,NaN,NaN,0.05829,0.094228,NaN,NaN,-1.9328,-2.9098,-0.38539,-1.8202,NaN,NaN,NaN,NaN,NaN,NaN,NaN
1175,NaN,NaN,-0.152,NaN,NaN,NaN,NaN,NaN,NaN,NaN,NaN,NaN,NaN,-1.3712,NaN,NaN,NaN,NaN,NaN,NaN,NaN,NaN,NaN,NaN,NaN,NaN,0.26159,-0.16173,NaN,NaN,-1.532,-2.1439,-0.49058,-1.4414,NaN,NaN,NaN,NaN,NaN,NaN,NaN
1176,NaN,NaN,-0.203,NaN,NaN,NaN,NaN,NaN,NaN,NaN,NaN,NaN,NaN,-0.42642,NaN,NaN,NaN,NaN,NaN,NaN,NaN,NaN,NaN,NaN,NaN,NaN,0.38047,-1.0521,NaN,NaN,-0.93081,-1.378,-0.2802,-0.87329,NaN,NaN,NaN,NaN,NaN,NaN,NaN
1177,NaN,NaN,-1.097,NaN,NaN,NaN,NaN,NaN,NaN,NaN,NaN,NaN,NaN,-0.36617,NaN,NaN,NaN,NaN,NaN,NaN,NaN,NaN,NaN,NaN,NaN,NaN,0.052307,-0.52815,NaN,NaN,-1.1312,-0.61206,-1.0165,-1.0627,NaN,NaN,NaN,NaN,NaN,NaN,NaN
1178,NaN,NaN,0.954,NaN,NaN,NaN,NaN,NaN,NaN,NaN,NaN,NaN,NaN,0.67996,NaN,NaN,NaN,NaN,NaN,NaN,NaN,NaN,NaN,NaN,NaN,NaN,-1.1382,1.79,NaN,NaN,-0.63022,-1.378,0.24576,-0.58924,NaN,NaN,NaN,NaN,NaN,NaN,NaN
1179,NaN,NaN,-0.373,NaN,NaN,NaN,NaN,NaN,NaN,NaN,NaN,NaN,NaN,0.59781,NaN,NaN,NaN,NaN,NaN,NaN,NaN,NaN,NaN,NaN,NaN,NaN,-1.0467,1.821,NaN,NaN,-0.22942,-0.30569,-0.069816,-0.21049,NaN,NaN,NaN,NaN,NaN,NaN,NaN
1180,NaN,NaN,0.54,NaN,NaN,NaN,NaN,NaN,NaN,NaN,NaN,NaN,NaN,0.76623,NaN,NaN,NaN,NaN,NaN,NaN,NaN,NaN,NaN,NaN,NaN,NaN,-0.78981,0.70677,NaN,NaN,0.27157,-0.30569,0.56133,0.26293,NaN,NaN,NaN,NaN,NaN,NaN,NaN
1181,NaN,NaN,1.07,NaN,NaN,NaN,NaN,NaN,NaN,NaN,NaN,NaN,NaN,0.35407,NaN,NaN,NaN,NaN,NaN,NaN,NaN,NaN,NaN,NaN,NaN,NaN,-0.96187,0.86469,NaN,NaN,0.17137,-0.45887,0.45614,0.16825,NaN,NaN,NaN,NaN,NaN,NaN,NaN
1182,NaN,NaN,-1.243,NaN,NaN,NaN,NaN,NaN,NaN,NaN,NaN,NaN,NaN,-0.60031,NaN,NaN,NaN,NaN,NaN,NaN,NaN,NaN,NaN,NaN,NaN,NaN,-0.89318,-2.1369,NaN,NaN,-0.73042,0.00068007,-1.0165,-0.68392,NaN,NaN,NaN,NaN,NaN,NaN,NaN
1183,NaN,NaN,-0.962,NaN,NaN,NaN,NaN,NaN,NaN,NaN,NaN,NaN,NaN,-0.074511,NaN,NaN,NaN,NaN,NaN,NaN,NaN,NaN,NaN,NaN,NaN,NaN,-1.2991,-0.42269,NaN,NaN,-0.32962,-0.76524,0.14057,-0.30518,NaN,NaN,NaN,NaN,NaN,NaN,NaN
1184,NaN,NaN,2.098,NaN,NaN,NaN,NaN,NaN,NaN,NaN,NaN,NaN,NaN,1.1455,NaN,NaN,NaN,NaN,NaN,NaN,NaN,NaN,NaN,NaN,NaN,NaN,0.12288,0.22109,NaN,NaN,0.17137,-1.2248,1.0873,0.16825,NaN,NaN,NaN,NaN,NaN,NaN,NaN
1185,NaN,NaN,0.205,NaN,NaN,NaN,NaN,NaN,NaN,NaN,NaN,NaN,NaN,0.56768,NaN,NaN,NaN,NaN,NaN,NaN,NaN,NaN,NaN,NaN,NaN,NaN,-1.5585,1.3673,NaN,NaN,-0.22942,-0.45887,0.035375,-0.21049,NaN,NaN,NaN,NaN,NaN,NaN,NaN
1186,NaN,NaN,-1.561,NaN,NaN,NaN,NaN,NaN,NaN,NaN,NaN,NaN,NaN,-0.45106,NaN,NaN,NaN,NaN,NaN,NaN,NaN,NaN,NaN,NaN,NaN,NaN,-0.97815,-0.056448,NaN,NaN,-1.4318,-0.76524,-1.3321,-1.3467,NaN,NaN,NaN,NaN,NaN,NaN,NaN
1187,NaN,NaN,-0.222,NaN,NaN,NaN,NaN,NaN,NaN,NaN,NaN,NaN,NaN,0.36777,NaN,NaN,NaN,NaN,NaN,NaN,NaN,NaN,NaN,NaN,NaN,NaN,-1.8789,0.061953,NaN,NaN,-0.12922,0.30705,-0.38539,-0.11581,NaN,NaN,NaN,NaN,NaN,NaN,NaN
1188,NaN,NaN,0.525,NaN,NaN,NaN,NaN,NaN,NaN,NaN,NaN,NaN,NaN,0.32806,NaN,NaN,NaN,NaN,NaN,NaN,NaN,NaN,NaN,NaN,NaN,NaN,-1.0538,-0.15362,NaN,NaN,-0.53002,-0.61206,-0.2802,-0.49455,NaN,NaN,NaN,NaN,NaN,NaN,NaN
1189,NaN,NaN,-0.553,NaN,NaN,NaN,NaN,NaN,NaN,NaN,NaN,NaN,NaN,-0.13887,NaN,NaN,NaN,NaN,NaN,NaN,NaN,NaN,NaN,NaN,NaN,NaN,-1.8464,-1.2121,NaN,NaN,-1.031,-1.5312,-0.2802,-0.96798,NaN,NaN,NaN,NaN,NaN,NaN,NaN
1190,NaN,NaN,0.676,NaN,NaN,NaN,NaN,NaN,NaN,NaN,NaN,NaN,NaN,-0.82351,NaN,NaN,NaN,NaN,NaN,NaN,NaN,NaN,NaN,NaN,NaN,NaN,-1.9437,-0.83589,NaN,NaN,-0.53002,-1.6844,0.56133,-0.49455,-0.14295,0.57012,NaN,NaN,NaN,NaN,NaN
1191,NaN,NaN,0.241,NaN,NaN,NaN,NaN,NaN,NaN,NaN,NaN,NaN,NaN,1.0565,NaN,NaN,NaN,NaN,NaN,NaN,NaN,NaN,NaN,NaN,NaN,NaN,-0.10823,-2.2213,NaN,NaN,-0.029025,-0.76524,0.66652,-0.021123,1.4428,0.57383,NaN,NaN,NaN,NaN,NaN
1192,NaN,NaN,-0.224,NaN,NaN,NaN,NaN,NaN,NaN,NaN,NaN,NaN,NaN,0.47868,NaN,NaN,NaN,NaN,NaN,NaN,NaN,NaN,NaN,NaN,NaN,NaN,-0.43794,-0.6248,NaN,NaN,-0.22942,-0.1525,-0.17501,-0.21049,-2.5865,-0.87516,NaN,NaN,NaN,NaN,NaN
1193,NaN,NaN,-0.395,NaN,NaN,NaN,NaN,NaN,NaN,NaN,NaN,NaN,NaN,-0.48119,NaN,NaN,NaN,NaN,NaN,NaN,NaN,NaN,NaN,NaN,NaN,NaN,-0.61498,0.051769,NaN,NaN,-0.83062,-1.6844,0.035375,-0.77861,2.3577,0.88388,NaN,NaN,NaN,NaN,NaN
1194,NaN,NaN,-0.72,NaN,NaN,NaN,NaN,NaN,NaN,NaN,NaN,NaN,NaN,0.16785,NaN,NaN,NaN,NaN,NaN,NaN,NaN,NaN,NaN,NaN,NaN,NaN,-2.3388,0.59648,NaN,NaN,-0.93081,-1.9907,0.24576,-0.87329,-0.65435,0.32007,NaN,NaN,NaN,NaN,NaN
1195,NaN,NaN,1.345,NaN,NaN,NaN,NaN,NaN,NaN,NaN,NaN,NaN,NaN,-0.87828,NaN,NaN,NaN,NaN,NaN,NaN,NaN,NaN,NaN,NaN,NaN,NaN,0.58709,0.8495,NaN,NaN,-0.63022,-2.2971,0.77171,-0.58924,1.1269,1.2684,NaN,NaN,NaN,NaN,NaN
1196,NaN,NaN,-0.324,NaN,NaN,NaN,NaN,NaN,NaN,NaN,NaN,NaN,NaN,1.1496,NaN,NaN,NaN,NaN,NaN,NaN,NaN,NaN,NaN,NaN,NaN,NaN,0.44849,-1.3835,NaN,NaN,0.47197,0.30705,0.45614,0.45231,-1.3878,-0.51815,NaN,NaN,NaN,NaN,NaN
1197,NaN,NaN,1.385,NaN,NaN,NaN,NaN,NaN,NaN,NaN,NaN,NaN,NaN,0.92643,NaN,NaN,NaN,NaN,NaN,NaN,NaN,NaN,NaN,NaN,NaN,NaN,0.018073,0.66258,NaN,NaN,0.67237,-0.30569,1.0873,0.64168,1.2265,1.3165,NaN,NaN,NaN,NaN,NaN
1198,NaN,NaN,-0.962,NaN,NaN,NaN,NaN,NaN,NaN,NaN,NaN,NaN,NaN,0.067894,NaN,NaN,NaN,NaN,NaN,NaN,NaN,NaN,NaN,NaN,NaN,NaN,1.3618,-0.38938,NaN,NaN,-0.32962,-0.61206,-0.069816,-0.30518,-0.39681,0.48662,NaN,NaN,NaN,NaN,NaN
1199,NaN,NaN,-1.658,NaN,NaN,NaN,NaN,NaN,NaN,NaN,NaN,NaN,NaN,-0.40862,NaN,NaN,NaN,NaN,NaN,NaN,NaN,NaN,NaN,NaN,NaN,NaN,-0.52857,-0.44634,NaN,NaN,-1.031,-1.0716,-0.59577,-0.96798,-1.546,0.26292,NaN,NaN,NaN,NaN,NaN
1200,NaN,NaN,0.903,NaN,NaN,NaN,NaN,NaN,NaN,NaN,NaN,NaN,NaN,-0.17721,NaN,NaN,NaN,NaN,NaN,NaN,NaN,NaN,NaN,NaN,NaN,NaN,0.71384,1.2639,NaN,NaN,-0.12922,-1.2248,0.77171,-0.11581,1.1975,1.3693,-0.96769,NaN,NaN,NaN,NaN
1201,NaN,NaN,0.531,NaN,NaN,NaN,NaN,NaN,NaN,NaN,NaN,NaN,NaN,0.61013,NaN,NaN,NaN,NaN,NaN,NaN,NaN,NaN,NaN,NaN,NaN,NaN,0.47652,0.59061,NaN,NaN,0.17137,-1.0716,0.98209,0.16825,-0.32408,1.167,0.49313,NaN,NaN,NaN,NaN
1202,NaN,NaN,0.021997,NaN,NaN,NaN,NaN,NaN,NaN,NaN,NaN,NaN,NaN,0.84565,NaN,NaN,NaN,NaN,NaN,NaN,NaN,NaN,NaN,NaN,NaN,NaN,-0.12108,0.079903,NaN,NaN,0.071173,-0.1525,0.24576,0.073563,0.64183,0.68403,1.1035,NaN,NaN,NaN,NaN
1203,NaN,NaN,0.401,NaN,NaN,NaN,NaN,NaN,NaN,NaN,NaN,NaN,NaN,0.97299,NaN,NaN,NaN,NaN,NaN,NaN,NaN,NaN,NaN,NaN,NaN,NaN,0.69101,-1.5777,NaN,NaN,0.27157,-0.30569,0.66652,0.26293,0.39832,-0.0016232,0.16118,NaN,NaN,NaN,NaN
1204,NaN,NaN,0.154,NaN,NaN,NaN,NaN,NaN,NaN,NaN,NaN,NaN,NaN,-0.66193,NaN,NaN,NaN,NaN,NaN,NaN,NaN,NaN,NaN,NaN,NaN,NaN,0.52959,-1.2862,NaN,NaN,-0.83062,-1.6844,0.14057,-0.77861,-0.74743,-0.019401,0.81843,NaN,NaN,NaN,NaN
1205,NaN,NaN,-0.234,NaN,NaN,NaN,NaN,NaN,NaN,NaN,NaN,NaN,NaN,-1.1371,NaN,NaN,NaN,NaN,NaN,NaN,NaN,NaN,NaN,NaN,NaN,NaN,0.34668,-1.2349,NaN,NaN,-1.2314,-1.9907,-0.2802,-1.1574,0.25571,0.57674,0.66169,NaN,NaN,NaN,NaN
1206,NaN,NaN,-0.685,NaN,NaN,NaN,NaN,NaN,NaN,NaN,NaN,NaN,NaN,-0.77147,NaN,NaN,NaN,NaN,NaN,NaN,NaN,NaN,NaN,NaN,NaN,NaN,1.1146,-1.2296,NaN,NaN,-0.53002,-0.76524,-0.17501,-0.49455,-0.48364,-0.064019,0.148,NaN,NaN,NaN,NaN
1207,NaN,NaN,-0.184,NaN,NaN,NaN,NaN,NaN,NaN,NaN,NaN,NaN,NaN,0.40611,NaN,NaN,NaN,NaN,NaN,NaN,NaN,NaN,NaN,NaN,NaN,NaN,0.071363,-0.75252,NaN,NaN,0.071173,0.00068007,0.14057,0.073563,-1.1723,-0.047504,-0.35579,NaN,NaN,NaN,NaN
1208,NaN,NaN,-0.707,NaN,NaN,NaN,NaN,NaN,NaN,NaN,NaN,NaN,NaN,0.28698,NaN,NaN,NaN,NaN,NaN,NaN,NaN,NaN,NaN,NaN,NaN,NaN,-0.32017,0.21936,NaN,NaN,-0.32962,-0.1525,-0.2802,-0.30518,-0.66871,0.79425,1.6414,NaN,NaN,NaN,NaN
1209,NaN,NaN,1.251,NaN,NaN,NaN,NaN,NaN,NaN,NaN,NaN,NaN,NaN,0.0090152,NaN,NaN,NaN,NaN,NaN,NaN,NaN,NaN,NaN,NaN,NaN,NaN,0.25439,0.38022,NaN,NaN,0.27157,-0.76524,0.8769,0.26293,1.9184,2.0761,1.7107,NaN,NaN,NaN,NaN
1210,NaN,NaN,0.013997,NaN,NaN,NaN,NaN,NaN,NaN,NaN,NaN,NaN,NaN,-0.65919,NaN,NaN,NaN,NaN,NaN,NaN,NaN,NaN,NaN,NaN,NaN,NaN,-0.40227,0.40714,NaN,NaN,-0.32962,-1.6844,0.8769,-0.30518,0.55664,0.8213,1.6099,NaN,NaN,NaN,NaN
1211,NaN,NaN,0.547,NaN,NaN,NaN,NaN,NaN,NaN,NaN,NaN,NaN,NaN,0.56631,NaN,NaN,NaN,NaN,NaN,NaN,NaN,NaN,NaN,NaN,NaN,NaN,0.2915,-0.18814,NaN,NaN,0.27157,-0.61206,0.77171,0.26293,0.20834,1.1356,0.6595,NaN,NaN,NaN,NaN
1212,NaN,NaN,0.159,NaN,NaN,NaN,NaN,NaN,NaN,NaN,NaN,NaN,NaN,0.4554,NaN,NaN,NaN,NaN,NaN,NaN,NaN,NaN,NaN,NaN,NaN,NaN,0.13451,-0.88301,NaN,NaN,-0.32962,-0.76524,0.14057,-0.30518,-1.6889,0.90644,2.5076,NaN,NaN,NaN,NaN
1213,NaN,NaN,-0.369,NaN,NaN,NaN,NaN,NaN,NaN,NaN,NaN,NaN,NaN,0.64162,NaN,NaN,NaN,NaN,NaN,NaN,NaN,NaN,NaN,NaN,NaN,NaN,0.98516,-0.31396,NaN,NaN,-0.029025,-0.1525,0.14057,-0.021123,2.0039,1.3856,0.080322,NaN,NaN,NaN,NaN
1214,NaN,NaN,0.287,NaN,NaN,NaN,NaN,NaN,NaN,NaN,NaN,NaN,NaN,-0.23609,NaN,NaN,NaN,NaN,NaN,NaN,NaN,NaN,NaN,NaN,NaN,NaN,1.485,0.040896,NaN,NaN,-1.1312,-1.2248,-0.59577,-1.0627,0.47094,1.6886,1.6158,NaN,NaN,NaN,NaN
1215,NaN,NaN,-0.246,NaN,NaN,NaN,NaN,NaN,NaN,NaN,NaN,NaN,NaN,-1.7601,NaN,NaN,NaN,NaN,NaN,NaN,NaN,NaN,NaN,NaN,NaN,NaN,-0.08895,-1.9345,NaN,NaN,-2.4338,-2.7566,-1.2269,-2.2936,-1.2054,-0.086283,1.1053,NaN,NaN,NaN,NaN
1216,NaN,NaN,0.164,NaN,NaN,NaN,NaN,NaN,NaN,NaN,NaN,NaN,NaN,-0.55924,NaN,NaN,NaN,NaN,NaN,NaN,NaN,NaN,NaN,NaN,NaN,NaN,0.35831,-0.40474,NaN,NaN,-1.4318,-1.0716,-1.2269,-1.3467,0.816,0.23605,0.068104,NaN,NaN,NaN,NaN
1217,NaN,NaN,-1.831,NaN,NaN,NaN,NaN,NaN,NaN,NaN,NaN,NaN,NaN,-1.4287,NaN,NaN,NaN,NaN,NaN,NaN,NaN,NaN,NaN,NaN,NaN,NaN,1.8017,-0.9158,NaN,NaN,-2.2334,-1.8375,-1.5425,-2.1042,-0.22617,-0.20148,-0.51155,NaN,NaN,NaN,NaN
1218,NaN,NaN,-0.967,NaN,NaN,NaN,NaN,NaN,NaN,NaN,NaN,NaN,NaN,-1.4438,NaN,NaN,NaN,NaN,NaN,NaN,NaN,NaN,NaN,NaN,NaN,NaN,0.91226,-0.68314,NaN,NaN,-2.033,-2.1439,-1.1217,-1.9148,-1.4669,-0.34734,0.18041,NaN,NaN,NaN,NaN
1219,NaN,NaN,1.972,NaN,NaN,NaN,NaN,NaN,NaN,NaN,NaN,NaN,NaN,-0.49214,NaN,NaN,NaN,NaN,NaN,NaN,NaN,NaN,NaN,NaN,NaN,NaN,0.051643,0.24421,NaN,NaN,-0.73042,-2.1439,0.66652,-0.68392,1.005,0.20017,-0.14831,NaN,NaN,NaN,NaN
1220,NaN,NaN,0.642,NaN,NaN,NaN,NaN,NaN,NaN,NaN,NaN,NaN,NaN,0.20071,NaN,NaN,NaN,NaN,NaN,NaN,NaN,NaN,NaN,NaN,NaN,NaN,-0.12773,-0.29825,NaN,NaN,-0.22942,-0.76524,0.24576,-0.21049,-0.75903,-0.1395,-0.36959,NaN,NaN,NaN,NaN
1221,NaN,NaN,-0.466,NaN,NaN,NaN,NaN,NaN,NaN,NaN,NaN,NaN,NaN,0.17333,NaN,NaN,NaN,NaN,NaN,NaN,NaN,NaN,NaN,NaN,NaN,NaN,-0.17681,0.46652,NaN,NaN,-0.12922,0.30705,-0.38539,-0.11581,0.28858,0.52942,-0.2872,NaN,NaN,NaN,NaN
1222,NaN,NaN,0.222,NaN,NaN,NaN,NaN,NaN,NaN,NaN,NaN,NaN,NaN,0.7183,NaN,NaN,NaN,NaN,NaN,NaN,NaN,NaN,NaN,NaN,NaN,NaN,-0.077982,0.65275,NaN,NaN,0.97296,1.2262,0.35095,0.92573,0.33685,0.34486,-0.10479,NaN,NaN,NaN,NaN
1223,NaN,NaN,0.0019973,NaN,NaN,NaN,NaN,NaN,NaN,NaN,NaN,NaN,NaN,0.035032,NaN,NaN,NaN,NaN,NaN,NaN,NaN,NaN,NaN,NaN,NaN,NaN,-1.0394,0.035546,NaN,NaN,-0.029025,-0.1525,0.14057,-0.021123,0.14384,0.10864,-0.47232,NaN,NaN,NaN,NaN
1224,NaN,NaN,-0.205,NaN,NaN,NaN,NaN,NaN,NaN,NaN,NaN,NaN,NaN,0.53756,NaN,NaN,NaN,NaN,NaN,NaN,NaN,NaN,NaN,NaN,NaN,NaN,-0.03422,-0.49639,NaN,NaN,0.27157,1.2262,-0.49058,0.26293,-0.047834,0.39134,-0.22216,NaN,NaN,NaN,NaN
1225,NaN,NaN,-0.18,NaN,NaN,NaN,NaN,NaN,NaN,NaN,NaN,NaN,NaN,0.65942,NaN,NaN,NaN,NaN,NaN,NaN,NaN,NaN,NaN,NaN,NaN,NaN,0.44716,-0.7199,NaN,NaN,0.17137,0.91979,-0.38539,0.16825,-1.8205,-0.057571,1.1799,NaN,NaN,NaN,NaN
1226,NaN,NaN,1.116,NaN,NaN,NaN,NaN,NaN,NaN,NaN,NaN,NaN,NaN,0.19935,NaN,NaN,NaN,NaN,NaN,NaN,NaN,NaN,NaN,NaN,NaN,NaN,-1.4375,0.42388,NaN,NaN,0.57217,0.46023,0.35095,0.54699,1.2664,0.56098,0.21978,NaN,NaN,NaN,NaN
1227,NaN,NaN,-2.752,NaN,NaN,NaN,NaN,NaN,NaN,NaN,NaN,NaN,NaN,-1.5506,NaN,NaN,NaN,NaN,NaN,NaN,NaN,NaN,NaN,NaN,NaN,NaN,1.2946,0.066785,NaN,NaN,-1.9328,-1.378,-1.5425,-1.8202,0.047968,0.64705,-0.32659,NaN,NaN,NaN,NaN
1228,NaN,NaN,1.45,NaN,NaN,NaN,NaN,NaN,NaN,NaN,NaN,NaN,NaN,-0.67152,NaN,NaN,NaN,NaN,NaN,NaN,NaN,NaN,NaN,NaN,NaN,NaN,0.2165,0.37435,NaN,NaN,-0.42982,-1.6844,0.77171,-0.39987,-1.7967,0.41069,0.36312,NaN,NaN,NaN,NaN
1229,NaN,NaN,1.19,NaN,NaN,NaN,NaN,NaN,NaN,NaN,NaN,NaN,NaN,-0.069034,NaN,NaN,NaN,NaN,NaN,NaN,NaN,NaN,NaN,NaN,NaN,NaN,-1.0922,2.2082,NaN,NaN,-0.22942,-1.5312,0.8769,-0.21049,1.8694,2.1842,0.89551,NaN,NaN,NaN,NaN
1230,NaN,NaN,-0.823,NaN,NaN,NaN,NaN,NaN,NaN,NaN,NaN,NaN,NaN,1.0921,NaN,NaN,NaN,NaN,NaN,NaN,NaN,NaN,NaN,NaN,NaN,NaN,-0.88154,1.6588,NaN,NaN,-0.029025,0.30705,-0.2802,-0.021123,1.8372,1.7826,-0.10541,NaN,NaN,NaN,NaN
1231,NaN,NaN,0.448,NaN,NaN,NaN,NaN,NaN,NaN,NaN,NaN,NaN,NaN,1.1592,NaN,NaN,NaN,NaN,NaN,NaN,NaN,NaN,NaN,NaN,NaN,NaN,-0.9632,0.60373,NaN,NaN,0.97296,1.2262,0.56133,0.92573,0.068105,0.68473,-0.73387,NaN,NaN,NaN,NaN
1232,NaN,NaN,0.862,NaN,NaN,NaN,NaN,NaN,NaN,NaN,NaN,NaN,NaN,1.0812,NaN,NaN,NaN,NaN,NaN,NaN,NaN,NaN,NaN,NaN,NaN,NaN,0.026161,0.054704,NaN,NaN,0.47197,0.46023,0.35095,0.45231,-0.62459,0.01999,-1.025,NaN,NaN,NaN,NaN
1233,NaN,NaN,-1.13,NaN,NaN,NaN,NaN,NaN,NaN,NaN,NaN,NaN,NaN,-0.50036,NaN,NaN,NaN,NaN,NaN,NaN,NaN,NaN,NaN,NaN,NaN,NaN,-0.078536,-0.91977,NaN,NaN,-0.83062,0.00068007,-1.0165,-0.77861,-1.419,-0.11072,0.2346,NaN,NaN,NaN,NaN
1234,NaN,NaN,-1.056,NaN,NaN,NaN,NaN,NaN,NaN,NaN,NaN,NaN,NaN,-1.1562,NaN,NaN,NaN,NaN,NaN,NaN,NaN,NaN,NaN,NaN,NaN,NaN,0.18271,-1.4046,NaN,NaN,-1.532,-1.378,-1.0165,-1.4414,-2.25,-0.57153,0.27764,NaN,NaN,NaN,NaN
1235,NaN,NaN,1.248,NaN,NaN,NaN,NaN,NaN,NaN,NaN,NaN,NaN,NaN,-0.48666,NaN,NaN,NaN,NaN,NaN,NaN,NaN,NaN,NaN,NaN,NaN,NaN,0.013974,0.19105,NaN,NaN,-0.42982,-1.378,0.45614,-0.39987,2.2678,2.1009,0.42742,NaN,NaN,NaN,NaN
1236,NaN,NaN,-1.338,NaN,NaN,NaN,NaN,NaN,NaN,NaN,NaN,NaN,NaN,0.35955,NaN,NaN,NaN,NaN,NaN,NaN,NaN,NaN,NaN,NaN,NaN,NaN,1.4528,-0.46671,NaN,NaN,-0.73042,-0.1525,-0.80615,-0.68392,0.037526,0.99634,0.53319,NaN,NaN,NaN,NaN
1237,NaN,NaN,-0.363,NaN,NaN,NaN,NaN,NaN,NaN,NaN,NaN,NaN,NaN,0.47046,NaN,NaN,NaN,NaN,NaN,NaN,NaN,NaN,NaN,NaN,NaN,NaN,-0.1459,0.20572,NaN,NaN,-0.12922,-0.61206,0.24576,-0.11581,0.67862,0.6209,0.7415,NaN,NaN,NaN,NaN
1238,NaN,NaN,1.397,NaN,NaN,NaN,NaN,NaN,NaN,NaN,NaN,NaN,NaN,-0.11833,NaN,NaN,NaN,NaN,NaN,NaN,NaN,NaN,NaN,NaN,NaN,NaN,-0.77773,0.2827,NaN,NaN,0.57217,-0.61206,1.1925,0.54699,0.44816,-0.12441,0.79186,NaN,NaN,NaN,NaN
1239,NaN,NaN,0.571,NaN,NaN,NaN,NaN,NaN,NaN,NaN,NaN,NaN,NaN,0.21578,NaN,NaN,NaN,NaN,NaN,NaN,NaN,NaN,NaN,NaN,NaN,NaN,-0.50087,0.39057,NaN,NaN,-0.22942,-1.378,0.77171,-0.21049,0.84028,0.70609,0.71479,NaN,NaN,NaN,NaN
1240,NaN,NaN,-1.279,NaN,NaN,NaN,NaN,NaN,NaN,NaN,NaN,NaN,NaN,-0.7838,NaN,NaN,NaN,NaN,NaN,NaN,NaN,NaN,NaN,NaN,NaN,NaN,0.3839,-1.6904,NaN,NaN,-1.532,-1.6844,-0.80615,-1.4414,-1.8224,-0.18189,0.45892,NaN,NaN,NaN,NaN
1241,NaN,NaN,0.751,NaN,NaN,NaN,NaN,NaN,NaN,NaN,NaN,NaN,NaN,0.72652,NaN,NaN,NaN,NaN,NaN,NaN,NaN,NaN,NaN,NaN,NaN,NaN,0.59585,-1.1062,NaN,NaN,0.37177,0.00068007,0.56133,0.35762,-1.9609,0.069319,-0.067121,NaN,NaN,NaN,NaN
1242,NaN,NaN,0.122,NaN,NaN,NaN,NaN,NaN,NaN,NaN,NaN,NaN,NaN,0.58822,NaN,NaN,NaN,NaN,NaN,NaN,NaN,NaN,NaN,NaN,NaN,NaN,0.2268,0.47256,NaN,NaN,0.27157,0.15386,0.35095,0.26293,3.1187,1.4408,-0.55968,NaN,NaN,NaN,NaN
1243,NaN,NaN,-0.048003,NaN,NaN,NaN,NaN,NaN,NaN,NaN,NaN,NaN,NaN,-0.74683,NaN,NaN,NaN,NaN,NaN,NaN,NaN,NaN,NaN,NaN,NaN,NaN,0.25483,0.85261,NaN,NaN,-0.73042,-1.5312,0.14057,-0.68392,-1.1249,0.27893,-0.049621,NaN,NaN,NaN,NaN
1244,NaN,NaN,0.327,NaN,NaN,NaN,NaN,NaN,NaN,NaN,NaN,NaN,NaN,-0.25799,NaN,NaN,NaN,NaN,NaN,NaN,NaN,NaN,NaN,NaN,NaN,NaN,-0.68855,0.38419,NaN,NaN,-0.42982,-1.378,0.45614,-0.39987,-0.55007,0.6062,1.1481,NaN,NaN,NaN,NaN
1245,NaN,NaN,0.080997,NaN,NaN,NaN,NaN,NaN,NaN,NaN,NaN,NaN,NaN,-0.64824,NaN,NaN,NaN,NaN,NaN,NaN,NaN,NaN,NaN,NaN,NaN,NaN,-0.071667,0.25681,NaN,NaN,-1.2314,-2.7566,0.35095,-1.1574,-0.39071,0.86581,1.7152,NaN,NaN,NaN,NaN
1246,NaN,NaN,-0.86,NaN,NaN,NaN,NaN,NaN,NaN,NaN,NaN,NaN,NaN,0.14594,NaN,NaN,NaN,NaN,NaN,NaN,NaN,NaN,NaN,NaN,NaN,NaN,0.16731,0.2701,NaN,NaN,-1.3316,-1.378,-0.80615,-1.252,1.4325,2.0269,1.5718,NaN,NaN,NaN,NaN
1247,NaN,NaN,-0.762,NaN,NaN,NaN,NaN,NaN,NaN,NaN,NaN,NaN,NaN,-0.10874,NaN,NaN,NaN,NaN,NaN,NaN,NaN,NaN,NaN,NaN,NaN,NaN,0.19656,0.48982,NaN,NaN,-0.63022,-0.30569,-0.70096,-0.58924,-0.30819,1.1321,1.0068,NaN,NaN,NaN,NaN
1248,NaN,NaN,0.746,NaN,NaN,NaN,NaN,NaN,NaN,NaN,NaN,NaN,NaN,0.28698,NaN,NaN,NaN,NaN,NaN,NaN,NaN,NaN,NaN,NaN,NaN,NaN,-0.19077,0.0053414,NaN,NaN,0.27157,0.00068007,0.35095,0.26293,-0.63679,0.87966,-0.083045,NaN,NaN,NaN,NaN
1249,NaN,NaN,1.893,NaN,NaN,NaN,NaN,NaN,NaN,NaN,NaN,NaN,NaN,0.065156,NaN,NaN,NaN,NaN,NaN,NaN,NaN,NaN,NaN,NaN,NaN,NaN,-0.2424,1.4974,NaN,NaN,0.27157,-0.91843,0.98209,0.26293,1.4512,2.7787,1.1123,NaN,NaN,NaN,NaN
1250,NaN,NaN,-0.159,NaN,NaN,NaN,NaN,NaN,NaN,NaN,NaN,NaN,NaN,-0.041648,NaN,NaN,NaN,NaN,NaN,NaN,NaN,NaN,NaN,NaN,NaN,NaN,0.4609,-0.70109,NaN,NaN,-0.53002,-0.91843,0.035375,-0.49455,-2.3436,0.32721,1.712,NaN,NaN,NaN,NaN
1251,NaN,NaN,-1.954,NaN,NaN,NaN,NaN,NaN,NaN,NaN,NaN,NaN,NaN,0.57727,NaN,NaN,NaN,NaN,NaN,NaN,NaN,NaN,NaN,NaN,NaN,NaN,1.6107,0.243,NaN,NaN,-0.53002,1.5325,-1.7529,-0.49455,2.2742,1.5184,1.1755,NaN,NaN,NaN,NaN
1252,NaN,NaN,0.113,NaN,NaN,NaN,NaN,NaN,NaN,NaN,NaN,NaN,NaN,1.3865,NaN,NaN,NaN,NaN,NaN,NaN,NaN,NaN,NaN,NaN,NaN,NaN,1.0926,-1.073,NaN,NaN,0.071173,1.3793,-1.0165,0.073563,-0.35082,1.5048,0.38759,NaN,NaN,NaN,NaN
1253,NaN,NaN,1.06,NaN,NaN,NaN,NaN,NaN,NaN,NaN,NaN,NaN,NaN,0.6115,NaN,NaN,NaN,NaN,NaN,NaN,NaN,NaN,NaN,NaN,NaN,NaN,0.77167,-0.35469,NaN,NaN,0.57217,0.91979,0.035375,0.54699,-0.59561,2.4794,1.2789,NaN,NaN,NaN,NaN
1254,NaN,NaN,-1.777,NaN,NaN,NaN,NaN,NaN,NaN,NaN,NaN,NaN,NaN,-1.0837,NaN,NaN,NaN,NaN,NaN,NaN,NaN,NaN,NaN,NaN,NaN,NaN,-0.036103,0.31946,NaN,NaN,-0.73042,0.7666,-1.5425,-0.68392,-1.1937,1.349,1.1561,NaN,NaN,NaN,NaN
1255,NaN,NaN,0.912,NaN,NaN,NaN,NaN,NaN,NaN,NaN,NaN,NaN,NaN,0.63752,NaN,NaN,NaN,NaN,NaN,NaN,NaN,NaN,NaN,NaN,NaN,NaN,-0.14623,1.0287,NaN,NaN,0.67237,1.2262,0.035375,0.64168,0.63591,1.8626,1.141,NaN,NaN,NaN,NaN
1256,NaN,NaN,0.402,NaN,NaN,NaN,NaN,NaN,NaN,NaN,NaN,NaN,NaN,-0.041648,NaN,NaN,NaN,NaN,NaN,NaN,NaN,NaN,NaN,NaN,NaN,NaN,-0.075212,1.9971,NaN,NaN,0.17137,0.46023,-0.17501,0.16825,2.388,2.8891,0.66427,NaN,NaN,NaN,NaN
1257,NaN,NaN,0.473,NaN,NaN,NaN,NaN,NaN,NaN,NaN,NaN,NaN,NaN,0.017231,NaN,NaN,NaN,NaN,NaN,NaN,NaN,NaN,NaN,NaN,NaN,NaN,-1.0116,1.064,NaN,NaN,0.67237,0.91979,0.24576,0.64168,-0.76705,0.67772,1.3281,NaN,NaN,NaN,NaN
1258,NaN,NaN,-2.518,NaN,NaN,NaN,NaN,NaN,NaN,NaN,NaN,NaN,NaN,0.86755,NaN,NaN,NaN,NaN,NaN,NaN,NaN,NaN,NaN,NaN,NaN,NaN,0.12676,0.45961,NaN,NaN,0.071173,1.9921,-1.3321,0.073563,-0.27294,0.47139,1.318,NaN,NaN,NaN,NaN
1259,NaN,NaN,1.807,NaN,NaN,NaN,NaN,NaN,NaN,NaN,NaN,NaN,NaN,1.3002,NaN,NaN,NaN,NaN,NaN,NaN,NaN,NaN,NaN,NaN,NaN,NaN,-0.75192,-0.38265,NaN,NaN,0.97296,0.91979,0.77171,0.92573,-0.30097,0.44723,1.6282,NaN,NaN,NaN,NaN
1260,NaN,NaN,0.502,NaN,NaN,NaN,NaN,NaN,NaN,NaN,NaN,NaN,NaN,0.41295,NaN,NaN,NaN,NaN,NaN,NaN,NaN,NaN,NaN,NaN,NaN,NaN,-0.23154,-1.3713,NaN,NaN,0.87276,0.91979,0.45614,0.83105,-0.9981,-0.65575,1.3894,NaN,NaN,NaN,NaN
1261,NaN,NaN,-0.177,NaN,NaN,NaN,NaN,NaN,NaN,NaN,NaN,NaN,NaN,0.4732,NaN,NaN,NaN,NaN,NaN,NaN,NaN,NaN,NaN,NaN,NaN,NaN,0.27721,-0.60996,NaN,NaN,0.57217,1.073,0.035375,0.54699,0.85882,0.51071,0.88847,NaN,NaN,NaN,NaN
1262,NaN,NaN,0.474,NaN,NaN,NaN,NaN,NaN,NaN,NaN,NaN,NaN,NaN,1.3961,NaN,NaN,NaN,NaN,NaN,NaN,NaN,NaN,NaN,NaN,NaN,NaN,0.74419,-1.2223,NaN,NaN,0.97296,1.8389,0.035375,0.92573,-0.036637,0.51308,0.0027657,NaN,NaN,NaN,NaN
1263,NaN,NaN,-1.064,NaN,NaN,NaN,NaN,NaN,NaN,NaN,NaN,NaN,NaN,1.0551,NaN,NaN,NaN,NaN,NaN,NaN,NaN,NaN,NaN,NaN,NaN,NaN,0.54544,-0.0044965,NaN,NaN,0.47197,1.6857,-0.59577,0.45231,-1.7054,0.6129,0.31296,NaN,NaN,NaN,NaN
1264,NaN,NaN,-0.69,NaN,NaN,NaN,NaN,NaN,NaN,NaN,NaN,NaN,NaN,0.1747,NaN,NaN,NaN,NaN,NaN,NaN,NaN,NaN,NaN,NaN,NaN,NaN,-0.60047,1.5366,NaN,NaN,0.17137,0.46023,0.035375,0.16825,1.3938,2.6319,0.71568,NaN,NaN,NaN,NaN
1265,NaN,NaN,0.672,NaN,NaN,NaN,NaN,NaN,NaN,NaN,NaN,NaN,NaN,0.030924,NaN,NaN,NaN,NaN,NaN,NaN,NaN,NaN,NaN,NaN,NaN,NaN,-0.44359,0.84243,NaN,NaN,0.37177,0.00068007,0.56133,0.35762,-0.22483,1.2083,0.87214,NaN,NaN,NaN,NaN
1266,NaN,NaN,-0.065003,NaN,NaN,NaN,NaN,NaN,NaN,NaN,NaN,NaN,NaN,0.070633,NaN,NaN,NaN,NaN,NaN,NaN,NaN,NaN,NaN,NaN,NaN,NaN,-1.0238,0.27424,NaN,NaN,0.87276,1.3793,0.14057,0.83105,0.5657,0.87444,1.0467,NaN,NaN,NaN,NaN
1267,NaN,NaN,0.217,NaN,NaN,NaN,NaN,NaN,NaN,NaN,NaN,NaN,NaN,1.2838,NaN,NaN,NaN,NaN,NaN,NaN,NaN,NaN,NaN,NaN,NaN,NaN,-0.14135,-0.18555,NaN,NaN,0.97296,0.7666,0.77171,0.92573,-0.12229,1.2126,0.67982,NaN,NaN,NaN,NaN
1268,NaN,NaN,0.835,NaN,NaN,NaN,NaN,NaN,NaN,NaN,NaN,NaN,NaN,0.86619,NaN,NaN,NaN,NaN,NaN,NaN,NaN,NaN,NaN,NaN,NaN,NaN,-1.7244,0.7173,NaN,NaN,1.8748,1.6857,1.2977,1.7779,-0.77112,0.87591,1.7268,NaN,NaN,NaN,NaN
1269,NaN,NaN,0.086997,NaN,NaN,NaN,NaN,NaN,NaN,NaN,NaN,NaN,NaN,0.5622,NaN,NaN,NaN,NaN,NaN,NaN,NaN,NaN,NaN,NaN,NaN,NaN,0.40927,1.4922,NaN,NaN,0.97296,1.2262,0.56133,0.92573,0.26667,1.2041,1.8857,NaN,NaN,NaN,NaN
1270,NaN,NaN,-0.514,NaN,NaN,NaN,NaN,NaN,NaN,NaN,NaN,NaN,NaN,1.7124,NaN,NaN,NaN,NaN,NaN,NaN,NaN,NaN,NaN,NaN,NaN,NaN,-0.038873,0.563,NaN,NaN,1.0732,2.4516,-0.2802,1.0204,0.90969,1.1825,0.93383,NaN,NaN,NaN,NaN
1271,NaN,NaN,0.286,NaN,NaN,NaN,NaN,NaN,NaN,NaN,NaN,NaN,NaN,1.1688,NaN,NaN,NaN,NaN,NaN,NaN,NaN,NaN,NaN,NaN,NaN,NaN,-0.16451,0.37383,NaN,NaN,1.2736,1.6857,0.45614,1.2098,0.42273,1.1532,1.4116,NaN,NaN,NaN,NaN
1272,NaN,NaN,0.296,NaN,NaN,NaN,NaN,NaN,NaN,NaN,NaN,NaN,NaN,-0.51542,NaN,NaN,NaN,NaN,NaN,NaN,NaN,NaN,NaN,NaN,NaN,NaN,0.77643,0.80273,NaN,NaN,0.57217,0.61342,0.35095,0.54699,-1.3003,1.2178,0.78302,NaN,NaN,NaN,NaN
1273,NaN,NaN,-0.974,NaN,NaN,NaN,NaN,NaN,NaN,NaN,NaN,NaN,NaN,-0.62359,NaN,NaN,NaN,NaN,NaN,NaN,NaN,NaN,NaN,NaN,NaN,NaN,-0.60014,1.8704,NaN,NaN,0.071173,0.91979,-0.59577,0.073563,2.0056,1.9773,0.56963,NaN,NaN,NaN,NaN
1274,NaN,NaN,-0.629,NaN,NaN,NaN,NaN,NaN,NaN,NaN,NaN,NaN,NaN,0.91685,NaN,NaN,NaN,NaN,NaN,NaN,NaN,NaN,NaN,NaN,NaN,NaN,0.21606,0.93977,NaN,NaN,0.37177,1.6857,-0.70096,0.35762,-0.10206,0.92657,0.31226,NaN,NaN,NaN,NaN
1275,NaN,NaN,2.001,NaN,NaN,NaN,NaN,NaN,NaN,NaN,NaN,NaN,NaN,1.4522,NaN,NaN,NaN,NaN,NaN,NaN,NaN,NaN,NaN,NaN,NaN,NaN,-0.1182,0.12409,NaN,NaN,2.0751,2.1453,1.0873,1.9673,-1.2905,-0.41856,0.26461,NaN,NaN,NaN,NaN
1276,NaN,NaN,-1.104,NaN,NaN,NaN,NaN,NaN,NaN,NaN,NaN,NaN,NaN,0.76349,NaN,NaN,NaN,NaN,NaN,NaN,NaN,NaN,NaN,NaN,NaN,NaN,0.76679,0.51933,NaN,NaN,-0.73042,0.46023,-1.2269,-0.68392,0.29205,0.65151,0.21479,NaN,NaN,NaN,NaN
1277,NaN,NaN,0.56,NaN,NaN,NaN,NaN,NaN,NaN,NaN,NaN,NaN,NaN,-0.46476,NaN,NaN,NaN,NaN,NaN,NaN,NaN,NaN,NaN,NaN,NaN,NaN,0.50212,-0.058519,NaN,NaN,-0.32962,0.15386,-0.49058,-0.30518,-0.66668,-0.13116,-0.42453,NaN,NaN,NaN,NaN
1278,NaN,NaN,-0.861,NaN,NaN,NaN,NaN,NaN,NaN,NaN,NaN,NaN,NaN,0.015862,NaN,NaN,NaN,NaN,NaN,NaN,NaN,NaN,NaN,NaN,NaN,NaN,1.1866,-0.33484,NaN,NaN,-0.42982,0.61342,-1.0165,-0.39987,-0.49926,-0.20779,-0.72735,NaN,NaN,NaN,NaN
1279,NaN,NaN,0.11,NaN,NaN,NaN,NaN,NaN,NaN,NaN,NaN,NaN,NaN,0.77444,NaN,NaN,NaN,NaN,NaN,NaN,NaN,NaN,NaN,NaN,NaN,NaN,0.40263,0.15809,NaN,NaN,0.77256,1.6857,-0.17501,0.73636,0.61941,1.1787,-0.37709,NaN,NaN,NaN,NaN
1280,NaN,NaN,-0.381,NaN,NaN,NaN,NaN,NaN,NaN,NaN,NaN,NaN,NaN,0.88125,NaN,NaN,NaN,NaN,NaN,NaN,NaN,NaN,NaN,NaN,NaN,NaN,0.39288,-0.82795,NaN,NaN,0.47197,2.4516,-1.1217,0.45231,-0.48711,0.38095,0.30513,NaN,NaN,NaN,NaN
1281,NaN,NaN,0.052997,NaN,NaN,NaN,NaN,NaN,NaN,NaN,NaN,NaN,NaN,0.83195,NaN,NaN,NaN,NaN,NaN,NaN,NaN,NaN,NaN,NaN,NaN,NaN,0.19146,0.43251,NaN,NaN,0.47197,1.6857,-0.59577,0.45231,-0.21102,0.72023,1.7814,NaN,NaN,NaN,NaN
1282,NaN,NaN,0.748,NaN,NaN,NaN,NaN,NaN,NaN,NaN,NaN,NaN,NaN,0.21441,NaN,NaN,NaN,NaN,NaN,NaN,NaN,NaN,NaN,NaN,NaN,NaN,0.17506,0.7437,NaN,NaN,0.37177,0.91979,-0.17501,0.35762,-0.078839,0.9333,2.0306,NaN,NaN,NaN,NaN
1283,NaN,NaN,-0.214,NaN,NaN,NaN,NaN,NaN,NaN,NaN,NaN,NaN,NaN,0.22125,NaN,NaN,NaN,NaN,NaN,NaN,NaN,NaN,NaN,NaN,NaN,NaN,0.79494,-0.38024,NaN,NaN,0.47197,1.5325,-0.49058,0.45231,-0.066022,0.33956,1.835,NaN,NaN,NaN,NaN
1284,NaN,NaN,0.147,NaN,NaN,NaN,NaN,NaN,NaN,NaN,NaN,NaN,NaN,0.64025,NaN,NaN,NaN,NaN,NaN,NaN,NaN,NaN,NaN,NaN,NaN,NaN,1.0977,0.19451,NaN,NaN,0.37177,1.3793,-0.38539,0.35762,2.1679,2.0919,-0.28658,NaN,NaN,NaN,NaN
1285,NaN,NaN,-0.229,NaN,NaN,NaN,NaN,NaN,NaN,NaN,NaN,NaN,NaN,0.19935,NaN,NaN,NaN,NaN,NaN,NaN,NaN,NaN,NaN,NaN,NaN,NaN,0.75771,-0.26184,NaN,NaN,0.17137,0.7666,-0.38539,0.16825,0.31608,0.73558,-0.070327,NaN,NaN,NaN,NaN
1286,NaN,NaN,-0.193,NaN,NaN,NaN,NaN,NaN,NaN,NaN,NaN,NaN,NaN,0.1925,NaN,NaN,NaN,NaN,NaN,NaN,NaN,NaN,NaN,NaN,NaN,NaN,1.7893,-0.31206,NaN,NaN,0.071173,1.2262,-0.80615,0.073563,-0.99913,0.45588,0.043144,NaN,NaN,NaN,NaN
1287,NaN,NaN,0.656,NaN,NaN,NaN,NaN,NaN,NaN,NaN,NaN,NaN,NaN,0.37051,NaN,NaN,NaN,NaN,NaN,NaN,NaN,NaN,NaN,NaN,NaN,NaN,0.94639,-0.70523,NaN,NaN,0.27157,1.073,-0.38539,0.26293,-1.016,-0.16992,0.44834,NaN,NaN,NaN,NaN
1288,NaN,NaN,-1.46,NaN,NaN,NaN,NaN,NaN,NaN,NaN,NaN,NaN,NaN,-0.44832,NaN,NaN,NaN,NaN,NaN,NaN,NaN,NaN,NaN,NaN,NaN,NaN,0.61734,-1.2474,NaN,NaN,-0.93081,0.15386,-1.3321,-0.87329,-0.36361,0.53024,0.34721,NaN,NaN,NaN,NaN
1289,NaN,NaN,-0.020003,NaN,NaN,NaN,NaN,NaN,NaN,NaN,NaN,NaN,NaN,0.46362,NaN,NaN,NaN,NaN,NaN,NaN,NaN,NaN,NaN,NaN,NaN,NaN,0.91703,-0.52815,NaN,NaN,0.57217,1.2262,-0.17501,0.54699,-0.1101,1.1623,2.1909,NaN,NaN,NaN,NaN
1290,NaN,NaN,1.685,NaN,NaN,NaN,NaN,NaN,NaN,NaN,NaN,NaN,NaN,0.39789,NaN,NaN,NaN,NaN,NaN,NaN,NaN,NaN,NaN,NaN,NaN,NaN,-0.081527,-0.64983,NaN,NaN,1.3738,0.7666,1.2977,1.3045,-0.29841,1.218,1.5392,NaN,NaN,NaN,NaN
1291,NaN,NaN,-0.053003,NaN,NaN,NaN,NaN,NaN,NaN,NaN,NaN,NaN,NaN,-0.47708,NaN,NaN,NaN,NaN,NaN,NaN,NaN,NaN,NaN,NaN,NaN,NaN,0.084658,-0.53108,NaN,NaN,1.7746,0.30705,2.1392,1.6832,1.1994,1.9917,1.0635,NaN,NaN,NaN,NaN
1292,NaN,NaN,-1.017,NaN,NaN,NaN,NaN,NaN,NaN,NaN,NaN,NaN,NaN,0.10213,NaN,NaN,NaN,NaN,NaN,NaN,NaN,NaN,NaN,NaN,NaN,NaN,0.28663,0.26838,NaN,NaN,-1.1312,-1.0716,-0.91134,-1.0627,0.4406,1.4436,0.20287,NaN,NaN,NaN,NaN
1293,NaN,NaN,0.968,NaN,NaN,NaN,NaN,NaN,NaN,NaN,NaN,NaN,NaN,0.45129,NaN,NaN,NaN,NaN,NaN,NaN,NaN,NaN,NaN,NaN,NaN,NaN,0.087428,-0.45963,NaN,NaN,-0.12922,-0.76524,0.35095,-0.11581,0.0097765,1.4948,0.67936,NaN,NaN,NaN,NaN
1294,NaN,NaN,0.046997,NaN,NaN,NaN,NaN,NaN,NaN,NaN,NaN,NaN,NaN,0.81963,NaN,NaN,NaN,NaN,NaN,NaN,NaN,NaN,NaN,NaN,NaN,NaN,-0.63426,0.15187,NaN,NaN,-0.53002,-0.1525,-0.59577,-0.49455,0.70904,1.8643,0.88374,NaN,NaN,NaN,NaN
1295,NaN,NaN,-0.453,NaN,NaN,NaN,NaN,NaN,NaN,NaN,NaN,NaN,NaN,0.16648,NaN,NaN,NaN,NaN,NaN,NaN,NaN,NaN,NaN,NaN,NaN,NaN,-0.46597,-0.86868,NaN,NaN,0.17137,-0.30569,0.45614,0.16825,-1.9345,0.46064,0.71638,NaN,NaN,NaN,NaN
1296,NaN,NaN,-0.943,NaN,NaN,NaN,NaN,NaN,NaN,NaN,NaN,NaN,NaN,-0.80023,NaN,NaN,NaN,NaN,NaN,NaN,NaN,NaN,NaN,NaN,NaN,NaN,-0.024692,0.083009,NaN,NaN,-1.1312,-0.30569,-1.3321,-1.0627,0.50529,1.3097,0.75865,NaN,NaN,NaN,NaN
1297,NaN,NaN,-0.797,NaN,NaN,NaN,NaN,NaN,NaN,NaN,NaN,NaN,NaN,-0.67426,NaN,NaN,NaN,NaN,NaN,NaN,NaN,NaN,NaN,NaN,NaN,NaN,0.33272,0.71315,NaN,NaN,-0.029025,-0.45887,0.14057,-0.021123,0.25899,1.1842,0.97948,NaN,NaN,NaN,NaN
1298,NaN,NaN,2.032,NaN,NaN,NaN,NaN,NaN,NaN,NaN,NaN,NaN,NaN,0.70187,NaN,NaN,NaN,NaN,NaN,NaN,NaN,NaN,NaN,NaN,NaN,NaN,-0.98004,0.016733,NaN,NaN,1.9749,0.30705,2.3496,1.8726,0.23567,1.3474,0.89729,NaN,NaN,NaN,NaN
1299,NaN,NaN,-0.194,NaN,NaN,NaN,NaN,NaN,NaN,NaN,NaN,NaN,NaN,0.17744,NaN,NaN,NaN,NaN,NaN,NaN,NaN,NaN,NaN,NaN,NaN,NaN,0.89963,0.31153,NaN,NaN,-0.029025,-0.30569,0.14057,-0.021123,0.022933,1.1482,0.55375,NaN,NaN,NaN,NaN
1300,NaN,NaN,-0.851,NaN,NaN,NaN,NaN,NaN,NaN,0.32934,0.29678,0.2267,0.053938,-0.051233,NaN,NaN,NaN,NaN,NaN,NaN,NaN,NaN,NaN,NaN,NaN,NaN,-0.14878,-0.50088,NaN,NaN,-0.029025,-0.45887,0.14057,-0.021123,0.8567,1.2328,0.81214,NaN,NaN,NaN,NaN
1301,NaN,NaN,0.578,0.72458,NaN,NaN,NaN,NaN,NaN,0.99929,1.0588,1.014,0.85114,1.5399,NaN,NaN,NaN,NaN,NaN,NaN,NaN,NaN,NaN,NaN,NaN,NaN,-0.47838,-1.5537,NaN,NaN,1.474,0.46023,1.508,1.3992,-2.1719,-0.0559,1.1235,NaN,NaN,NaN,NaN
1302,NaN,NaN,0.66,0.39213,NaN,NaN,NaN,NaN,NaN,1.2815,1.3155,1.3131,1.2011,0.91274,NaN,NaN,NaN,NaN,NaN,NaN,NaN,NaN,NaN,NaN,NaN,NaN,-1.0659,-1.5703,NaN,NaN,1.0732,0.30705,1.0873,1.0204,-0.10588,1.3236,1.1425,NaN,NaN,NaN,NaN
1303,NaN,NaN,-0.025003,1.0316,NaN,NaN,NaN,NaN,NaN,0.096673,0.11804,0.097389,0.078684,-0.078619,NaN,NaN,NaN,NaN,NaN,NaN,NaN,NaN,NaN,NaN,NaN,NaN,-0.40348,-0.7023,NaN,NaN,0.47197,-1.0716,0.98209,0.45231,0.7172,1.7656,0.53102,NaN,NaN,NaN,NaN
1304,NaN,NaN,-1.137,0.13368,NaN,NaN,NaN,NaN,NaN,0.24683,0.30753,0.3484,0.36327,-1.0453,NaN,NaN,NaN,NaN,NaN,NaN,NaN,NaN,NaN,NaN,NaN,NaN,-0.29136,-1.6003,NaN,NaN,-0.029025,-1.0716,0.56133,-0.021123,0.83866,1.541,1.332,NaN,NaN,NaN,NaN
1305,NaN,NaN,1.216,-0.36223,NaN,NaN,NaN,NaN,NaN,1.5158,1.5036,1.4767,1.3372,0.57864,NaN,NaN,NaN,NaN,NaN,NaN,NaN,NaN,NaN,NaN,NaN,NaN,-0.77242,0.49776,NaN,NaN,-0.53002,-1.0716,-0.17501,-0.49455,-0.66143,1.3129,1.2643,NaN,NaN,NaN,NaN
1306,NaN,NaN,0.455,1.1995,NaN,NaN,NaN,NaN,NaN,0.91513,0.876,0.86437,0.84053,0.3527,NaN,NaN,NaN,NaN,NaN,NaN,NaN,NaN,NaN,NaN,NaN,NaN,-1.332,0.77788,NaN,NaN,0.77256,-1.0716,1.4029,0.73636,1.1814,1.9371,1.2879,NaN,NaN,NaN,NaN
1307,NaN,NaN,-1.582,0.66714,NaN,NaN,NaN,NaN,NaN,-0.19375,-0.26228,-0.22715,-0.24126,-0.35247,NaN,NaN,NaN,NaN,NaN,NaN,NaN,NaN,NaN,NaN,NaN,NaN,0.57845,-0.008984,NaN,NaN,-0.32962,-0.61206,-0.17501,-0.30518,-0.89829,0.72003,0.054021,NaN,NaN,NaN,NaN
1308,NaN,NaN,-0.749,-1.6512,NaN,NaN,NaN,NaN,NaN,-0.59968,-0.68292,-0.66198,-0.72205,-0.22102,NaN,NaN,NaN,NaN,NaN,NaN,NaN,NaN,NaN,NaN,NaN,NaN,0.93896,-1.4305,NaN,NaN,-1.4318,-0.76524,-1.4373,-1.3467,-0.19078,0.87182,0.47806,NaN,NaN,NaN,NaN
1309,NaN,NaN,0.261,0.030965,NaN,NaN,NaN,NaN,NaN,0.4399,0.51584,0.41813,-0.027373,1.0154,NaN,NaN,NaN,NaN,NaN,NaN,NaN,NaN,NaN,NaN,NaN,NaN,-1.042,0.58526,NaN,NaN,0.67237,-0.76524,1.1925,0.64168,0.29714,1.1561,0.89243,NaN,NaN,NaN,NaN
1310,NaN,NaN,0.775,0.43631,NaN,NaN,NaN,NaN,NaN,0.70227,0.63679,0.59434,0.4658,0.41295,NaN,NaN,NaN,NaN,NaN,NaN,NaN,NaN,NaN,NaN,NaN,NaN,-2.8566,-0.1481,NaN,NaN,0.47197,-0.91843,0.98209,0.45231,-0.61129,1.8946,0.83375,NaN,NaN,NaN,NaN
1311,NaN,NaN,0.169,0.0033526,NaN,NaN,NaN,NaN,NaN,0.80623,0.77521,0.68055,0.52236,0.57316,NaN,NaN,NaN,NaN,NaN,NaN,NaN,NaN,NaN,NaN,NaN,NaN,-0.3369,-1.0085,NaN,NaN,-0.029025,0.00068007,-0.069816,-0.021123,0.0012352,1.6315,0.49003,NaN,NaN,NaN,NaN
1312,NaN,NaN,-0.596,0.069621,NaN,NaN,NaN,NaN,NaN,-0.2614,-0.29991,-0.29307,-0.34555,0.79087,NaN,NaN,NaN,NaN,NaN,NaN,NaN,NaN,NaN,NaN,NaN,NaN,-0.84908,0.36503,NaN,NaN,0.47197,0.46023,0.35095,0.45231,1.3384,1.7804,0.75655,NaN,NaN,NaN,NaN
1313,NaN,NaN,1.273,0.7809,NaN,NaN,NaN,NaN,NaN,2.1082,2.1702,2.2386,2.2705,1.9151,NaN,NaN,NaN,NaN,NaN,NaN,NaN,NaN,NaN,NaN,NaN,NaN,-1.2587,1.3992,NaN,NaN,1.7746,-0.30569,2.3496,1.6832,0.13199,1.9531,1.3642,NaN,NaN,NaN,NaN
1314,NaN,NaN,1.926,1.9439,NaN,NaN,NaN,NaN,NaN,1.6379,1.5963,1.6187,1.6254,1.7946,NaN,NaN,NaN,NaN,NaN,NaN,NaN,NaN,NaN,NaN,NaN,NaN,-1.0651,1.0547,NaN,NaN,1.474,0.00068007,1.8236,1.3992,-0.21515,1.8063,1.1233,NaN,NaN,NaN,NaN
1315,NaN,NaN,-0.892,-0.57981,NaN,NaN,NaN,NaN,NaN,-1.527,-1.7285,-1.7434,-1.8604,-0.55924,NaN,NaN,NaN,NaN,NaN,NaN,NaN,NaN,NaN,NaN,NaN,NaN,1.4397,-0.66571,NaN,NaN,-0.73042,-0.1525,-0.80615,-0.68392,-0.8652,1.1039,1.7915,NaN,NaN,NaN,NaN
1316,NaN,NaN,-2.962,-1.7053,NaN,NaN,NaN,NaN,NaN,-2.3752,-2.2123,-2.1465,-2.1609,-2.5296,NaN,NaN,NaN,NaN,NaN,NaN,NaN,NaN,NaN,NaN,NaN,NaN,2.3401,0.92769,NaN,NaN,-2.534,-0.61206,-2.91,-2.3883,-0.45174,1.0712,0.82453,NaN,NaN,NaN,NaN
1317,NaN,NaN,0.053997,-1.5882,NaN,NaN,NaN,NaN,NaN,0.23528,0.25781,0.28628,0.2961,0.5581,NaN,NaN,NaN,NaN,NaN,NaN,NaN,NaN,NaN,NaN,NaN,NaN,1.1941,1.3481,NaN,NaN,-1.031,-0.30569,-1.1217,-0.96798,1.7131,2.1434,1.5568,NaN,NaN,NaN,NaN
1318,NaN,NaN,1.085,-0.59969,NaN,NaN,NaN,NaN,NaN,0.50755,0.42042,0.30657,0.31024,0.57727,NaN,NaN,NaN,NaN,NaN,NaN,NaN,NaN,NaN,NaN,NaN,NaN,1.1731,0.55074,NaN,NaN,-0.83062,-0.61206,-0.80615,-0.77861,-0.9125,0.90781,0.3089,NaN,NaN,NaN,NaN
1319,NaN,NaN,-0.127,0.48601,NaN,NaN,NaN,NaN,NaN,-0.2284,-0.40205,-0.45915,-0.57711,0.78129,NaN,NaN,NaN,NaN,NaN,NaN,NaN,NaN,NaN,NaN,NaN,NaN,-0.0024231,0.23161,NaN,NaN,0.27157,-0.30569,0.45614,0.26293,1.099,1.2587,0.37771,NaN,NaN,NaN,NaN
1320,NaN,NaN,-0.122,-0.097155,NaN,NaN,NaN,NaN,NaN,-0.096391,-0.072791,-0.062345,-0.17585,0.58822,NaN,NaN,NaN,NaN,NaN,NaN,NaN,NaN,NaN,NaN,NaN,NaN,1.0932,0.37659,NaN,NaN,1.1734,-0.30569,1.508,1.1151,-1.2082,0.33113,0.56716,NaN,NaN,NaN,NaN
1321,NaN,NaN,1.243,1.1001,NaN,NaN,NaN,NaN,NaN,0.71052,0.76042,0.75281,0.69382,1.5809,NaN,NaN,NaN,NaN,NaN,NaN,NaN,NaN,NaN,NaN,NaN,NaN,-0.90115,0.74698,NaN,NaN,0.97296,0.15386,1.0873,0.92573,-0.18216,0.79746,0.54177,NaN,NaN,NaN,NaN
1322,NaN,NaN,0.128,-0.17005,NaN,NaN,NaN,NaN,NaN,-0.35216,-0.4894,-0.54155,-0.66195,0.49922,NaN,NaN,NaN,NaN,NaN,NaN,NaN,NaN,NaN,NaN,NaN,NaN,0.5512,0.93062,NaN,NaN,-0.22942,-0.91843,0.14057,-0.21049,-0.64992,0.32133,0.034129,NaN,NaN,NaN,NaN
1323,NaN,NaN,-0.671,-0.56545,NaN,NaN,NaN,NaN,NaN,-0.07989,-0.14939,-0.22842,-0.41272,-0.39766,NaN,NaN,NaN,NaN,NaN,NaN,NaN,NaN,NaN,NaN,NaN,NaN,0.23688,0.069719,NaN,NaN,-1.3316,-1.6844,-0.91134,-1.252,1.012,0.39568,0.14183,NaN,NaN,NaN,NaN
1324,NaN,NaN,-1.505,-0.90674,NaN,NaN,NaN,NaN,NaN,-0.75479,-0.94363,-0.99793,-1.0208,-0.98645,NaN,NaN,NaN,NaN,NaN,NaN,NaN,NaN,NaN,NaN,NaN,NaN,0.1231,-0.51952,NaN,NaN,-2.1332,-1.8375,-1.7529,-2.0095,-0.21144,0.35233,0.48111,NaN,NaN,NaN,NaN
1325,NaN,NaN,0.718,-1.3507,NaN,NaN,NaN,NaN,NaN,0.85573,0.92572,0.87958,0.75922,0.25686,NaN,NaN,NaN,NaN,NaN,NaN,NaN,NaN,NaN,NaN,NaN,NaN,0.15257,-0.6431,NaN,NaN,-0.42982,-0.1525,-0.59577,-0.39987,-0.93751,-0.12026,0.86365,NaN,NaN,NaN,NaN
1326,NaN,NaN,1.128,0.12816,NaN,NaN,NaN,NaN,NaN,0.51746,0.27931,0.1443,-0.057423,1.4632,NaN,NaN,NaN,NaN,NaN,NaN,NaN,NaN,NaN,NaN,NaN,NaN,-0.89251,-0.45928,NaN,NaN,0.87276,1.3793,0.45614,0.83105,0.53404,0.74113,0.7325,NaN,NaN,NaN,NaN
1327,NaN,NaN,0.277,0.60198,NaN,NaN,NaN,NaN,NaN,-0.19375,-0.21121,-0.15109,-0.092775,-0.051233,NaN,NaN,NaN,NaN,NaN,NaN,NaN,NaN,NaN,NaN,NaN,NaN,-0.52801,0.099406,NaN,NaN,1.1734,0.46023,1.0873,1.1151,0.85778,0.78698,0.20154,NaN,NaN,NaN,NaN
1328,NaN,NaN,-1.317,0.56664,NaN,NaN,NaN,NaN,NaN,-0.39176,-0.29185,-0.26138,-0.19883,0.23905,NaN,NaN,NaN,NaN,NaN,NaN,NaN,NaN,NaN,NaN,NaN,NaN,0.3151,-0.11548,NaN,NaN,0.87276,1.3793,0.35095,0.83105,-0.83342,-0.47232,0.21172,NaN,NaN,NaN,NaN
1329,NaN,NaN,-1.08,0.50699,NaN,NaN,NaN,NaN,NaN,-0.56338,-0.62782,-0.68353,-0.84579,0.45403,NaN,NaN,NaN,NaN,NaN,NaN,NaN,NaN,NaN,NaN,NaN,NaN,-0.1008,-0.048508,NaN,NaN,1.474,1.8389,0.98209,1.3992,-0.030074,0.11189,0.53482,NaN,NaN,NaN,NaN
1330,NaN,NaN,0.818,0.98081,NaN,NaN,NaN,NaN,NaN,0.67752,0.75102,0.7097,0.58599,1.9205,NaN,NaN,NaN,NaN,NaN,NaN,NaN,NaN,NaN,NaN,NaN,NaN,-0.98868,0.88023,NaN,NaN,1.474,1.8389,0.8769,1.3992,-0.0016932,0.40789,1.7146,NaN,NaN,NaN,NaN
1331,NaN,NaN,0.345,0.14914,NaN,NaN,NaN,NaN,NaN,1.265,1.1421,1.1357,1.1304,1.3714,NaN,NaN,NaN,NaN,NaN,NaN,NaN,NaN,NaN,NaN,NaN,NaN,-0.16407,1.3583,NaN,NaN,0.97296,0.7666,0.77171,0.92573,0.32815,0.86221,1.5288,NaN,NaN,NaN,NaN
1332,NaN,NaN,0.476,0.16129,NaN,NaN,NaN,NaN,NaN,1.3013,1.1166,1.0659,0.84584,1.2783,NaN,NaN,NaN,NaN,NaN,NaN,NaN,NaN,NaN,NaN,NaN,NaN,-0.96154,0.051252,NaN,NaN,0.47197,-0.1525,0.66652,0.45231,1.133,0.93682,1.0349,NaN,NaN,NaN,NaN
1333,NaN,NaN,1.1,0.34685,NaN,NaN,NaN,NaN,NaN,1.3128,1.2375,1.2954,1.1622,1.4344,NaN,NaN,NaN,NaN,NaN,NaN,NaN,NaN,NaN,NaN,NaN,NaN,-0.17105,-0.9139,NaN,NaN,0.67237,0.30705,0.66652,0.64168,-1.0515,0.14542,1.2675,NaN,NaN,NaN,NaN
1334,NaN,NaN,0.37,0.02986,NaN,NaN,NaN,NaN,NaN,0.62306,0.622,0.61589,0.44282,0.47183,NaN,NaN,NaN,NaN,NaN,NaN,NaN,NaN,NaN,NaN,NaN,NaN,1.1289,0.68191,NaN,NaN,0.27157,-0.1525,0.45614,0.26293,-0.53686,0.62126,1.5653,NaN,NaN,NaN,NaN
1335,NaN,NaN,-1.636,0.087293,NaN,NaN,NaN,NaN,NaN,-0.75149,-0.80118,-0.81665,-1.0049,0.15005,NaN,NaN,NaN,NaN,NaN,NaN,NaN,NaN,NaN,NaN,NaN,NaN,0.40783,0.76442,NaN,NaN,0.071173,0.30705,-0.069816,0.073563,0.8008,0.90978,1.791,NaN,NaN,NaN,NaN
1336,NaN,NaN,-0.388,-1.8853,NaN,NaN,NaN,NaN,NaN,-0.099691,-0.029786,-0.085164,-0.3756,0.1747,NaN,NaN,NaN,NaN,NaN,NaN,NaN,NaN,NaN,NaN,NaN,NaN,1.8262,0.2632,NaN,NaN,-1.031,0.7666,-1.6477,-0.96798,0.17906,0.55797,0.4349,NaN,NaN,NaN,NaN
1337,NaN,NaN,1.468,0.39213,NaN,NaN,NaN,NaN,NaN,0.97289,1.0628,1.052,0.96073,1.5741,NaN,NaN,NaN,NaN,NaN,NaN,NaN,NaN,NaN,NaN,NaN,NaN,0.73766,-0.43374,NaN,NaN,1.3738,1.073,1.0873,1.3045,1.0206,0.49106,0.61436,NaN,NaN,NaN,NaN
1338,NaN,NaN,-1.278,-0.1082,NaN,NaN,NaN,NaN,NaN,-2.2383,-2.352,-2.4229,-2.4031,-1.1028,NaN,NaN,NaN,NaN,NaN,NaN,NaN,NaN,NaN,NaN,NaN,NaN,1.1624,-0.5423,NaN,NaN,0.67237,0.7666,0.35095,0.64168,-1.4307,-0.53593,0.9145,NaN,NaN,NaN,NaN
1339,NaN,NaN,0.332,0.077353,NaN,NaN,NaN,NaN,NaN,0.037269,0.34919,0.36488,0.21126,-0.8728,NaN,NaN,NaN,NaN,NaN,NaN,NaN,NaN,NaN,NaN,NaN,NaN,-0.13393,-0.00018165,NaN,NaN,-0.73042,-1.2248,-0.38539,-0.68392,-0.26918,0.23629,0.48658,NaN,NaN,NaN,NaN
1340,NaN,NaN,-0.346,-0.64166,NaN,NaN,NaN,NaN,NaN,0.56366,0.50643,0.45996,0.47463,-0.70164,NaN,NaN,NaN,NaN,NaN,NaN,NaN,NaN,NaN,NaN,NaN,NaN,-0.45999,-0.70868,NaN,NaN,-1.7324,-1.8375,-1.2269,-1.6308,0.96823,0.67984,0.53808,NaN,NaN,NaN,NaN
1341,NaN,NaN,0.231,0.087293,NaN,NaN,NaN,NaN,NaN,-0.33896,-0.39398,-0.38815,-0.266,-1.0029,NaN,NaN,NaN,NaN,NaN,NaN,NaN,NaN,NaN,NaN,NaN,NaN,-0.10346,-1.0173,NaN,NaN,0.37177,-1.8375,1.2977,0.35762,-1.4364,-0.054022,0.25058,NaN,NaN,NaN,NaN
1342,NaN,NaN,-0.266,1.0935,NaN,NaN,NaN,NaN,NaN,-0.2185,-0.17896,-0.12573,-0.11045,-1.4246,NaN,NaN,NaN,NaN,NaN,NaN,NaN,NaN,NaN,NaN,NaN,NaN,0.73201,0.25422,NaN,NaN,0.47197,-1.5312,1.1925,0.45231,-0.58341,0.26802,0.0911,NaN,NaN,NaN,NaN
1343,NaN,NaN,0.124,-0.060707,NaN,NaN,NaN,NaN,NaN,0.022418,0.010531,-0.023045,-0.13697,-0.58799,NaN,NaN,NaN,NaN,NaN,NaN,NaN,NaN,NaN,NaN,NaN,NaN,0.23079,0.041932,NaN,NaN,-0.93081,-0.91843,-0.70096,-0.87329,0.48107,0.78125,0.6474,NaN,NaN,NaN,NaN
1344,NaN,NaN,0.022997,-0.69468,NaN,NaN,NaN,NaN,NaN,0.42505,0.37741,0.33319,0.21479,-0.12791,NaN,NaN,NaN,NaN,NaN,NaN,NaN,NaN,NaN,NaN,NaN,NaN,0.18426,-0.44323,NaN,NaN,-0.63022,-0.76524,-0.49058,-0.58924,1.0912,1.2005,1.4322,NaN,NaN,NaN,NaN
1345,NaN,NaN,0.507,0.31813,NaN,NaN,NaN,NaN,NaN,0.47125,0.52255,0.51194,0.43044,-0.13476,NaN,NaN,NaN,NaN,NaN,NaN,NaN,NaN,NaN,NaN,NaN,NaN,-0.47638,-0.75718,NaN,NaN,0.071173,-0.45887,0.35095,0.073563,-1.4689,-0.047596,0.12548,NaN,NaN,NaN,NaN
1346,NaN,NaN,0.996,0.78422,NaN,NaN,NaN,NaN,NaN,0.31284,0.31828,0.29896,0.14762,1.4071,NaN,NaN,NaN,NaN,NaN,NaN,NaN,NaN,NaN,NaN,NaN,NaN,-0.0037526,1.3091,NaN,NaN,0.97296,0.15386,1.1925,0.92573,1.3341,0.81573,-0.17932,NaN,NaN,NaN,NaN
1347,NaN,NaN,-1.225,1.1664,NaN,NaN,NaN,NaN,NaN,-2.2036,-2.2539,-2.2859,-2.3306,-0.94537,NaN,NaN,NaN,NaN,NaN,NaN,NaN,NaN,NaN,NaN,NaN,NaN,-0.82194,-0.84486,NaN,NaN,0.37177,-0.45887,0.56133,0.35762,0.65535,0.25648,0.69116,NaN,NaN,NaN,NaN
1348,NaN,NaN,-0.374,0.17896,NaN,NaN,NaN,NaN,NaN,-0.38351,-0.19105,-0.20813,-0.32433,0.1213,NaN,NaN,NaN,NaN,NaN,NaN,NaN,NaN,NaN,NaN,NaN,NaN,-2.0342,-0.77375,NaN,NaN,-0.029025,0.00068007,-0.069816,-0.021123,-0.085405,0.88868,0.35968,NaN,NaN,NaN,NaN
1349,NaN,NaN,0.876,0.059681,NaN,NaN,NaN,NaN,NaN,-0.060088,-0.032474,-0.16757,-0.21121,1.1989,NaN,NaN,NaN,NaN,NaN,NaN,NaN,NaN,NaN,NaN,NaN,NaN,-0.91312,-0.43719,NaN,NaN,-0.12922,0.7666,-0.59577,-0.11581,-1.7016,-0.87326,0.53015,NaN,NaN,NaN,NaN
1350,NaN,NaN,-0.844,-0.3313,NaN,NaN,NaN,NaN,NaN,-0.41156,-0.36173,-0.38308,-0.47635,-0.69343,NaN,NaN,NaN,NaN,NaN,NaN,NaN,NaN,NaN,NaN,NaN,NaN,-0.36216,0.05712,NaN,NaN,-0.93081,-0.30569,-1.0165,-0.87329,1.0083,0.46938,0.54953,NaN,NaN,NaN,NaN
1351,NaN,NaN,-0.248,0.60087,NaN,NaN,NaN,NaN,NaN,-0.59308,-0.60497,-0.62902,-0.69907,-0.14571,NaN,NaN,NaN,NaN,NaN,NaN,NaN,NaN,NaN,NaN,NaN,NaN,-0.075766,0.15239,NaN,NaN,0.17137,-0.1525,0.24576,0.16825,-0.037675,0.11484,0.94123,NaN,NaN,NaN,NaN
1352,NaN,NaN,-1.022,0.35789,NaN,NaN,NaN,NaN,NaN,-0.41156,-0.36845,-0.39956,-0.44277,-0.77011,NaN,NaN,NaN,NaN,NaN,NaN,NaN,NaN,NaN,NaN,NaN,NaN,-0.26998,0.60839,NaN,NaN,-0.12922,-1.2248,0.35095,-0.11581,-0.74342,-0.007716,1.1832,NaN,NaN,NaN,NaN
1353,NaN,NaN,1.391,0.25186,NaN,NaN,NaN,NaN,NaN,0.64781,0.73355,0.65519,0.37565,0.28561,NaN,NaN,NaN,NaN,NaN,NaN,NaN,NaN,NaN,NaN,NaN,NaN,-0.08751,1.0059,NaN,NaN,-0.12922,-1.8375,0.66652,-0.11581,0.33254,0.70522,0.68524,NaN,NaN,NaN,NaN
1354,NaN,NaN,0.807,0.73231,NaN,NaN,NaN,NaN,NaN,0.61316,0.63141,0.58547,0.44458,0.64299,NaN,NaN,NaN,NaN,NaN,NaN,NaN,NaN,NaN,NaN,NaN,NaN,0.33527,1.1899,NaN,NaN,-0.029025,-1.8375,0.77171,-0.021123,0.43441,0.23543,0.57424,NaN,NaN,NaN,NaN
1355,NaN,NaN,-1.734,-0.20098,NaN,NaN,NaN,NaN,NaN,-1.4693,-1.4153,-1.3554,-1.2576,-1.0864,NaN,NaN,NaN,NaN,NaN,NaN,NaN,NaN,NaN,NaN,NaN,NaN,-0.79579,0.57611,NaN,NaN,-0.93081,-1.5312,-0.49058,-0.87329,1.51,1.228,0.53694,NaN,NaN,NaN,NaN
1356,NaN,NaN,0.77,0.26511,NaN,NaN,NaN,NaN,NaN,1.1594,1.4243,1.4957,1.4415,1.8836,NaN,NaN,NaN,NaN,NaN,NaN,NaN,NaN,NaN,NaN,NaN,NaN,-0.29524,-0.18589,NaN,NaN,0.57217,-0.30569,0.8769,0.54699,-1.1821,-0.11398,0.53656,NaN,NaN,NaN,NaN
1357,NaN,NaN,0.7,0.88583,NaN,NaN,NaN,NaN,NaN,0.26169,0.10864,0.0035769,0.02212,0.67996,NaN,NaN,NaN,NaN,NaN,NaN,NaN,NaN,NaN,NaN,NaN,NaN,0.43841,0.017768,NaN,NaN,0.67237,-0.76524,1.0873,0.64168,-0.51779,0.43299,0.51876,NaN,NaN,NaN,NaN
1358,NaN,NaN,0.248,0.90792,NaN,NaN,NaN,NaN,NaN,0.63791,0.58841,0.51954,0.18474,0.88399,NaN,NaN,NaN,NaN,NaN,NaN,NaN,NaN,NaN,NaN,NaN,NaN,0.37825,-0.53643,NaN,NaN,0.87276,-0.91843,1.508,0.83105,-0.1799,0.27678,0.94971,NaN,NaN,NaN,NaN
1359,NaN,NaN,1.442,0.4109,NaN,NaN,NaN,NaN,NaN,0.95309,0.97276,1.0203,0.97664,0.80183,NaN,NaN,NaN,NaN,NaN,NaN,NaN,NaN,NaN,NaN,NaN,NaN,0.46722,0.51726,NaN,NaN,-0.32962,-1.2248,0.14057,-0.30518,0.68145,0.72962,0.81477,NaN,NaN,NaN,NaN
1360,NaN,NaN,-1.78,-0.61957,NaN,NaN,NaN,NaN,NaN,-1.296,-1.3912,-1.4784,-1.7349,-1.6588,NaN,NaN,NaN,NaN,NaN,NaN,NaN,NaN,NaN,NaN,NaN,NaN,-0.22733,-0.26408,NaN,NaN,-1.4318,-1.6844,-1.0165,-1.3467,0.16641,0.15339,1.0884,NaN,NaN,NaN,NaN
1361,NaN,NaN,-0.582,0.88804,NaN,NaN,NaN,NaN,NaN,-0.12939,-0.053976,-0.081361,-0.30312,-0.36891,NaN,NaN,NaN,NaN,NaN,NaN,NaN,NaN,NaN,NaN,NaN,NaN,0.59341,-1.1417,NaN,NaN,0.37177,-1.2248,0.98209,0.35762,-1.753,-0.72177,0.60091,NaN,NaN,NaN,NaN
1362,NaN,NaN,0.17,0.61192,NaN,NaN,NaN,NaN,NaN,-0.30761,-0.32007,-0.37801,-0.45867,-0.97139,NaN,NaN,NaN,NaN,NaN,NaN,NaN,NaN,NaN,NaN,NaN,NaN,0.084437,0.1536,NaN,NaN,-0.93081,-2.2971,-0.069816,-0.87329,1.4745,1.4533,0.80184,NaN,NaN,NaN,NaN
1363,NaN,NaN,-0.128,-0.093841,NaN,NaN,NaN,NaN,NaN,-1.4264,-1.3132,-1.2984,-1.1905,-0.78928,NaN,NaN,NaN,NaN,NaN,NaN,NaN,NaN,NaN,NaN,NaN,NaN,-0.79657,-0.31845,NaN,NaN,-0.12922,-1.0716,0.35095,-0.11581,0.16916,0.92886,0.64913,NaN,NaN,NaN,NaN
1364,NaN,NaN,-0.281,1.1708,NaN,NaN,NaN,NaN,NaN,-0.81254,-0.68158,-0.71269,-0.84048,-1.4684,NaN,NaN,NaN,NaN,NaN,NaN,NaN,NaN,NaN,NaN,NaN,NaN,0.9814,1.2829,NaN,NaN,-0.42982,-1.5312,0.14057,-0.39987,1.0288,1.2101,1.1387,NaN,NaN,NaN,NaN
1365,NaN,NaN,-0.38,0.027651,NaN,NaN,NaN,NaN,NaN,-0.89505,-0.93288,-1.0524,-1.2523,-0.1197,NaN,NaN,NaN,NaN,NaN,NaN,NaN,NaN,NaN,NaN,NaN,NaN,-0.34488,-0.18779,NaN,NaN,-0.12922,-0.61206,0.035375,-0.11581,-1.0396,-0.74161,1.1509,NaN,NaN,NaN,NaN
1366,NaN,NaN,0.875,0.71905,NaN,NaN,NaN,NaN,NaN,0.075222,0.088477,0.050483,-0.016767,0.91411,NaN,NaN,NaN,NaN,NaN,NaN,NaN,NaN,NaN,NaN,NaN,NaN,-0.20871,-0.53298,NaN,NaN,0.47197,-0.45887,0.77171,0.45231,-1.4325,-0.65967,1.2881,NaN,NaN,NaN,NaN
1367,NaN,NaN,-0.476,-0.15569,NaN,NaN,NaN,NaN,NaN,-0.2251,-0.26094,-0.31336,-0.3809,0.0186,NaN,NaN,NaN,NaN,NaN,NaN,NaN,NaN,NaN,NaN,NaN,NaN,-0.053054,0.69003,NaN,NaN,0.17137,-0.45887,0.45614,0.16825,0.72431,0.32286,1.5443,NaN,NaN,NaN,NaN
1368,NaN,NaN,1.759,1.839,NaN,NaN,NaN,NaN,NaN,1.1775,1.3168,1.3664,1.4238,1.3578,NaN,NaN,NaN,NaN,NaN,NaN,NaN,NaN,NaN,NaN,NaN,NaN,1.424,0.046074,NaN,NaN,1.474,0.15386,1.7184,1.3992,-0.27456,-0.090849,1.8092,NaN,NaN,NaN,NaN
1369,NaN,NaN,-1.764,-0.56545,NaN,NaN,NaN,NaN,NaN,-1.1046,-1.2232,-1.2375,-1.2046,-0.89471,NaN,NaN,NaN,NaN,NaN,NaN,NaN,NaN,NaN,NaN,NaN,NaN,-0.63337,-0.56629,NaN,NaN,-0.32962,-0.30569,-0.2802,-0.30518,0.48619,0.46559,1.7449,NaN,NaN,NaN,NaN
1370,NaN,NaN,0.457,-0.69799,NaN,NaN,NaN,NaN,NaN,0.058721,0.18658,0.18486,-0.050352,0.53345,NaN,NaN,NaN,NaN,NaN,NaN,NaN,NaN,NaN,NaN,NaN,NaN,-0.35795,-0.7791,NaN,NaN,-0.53002,0.46023,-0.91134,-0.49455,-0.31423,-0.45499,0.95716,NaN,NaN,NaN,NaN
1371,NaN,NaN,-0.61,-0.95202,NaN,NaN,NaN,NaN,NaN,-0.31421,-0.33216,-0.40083,-0.5665,-0.42779,NaN,NaN,NaN,NaN,NaN,NaN,NaN,NaN,NaN,NaN,NaN,NaN,0.19013,-0.7218,NaN,NaN,-0.63022,0.15386,-0.91134,-0.58924,0.72074,0.4362,0.32759,NaN,NaN,NaN,NaN
1372,NaN,NaN,0.62,-1.0713,NaN,NaN,NaN,NaN,NaN,0.52406,0.59244,0.56391,0.47463,0.48963,NaN,NaN,NaN,NaN,NaN,NaN,NaN,NaN,NaN,NaN,NaN,NaN,0.43764,0.56231,NaN,NaN,-1.031,-0.61206,-1.0165,-0.96798,0.47174,0.40956,0.57338,NaN,NaN,NaN,NaN
1373,NaN,NaN,0.463,-0.87692,NaN,NaN,NaN,NaN,NaN,0.80128,0.81956,0.85169,0.89003,1.1674,NaN,NaN,NaN,NaN,NaN,NaN,NaN,NaN,NaN,NaN,NaN,NaN,-0.091055,1.3397,NaN,NaN,0.27157,0.15386,0.24576,0.26293,-0.12292,0.27938,0.68715,NaN,NaN,NaN,NaN
1374,NaN,NaN,0.889,1.7484,NaN,NaN,NaN,NaN,NaN,0.17753,0.24168,0.26473,0.30494,1.1469,NaN,NaN,NaN,NaN,NaN,NaN,NaN,NaN,NaN,NaN,NaN,NaN,1.6208,0.35295,NaN,NaN,1.7746,0.46023,1.9288,1.6832,-0.15846,0.49897,0.65759,NaN,NaN,NaN,NaN
1375,NaN,NaN,-0.923,-1.1751,NaN,NaN,NaN,NaN,NaN,-1.5287,-1.6102,-1.5963,-1.5829,-0.047125,NaN,NaN,NaN,NaN,NaN,NaN,NaN,NaN,NaN,NaN,NaN,NaN,-0.68522,-0.75546,NaN,NaN,-1.8326,-0.1525,-2.2788,-1.7255,-0.079162,-0.1541,0.52014,NaN,NaN,NaN,NaN
1376,NaN,NaN,-0.636,-0.43623,NaN,NaN,NaN,NaN,NaN,-1.0865,-0.92482,-0.8775,-0.7521,-0.56334,NaN,NaN,NaN,NaN,NaN,NaN,NaN,NaN,NaN,NaN,NaN,NaN,-0.21481,-0.70109,NaN,NaN,-0.32962,-0.45887,-0.17501,-0.30518,-0.21404,-0.4229,0.51493,NaN,NaN,NaN,NaN
1377,NaN,NaN,-0.366,-0.34898,NaN,NaN,NaN,NaN,NaN,-0.48582,-0.47596,-0.56944,-0.76094,1.0757,NaN,NaN,NaN,NaN,NaN,NaN,NaN,NaN,NaN,NaN,NaN,NaN,-0.96043,-1.1093,NaN,NaN,-0.32962,-0.91843,0.035375,-0.30518,-1.0075,-0.94574,0.58146,NaN,NaN,NaN,NaN
1378,NaN,NaN,0.936,0.14914,NaN,NaN,NaN,NaN,NaN,0.4927,0.4567,0.40672,0.38625,0.51839,NaN,NaN,NaN,NaN,NaN,NaN,NaN,NaN,NaN,NaN,NaN,NaN,0.2422,0.1127,NaN,NaN,-1.031,-1.8375,-0.49058,-0.96798,0.51733,0.70725,0.76574,NaN,NaN,NaN,NaN
1379,NaN,NaN,-1.169,-0.39205,NaN,NaN,NaN,NaN,NaN,0.10327,0.018594,-0.044597,-0.18823,-0.24978,NaN,NaN,NaN,NaN,NaN,NaN,NaN,NaN,NaN,NaN,NaN,NaN,0.18758,0.46686,NaN,NaN,-0.63022,-0.76524,-0.49058,-0.58924,0.56677,0.32732,1.5757,NaN,NaN,NaN,NaN
1380,NaN,NaN,1.322,0.55007,NaN,NaN,NaN,NaN,NaN,1.5372,1.6716,1.7556,1.7774,1.4043,NaN,NaN,NaN,NaN,NaN,NaN,NaN,NaN,NaN,NaN,NaN,NaN,1.1373,0.075242,NaN,NaN,0.67237,-0.1525,0.77171,0.64168,0.0070888,0.10994,1.2402,NaN,NaN,NaN,NaN
1381,NaN,NaN,-0.075003,1.8578,NaN,NaN,NaN,NaN,NaN,-0.8307,-0.89929,-0.86862,-0.79629,0.7183,NaN,NaN,NaN,NaN,NaN,NaN,NaN,NaN,NaN,NaN,NaN,NaN,2.335,0.97515,NaN,NaN,0.67237,-0.91843,1.2977,0.64168,0.051087,0.027449,0.35576,NaN,NaN,NaN,NaN
1382,NaN,NaN,-1.217,-0.83936,NaN,NaN,NaN,NaN,NaN,-0.66238,-0.38054,-0.33491,-0.48342,-0.98508,NaN,NaN,NaN,NaN,NaN,NaN,NaN,NaN,NaN,NaN,NaN,NaN,0.92733,0.58095,NaN,NaN,-1.4318,-0.45887,-1.5425,-1.3467,0.75267,-0.42067,0.47275,NaN,NaN,NaN,NaN
1383,NaN,NaN,1.099,-1.301,NaN,NaN,NaN,NaN,NaN,0.82933,0.88944,0.85676,0.78043,-0.31277,NaN,NaN,NaN,NaN,NaN,NaN,NaN,NaN,NaN,NaN,NaN,NaN,-0.25691,-0.70333,NaN,NaN,-0.73042,-1.0716,-0.38539,-0.68392,-0.19278,-0.70453,0.82707,NaN,NaN,NaN,NaN
1384,NaN,NaN,-0.715,0.39434,NaN,NaN,NaN,NaN,NaN,-0.95281,-1.0888,-1.1539,-1.1551,0.3842,NaN,NaN,NaN,NaN,NaN,NaN,NaN,NaN,NaN,NaN,NaN,NaN,0.39321,1.2712,NaN,NaN,0.57217,-0.1525,0.66652,0.54699,-0.73045,-0.62302,1.0842,NaN,NaN,NaN,NaN
1385,NaN,NaN,0.613,1.1354,NaN,NaN,NaN,NaN,NaN,1.0009,1.1891,1.2751,1.3602,0.73884,NaN,NaN,NaN,NaN,NaN,NaN,NaN,NaN,NaN,NaN,NaN,NaN,0.82585,1.0366,NaN,NaN,1.1734,0.00068007,1.4029,1.1151,-0.052211,-0.94095,1.1487,NaN,NaN,NaN,NaN
1386,NaN,NaN,0.674,0.43631,NaN,NaN,NaN,NaN,NaN,0.23033,0.046816,-0.010368,-0.10515,0.30752,NaN,NaN,NaN,NaN,NaN,NaN,NaN,NaN,NaN,NaN,NaN,NaN,0.85454,0.028124,NaN,NaN,-0.42982,-1.378,0.14057,-0.39987,-1.8712,-1.9467,0.85381,NaN,NaN,NaN,NaN
1387,NaN,NaN,-0.033003,-0.62399,NaN,NaN,NaN,NaN,NaN,-0.79439,-0.8294,-0.76594,-0.73266,-0.34563,NaN,NaN,NaN,NaN,NaN,NaN,NaN,NaN,NaN,NaN,NaN,NaN,-0.38675,-0.24561,NaN,NaN,-0.53002,0.15386,-0.70096,-0.49455,1.1078,-0.76979,0.82103,NaN,NaN,NaN,NaN
1388,NaN,NaN,-0.161,-0.33462,NaN,NaN,NaN,NaN,NaN,0.38545,0.54271,0.64505,0.71857,-0.27716,NaN,NaN,NaN,NaN,NaN,NaN,NaN,NaN,NaN,NaN,NaN,NaN,-0.92099,-0.15017,NaN,NaN,-0.42982,-0.91843,-0.069816,-0.39987,1.0184,0.17395,0.66417,NaN,NaN,NaN,NaN
1389,NaN,NaN,-0.574,-1.2812,NaN,NaN,NaN,NaN,NaN,0.32274,0.31963,0.32305,0.37034,-0.62085,NaN,NaN,NaN,NaN,NaN,NaN,NaN,NaN,NaN,NaN,NaN,NaN,-1.3261,-0.46895,NaN,NaN,-2.033,-1.5312,-1.7529,-1.9148,0.011046,-0.14011,0.96616,NaN,NaN,NaN,NaN
1390,NaN,NaN,-1.019,-1.7461,NaN,NaN,NaN,NaN,NaN,-1.4709,-1.5524,-1.5557,-1.4733,0.39789,NaN,NaN,NaN,NaN,NaN,NaN,NaN,NaN,NaN,NaN,NaN,NaN,-0.85684,-0.25873,NaN,NaN,-2.4338,-1.9907,-2.0684,-2.2936,0.0065709,-0.52291,1.1324,NaN,NaN,NaN,NaN
1391,NaN,NaN,0.309,-0.44948,NaN,NaN,NaN,NaN,NaN,0.23858,0.44326,0.45109,0.35974,-0.082727,NaN,NaN,NaN,NaN,NaN,NaN,NaN,NaN,NaN,NaN,NaN,NaN,-0.038541,0.76718,NaN,NaN,-1.2314,-1.9907,-0.70096,-1.1574,-0.71234,-0.16991,0.67632,NaN,NaN,NaN,NaN
1392,NaN,NaN,0.858,0.62186,NaN,NaN,NaN,NaN,NaN,0.88543,0.87331,0.82253,0.74508,0.79224,NaN,NaN,NaN,NaN,NaN,NaN,NaN,NaN,NaN,NaN,NaN,NaN,0.84823,0.23817,NaN,NaN,0.47197,-0.1525,0.66652,0.45231,-0.20535,-0.58869,-0.59188,NaN,NaN,NaN,NaN
1393,NaN,NaN,-0.629,0.98634,NaN,NaN,NaN,NaN,NaN,0.24353,0.30753,0.35601,0.42691,-0.85774,NaN,NaN,NaN,NaN,NaN,NaN,NaN,NaN,NaN,NaN,NaN,NaN,0.33305,0.74664,NaN,NaN,-0.32962,-3.6758,1.2977,-0.30518,1.0848,-0.63158,-0.71942,NaN,NaN,NaN,NaN
1394,NaN,NaN,0.593,1.2359,NaN,NaN,NaN,NaN,NaN,1.7154,1.8812,1.9825,2.0461,-0.069034,NaN,NaN,NaN,NaN,NaN,NaN,NaN,NaN,NaN,NaN,NaN,NaN,0.35144,1.0977,NaN,NaN,0.27157,-1.9907,1.1925,0.26293,2.8809,0.12804,-0.72829,NaN,NaN,NaN,NaN
1395,NaN,NaN,0.675,0.032069,NaN,NaN,NaN,NaN,NaN,0.4102,0.24571,0.28248,0.24661,0.42802,NaN,NaN,NaN,NaN,NaN,NaN,NaN,NaN,NaN,NaN,NaN,NaN,-1.252,-1.5725,NaN,NaN,-1.031,-2.1439,-0.2802,-0.96798,-1.3125,-1.5047,-1.0236,NaN,NaN,NaN,NaN
1396,NaN,NaN,0.619,-0.56545,NaN,NaN,NaN,NaN,NaN,0.43,0.44326,0.48278,0.26959,-0.4538,NaN,NaN,NaN,NaN,NaN,NaN,NaN,NaN,NaN,NaN,NaN,NaN,-2.0765,-1.7762,NaN,NaN,-0.83062,-1.0716,-0.49058,-0.77861,-2.8012,-2.3691,-0.88415,NaN,NaN,NaN,NaN
1397,NaN,NaN,-1.225,-0.42077,NaN,NaN,NaN,NaN,NaN,-1.7482,-1.711,-1.7396,-1.8622,-1.1672,NaN,NaN,NaN,NaN,NaN,NaN,NaN,NaN,NaN,NaN,NaN,NaN,-2.1259,-0.91735,NaN,NaN,-0.83062,-0.30569,-1.0165,-0.77861,0.30916,-0.84601,0.038901,NaN,NaN,NaN,NaN
1398,NaN,NaN,0.084997,-1.0338,NaN,NaN,NaN,NaN,NaN,0.4432,0.6556,0.69829,0.72033,-0.96181,NaN,NaN,NaN,NaN,NaN,NaN,NaN,NaN,NaN,NaN,NaN,NaN,-3.0847,-1.9431,NaN,NaN,-1.031,-1.378,-0.70096,-0.96798,-0.57937,-1.7168,-0.11547,NaN,NaN,NaN,NaN
1399,NaN,NaN,-1.449,-1.6269,NaN,NaN,NaN,NaN,NaN,-0.86205,-1.0444,-1.1488,-1.1268,-0.62359,NaN,NaN,NaN,NaN,NaN,NaN,NaN,NaN,NaN,NaN,NaN,NaN,-1.9187,-0.57596,NaN,NaN,-2.4338,-1.5312,-2.384,-2.2936,-1.0644,-1.106,-0.083891,NaN,NaN,NaN,NaN
1400,NaN,NaN,0.324,-0.75653,NaN,NaN,NaN,NaN,NaN,0.30294,0.28065,0.30149,0.31555,0.65258,NaN,NaN,NaN,NaN,NaN,NaN,NaN,NaN,NaN,NaN,NaN,NaN,-1.3671,-1.494,NaN,NaN,-1.2314,-1.378,-0.91134,-1.1574,0.26678,-0.54451,0.86698,NaN,NaN,NaN,NaN
1401,NaN,NaN,0.369,-0.33793,NaN,NaN,NaN,NaN,NaN,-0.77954,-0.80656,-0.80397,-0.84402,-0.50173,NaN,NaN,NaN,NaN,NaN,NaN,NaN,NaN,NaN,NaN,NaN,NaN,-0.23597,-1.2082,NaN,NaN,0.27157,-0.45887,0.45614,0.26293,1.3726,0.95728,1.1853,NaN,NaN,NaN,NaN
1402,NaN,NaN,0.083997,0.71132,NaN,NaN,NaN,NaN,NaN,-0.07989,0.081757,0.089783,0.0451,0.313,NaN,NaN,NaN,NaN,NaN,NaN,NaN,NaN,NaN,NaN,NaN,NaN,0.68503,-2.6062,NaN,NaN,0.77256,0.30705,0.66652,0.73636,0.15247,0.76052,0.94841,NaN,NaN,NaN,NaN
1403,NaN,NaN,-0.676,0.33249,NaN,NaN,NaN,NaN,NaN,-0.50562,-0.53509,-0.54535,-0.47635,-0.27169,NaN,NaN,NaN,NaN,NaN,NaN,NaN,NaN,NaN,NaN,NaN,NaN,0.91969,-1.0829,NaN,NaN,0.37177,-0.45887,0.66652,0.35762,1.386,0.73496,1.3945,NaN,NaN,NaN,NaN
1404,NaN,NaN,1.683,2.759,NaN,NaN,NaN,NaN,NaN,0.90688,0.919,0.89606,0.81048,0.30341,NaN,NaN,NaN,NaN,NaN,NaN,NaN,NaN,NaN,NaN,NaN,NaN,2.5382,-1.0801,NaN,NaN,2.0751,0.15386,2.4548,1.9673,-0.0016508,-0.21484,1.4097,NaN,NaN,NaN,NaN
1405,NaN,NaN,-0.171,0.088397,NaN,NaN,NaN,NaN,NaN,-0.69704,-0.76221,-0.78495,-0.83164,0.83743,NaN,NaN,NaN,NaN,NaN,NaN,NaN,NaN,NaN,NaN,NaN,NaN,-0.13271,-1.8009,NaN,NaN,-0.42982,0.00068007,-0.59577,-0.39987,-1.0576,-1.2237,1.7434,NaN,NaN,NaN,NaN
1406,NaN,NaN,0.548,-0.56766,NaN,NaN,NaN,NaN,NaN,0.51746,0.68785,0.68055,0.58069,0.89357,NaN,NaN,NaN,NaN,NaN,NaN,NaN,NaN,NaN,NaN,NaN,NaN,0.61778,-0.32052,NaN,NaN,-0.63022,-1.378,-0.17501,-0.58924,0.64837,-0.18864,1.2237,NaN,NaN,NaN,NaN
1407,NaN,NaN,-2.053,-1.0691,NaN,NaN,NaN,NaN,NaN,-1.2713,-1.4086,-1.4771,-1.6607,0.4732,NaN,NaN,NaN,NaN,NaN,NaN,NaN,NaN,NaN,NaN,NaN,NaN,-2.0517,-2.9592,NaN,NaN,-1.031,-1.5312,-0.59577,-0.96798,-0.70916,-1.153,1.227,NaN,NaN,NaN,NaN
1408,NaN,NaN,0.541,0.68702,NaN,NaN,NaN,NaN,NaN,0.82273,0.95932,0.981,0.98017,0.97436,NaN,NaN,NaN,NaN,NaN,-0.024174,NaN,NaN,NaN,NaN,NaN,NaN,1.0422,-0.45825,NaN,NaN,0.47197,-1.8375,1.4029,0.45231,-0.37702,-0.34717,1.413,NaN,NaN,NaN,NaN
1409,NaN,NaN,1.479,1.2393,NaN,NaN,NaN,NaN,NaN,0.83758,0.69323,0.68815,0.76452,-0.45243,NaN,NaN,NaN,NaN,NaN,0.52541,NaN,NaN,NaN,NaN,NaN,NaN,1.3099,-1.1376,NaN,NaN,-0.12922,-1.6844,0.66652,-0.11581,1.442,0.35275,1.2278,NaN,NaN,NaN,NaN
1410,NaN,NaN,-0.334,-0.80512,NaN,NaN,NaN,NaN,NaN,0.28809,0.29947,0.21656,0.087523,-0.84268,NaN,NaN,NaN,NaN,NaN,0.66538,NaN,NaN,NaN,NaN,NaN,NaN,-0.6439,0.66379,NaN,NaN,-1.4318,-1.6844,-0.91134,-1.3467,-2.3149,-1.262,1.5888,NaN,NaN,NaN,NaN
1411,NaN,NaN,-0.831,-0.2805,NaN,NaN,NaN,NaN,NaN,-0.64588,-0.61169,-0.48957,-0.33494,0.95245,NaN,NaN,NaN,NaN,NaN,-1.0513,NaN,NaN,NaN,NaN,NaN,NaN,-0.67847,-0.39819,NaN,NaN,-0.63022,-0.76524,-0.38539,-0.58924,0.90513,0.42395,2.0881,NaN,NaN,NaN,NaN
1412,NaN,NaN,1.06,1.0007,NaN,NaN,NaN,NaN,NaN,0.038919,0.12476,0.11767,-0.016767,0.17607,NaN,NaN,NaN,NaN,NaN,1.7728,NaN,NaN,NaN,NaN,NaN,NaN,0.80723,0.21712,NaN,NaN,0.97296,-0.45887,1.2977,0.92573,0.17912,0.24625,1.8917,NaN,NaN,NaN,NaN
1413,NaN,NaN,-1.855,-0.12256,NaN,NaN,NaN,NaN,NaN,-2.0188,-2.0604,-2.1503,-2.297,-0.16488,NaN,NaN,NaN,NaN,NaN,-0.80841,NaN,NaN,NaN,NaN,NaN,NaN,-0.67636,-1.8483,NaN,NaN,-0.93081,-0.76524,-0.80615,-0.87329,-0.93039,0.12286,1.6709,NaN,NaN,NaN,NaN
1414,NaN,NaN,2.038,-0.6748,NaN,NaN,NaN,NaN,NaN,0.89038,1.0171,0.981,0.85821,0.039139,NaN,NaN,NaN,NaN,NaN,1.392,NaN,NaN,NaN,NaN,NaN,NaN,0.23057,-1.158,NaN,NaN,-0.42982,-0.91843,-0.069816,-0.39987,0.52308,-0.00016212,1.5695,NaN,NaN,NaN,NaN
1415,NaN,NaN,-1.035,-0.67148,NaN,NaN,NaN,NaN,NaN,-1.1591,-1.2702,-1.2971,-1.2294,-0.46202,NaN,NaN,NaN,NaN,NaN,-0.23619,NaN,NaN,NaN,NaN,NaN,NaN,-0.76477,0.23973,NaN,NaN,-0.42982,-1.5312,0.14057,-0.39987,1.2568,0.61533,1.5331,NaN,NaN,NaN,NaN
1416,NaN,NaN,-0.649,0.57547,NaN,NaN,NaN,NaN,NaN,-0.73499,-0.61035,-0.5986,-0.65665,-0.84952,NaN,NaN,NaN,NaN,NaN,-0.25471,NaN,NaN,NaN,NaN,NaN,NaN,0.17695,-0.29601,NaN,NaN,-0.22942,-2.1439,0.77171,-0.21049,0.37316,0.097115,1.4324,NaN,NaN,NaN,NaN
1417,NaN,NaN,0.518,1.5386,NaN,NaN,NaN,NaN,NaN,-0.28451,-0.25019,-0.25631,-0.30312,-0.47023,NaN,NaN,NaN,NaN,NaN,-0.45437,NaN,NaN,NaN,NaN,NaN,NaN,0.43897,1.2784,NaN,NaN,0.87276,-0.61206,1.4029,0.83105,-0.01148,0.007028,1.2648,NaN,NaN,NaN,NaN
1418,NaN,NaN,0.691,0.23198,NaN,NaN,NaN,NaN,NaN,-0.69209,-0.80387,-0.8065,-0.82104,0.28835,NaN,NaN,NaN,NaN,NaN,-0.32264,NaN,NaN,NaN,NaN,NaN,NaN,0.48217,-0.32587,NaN,NaN,0.37177,0.7666,0.14057,0.35762,-0.78243,-0.4727,0.96288,NaN,NaN,NaN,NaN
1419,NaN,NaN,-0.911,0.40428,NaN,NaN,NaN,NaN,NaN,-1.4709,-1.4987,-1.5126,-1.5352,0.15964,NaN,NaN,NaN,NaN,NaN,-0.86399,NaN,NaN,NaN,NaN,NaN,NaN,-1.3885,1.3031,NaN,NaN,-0.12922,0.15386,-0.2802,-0.11581,0.17328,-0.50447,0.79766,NaN,NaN,NaN,NaN
1420,NaN,NaN,1.128,-0.051871,NaN,NaN,NaN,NaN,NaN,-0.34226,-0.23271,-0.19672,-0.08924,-0.47297,NaN,NaN,NaN,NaN,NaN,-0.41321,NaN,NaN,NaN,NaN,NaN,NaN,-0.54862,-0.048853,NaN,NaN,0.37177,-0.76524,0.77171,0.35762,-0.60298,-0.62197,0.35677,NaN,NaN,NaN,NaN
1421,NaN,NaN,-0.248,0.49595,NaN,NaN,NaN,NaN,NaN,-1.6343,-1.668,-1.7142,-1.7455,-0.14708,NaN,NaN,NaN,NaN,NaN,-0.98955,NaN,NaN,NaN,NaN,NaN,NaN,-0.65298,1.6196,NaN,NaN,-0.83062,-0.45887,-0.91134,-0.77861,0.68647,0.1976,0.60921,NaN,NaN,NaN,NaN
1422,NaN,NaN,-0.453,-1.3607,NaN,NaN,NaN,NaN,NaN,-0.99241,-0.87778,-0.82806,-0.63367,-0.13887,NaN,NaN,NaN,NaN,NaN,-1.1028,NaN,NaN,NaN,NaN,NaN,NaN,-1.7842,-0.19314,NaN,NaN,-1.2314,-0.30569,-1.4373,-1.1574,-0.89489,-0.5902,0.22203,NaN,NaN,NaN,NaN
1423,NaN,NaN,-1.537,-1.1707,NaN,NaN,NaN,NaN,NaN,-0.95116,-1.0229,-0.99159,-0.74149,-0.41135,NaN,NaN,NaN,NaN,NaN,-1.3889,NaN,NaN,NaN,NaN,NaN,NaN,-1.2192,-0.42563,NaN,NaN,-0.53002,-0.91843,-0.2802,-0.49455,-0.91424,-1.036,0.2387,NaN,NaN,NaN,NaN
1424,NaN,NaN,0.53,0.54896,NaN,NaN,NaN,NaN,NaN,0.97124,1.0507,1.0545,1.1817,0.063786,NaN,NaN,NaN,NaN,NaN,1.1223,NaN,NaN,NaN,NaN,NaN,NaN,1.5147,2.7627,NaN,NaN,0.27157,-1.378,0.98209,0.26293,1.1011,0.32137,0.39695,NaN,NaN,NaN,NaN
1425,NaN,NaN,0.404,2.315,NaN,NaN,NaN,NaN,NaN,1.1429,0.87062,0.67674,0.45342,0.36366,NaN,NaN,NaN,NaN,NaN,1.7213,NaN,NaN,NaN,NaN,NaN,NaN,2.1271,0.7299,NaN,NaN,1.2736,-1.378,2.1392,1.2098,0.090043,0.074071,0.21454,NaN,NaN,NaN,NaN
1426,NaN,NaN,0.505,-0.41083,NaN,NaN,NaN,NaN,NaN,0.36069,0.27797,0.20641,-0.004394,0.80457,NaN,NaN,NaN,NaN,NaN,0.1158,NaN,NaN,NaN,NaN,NaN,NaN,0.79217,0.97136,NaN,NaN,-0.12922,-0.61206,0.14057,-0.11581,0.10059,0.6131,0.39484,NaN,NaN,NaN,NaN
1427,NaN,NaN,0.658,0.090606,NaN,NaN,NaN,NaN,NaN,1.2056,1.2913,1.2891,1.1711,0.88946,NaN,NaN,NaN,NaN,NaN,1.7316,NaN,NaN,NaN,NaN,NaN,NaN,1.681,1.6372,NaN,NaN,0.37177,-0.91843,0.8769,0.35762,0.93889,1.0352,0.53495,NaN,NaN,NaN,NaN
1428,NaN,NaN,0.436,0.27174,NaN,NaN,NaN,NaN,NaN,1.4679,1.4055,1.4361,1.4203,0.27192,NaN,NaN,NaN,NaN,NaN,1.2397,NaN,NaN,NaN,NaN,NaN,NaN,1.0539,0.47221,NaN,NaN,0.77256,0.30705,0.77171,0.73636,1.4286,0.78036,0.43536,NaN,NaN,NaN,NaN
1429,NaN,NaN,-0.75,-0.89127,NaN,NaN,NaN,NaN,NaN,0.030669,-0.020379,0.026396,0.068079,1.2578,NaN,NaN,NaN,NaN,NaN,-0.35969,NaN,NaN,NaN,NaN,NaN,NaN,0.10803,-1.3228,NaN,NaN,-0.42982,0.30705,-0.70096,-0.39987,-2.7719,-1.6157,0.87489,NaN,NaN,NaN,NaN
1430,NaN,NaN,-0.431,-0.5025,NaN,NaN,NaN,NaN,NaN,0.17753,0.33172,0.37375,0.26959,-0.9933,NaN,NaN,NaN,NaN,NaN,-0.46672,NaN,NaN,NaN,NaN,NaN,NaN,-0.19608,-1.9759,NaN,NaN,-0.53002,-1.0716,-0.17501,-0.49455,-0.56569,-0.3685,0.90278,NaN,NaN,NaN,NaN
1431,NaN,NaN,0.333,-0.3788,NaN,NaN,NaN,NaN,NaN,-0.62443,-0.62916,-0.67593,-0.79452,-0.38808,NaN,NaN,NaN,NaN,NaN,-0.1415,NaN,NaN,NaN,NaN,NaN,NaN,-0.5679,-1.0014,NaN,NaN,1.0732,1.073,0.77171,1.0204,0.92763,0.0024943,0.40257,NaN,NaN,NaN,NaN
1432,NaN,NaN,-0.286,1.4911,NaN,NaN,NaN,NaN,NaN,-0.12774,-0.035162,-0.054739,-0.13343,0.41158,NaN,NaN,NaN,NaN,NaN,0.89798,NaN,NaN,NaN,NaN,NaN,NaN,0.94628,0.37314,NaN,NaN,1.2736,-0.91843,2.034,1.2098,0.0087951,-0.15288,0.81691,NaN,NaN,NaN,NaN
1433,NaN,NaN,0.56,0.20989,NaN,NaN,NaN,NaN,NaN,0.060371,0.085789,0.051751,0.027423,-0.5565,NaN,NaN,NaN,NaN,NaN,0.39779,NaN,NaN,NaN,NaN,NaN,NaN,0.11247,-0.29428,NaN,NaN,-0.22942,-1.6844,0.45614,-0.21049,0.83129,0.68753,0.52429,NaN,NaN,NaN,NaN
1434,NaN,NaN,-0.031003,0.6572,NaN,NaN,NaN,NaN,NaN,0.36069,0.38951,0.43587,0.50468,0.47457,NaN,NaN,NaN,NaN,NaN,-0.76313,NaN,NaN,NaN,NaN,NaN,NaN,-0.74749,-0.09649,NaN,NaN,1.0732,0.7666,0.98209,1.0204,-0.70716,-0.48071,0.6039,NaN,NaN,NaN,NaN
1435,NaN,NaN,-0.015003,-1.1873,NaN,NaN,NaN,NaN,NaN,1.1462,1.1972,1.2574,1.2895,1.4673,NaN,NaN,NaN,NaN,NaN,-0.052991,NaN,NaN,NaN,NaN,NaN,NaN,0.2329,0.30376,NaN,NaN,-0.32962,1.2262,-1.0165,-0.30518,-0.4419,-0.40227,0.65456,NaN,NaN,NaN,NaN
1436,NaN,NaN,0.572,0.14693,NaN,NaN,NaN,NaN,NaN,0.89368,0.92841,0.98607,1.0509,-0.67836,NaN,NaN,NaN,NaN,NaN,0.99884,NaN,NaN,NaN,NaN,NaN,NaN,0.9886,1.3678,NaN,NaN,-0.32962,-0.76524,-0.069816,-0.30518,0.27629,0.34302,0.52648,NaN,NaN,NaN,NaN
1437,NaN,NaN,-0.769,0.23308,NaN,NaN,NaN,NaN,NaN,-2.0023,-1.9395,-1.8866,-1.8551,0.41432,NaN,NaN,NaN,NaN,NaN,-1.3621,NaN,NaN,NaN,NaN,NaN,NaN,0.46101,0.84553,NaN,NaN,-0.12922,0.30705,-0.38539,-0.11581,-0.12855,0.13497,0.4417,NaN,NaN,NaN,NaN
1438,NaN,NaN,-0.837,-0.22196,NaN,NaN,NaN,NaN,NaN,-0.78944,-0.56466,-0.52,-0.47105,-0.2265,NaN,NaN,NaN,NaN,NaN,-2.1031,NaN,NaN,NaN,NaN,NaN,NaN,0.12177,0.94512,NaN,NaN,-0.83062,-0.1525,-1.0165,-0.77861,-0.4831,0.2052,0.52121,NaN,NaN,NaN,NaN
1439,NaN,NaN,-0.594,0.24634,NaN,NaN,NaN,NaN,NaN,-0.43797,-0.47193,-0.56437,-0.62306,0.78677,NaN,NaN,NaN,NaN,NaN,0.51512,NaN,NaN,NaN,NaN,NaN,NaN,0.98106,1.1943,NaN,NaN,-0.12922,-0.30569,-0.069816,-0.11581,0.93524,0.28098,0.50938,NaN,NaN,NaN,NaN
1440,NaN,NaN,0.335,-0.52348,NaN,NaN,NaN,NaN,NaN,-0.48087,-0.47462,-0.49211,-0.38797,-0.64961,NaN,NaN,NaN,NaN,NaN,-0.10857,NaN,NaN,NaN,NaN,NaN,NaN,0.045438,-0.048681,NaN,NaN,-0.53002,-0.45887,-0.38539,-0.49455,0.78084,0.43492,1.0405,NaN,NaN,NaN,NaN
1441,NaN,NaN,2.039,0.56884,NaN,NaN,NaN,NaN,NaN,1.166,1.1394,1.1065,0.99255,-0.33878,NaN,NaN,NaN,NaN,NaN,1.5258,NaN,NaN,NaN,NaN,NaN,NaN,1.4336,0.0029251,NaN,NaN,0.17137,-0.91843,0.66652,0.16825,-0.9152,-0.88841,1.0018,NaN,NaN,NaN,NaN
1442,NaN,NaN,-0.742,-0.73886,NaN,NaN,NaN,NaN,NaN,-1.2663,-1.4288,-1.4429,-1.4963,0.80457,NaN,NaN,NaN,NaN,NaN,-1.0945,NaN,NaN,NaN,NaN,NaN,NaN,0.39919,0.54625,NaN,NaN,-0.83062,0.46023,-1.3321,-0.77861,-0.40661,0.29865,1.1897,NaN,NaN,NaN,NaN
1443,NaN,NaN,0.502,0.52577,NaN,NaN,NaN,NaN,NaN,-0.29606,-0.17224,-0.061077,0.027423,0.71009,NaN,NaN,NaN,NaN,NaN,-0.97102,NaN,NaN,NaN,NaN,NaN,NaN,0.73101,-0.079921,NaN,NaN,1.0732,0.15386,1.0873,1.0204,-0.16202,0.40902,0.47125,NaN,NaN,NaN,NaN
1444,NaN,NaN,-0.558,0.60529,NaN,NaN,NaN,NaN,NaN,-0.202,-0.18165,-0.18532,-0.20944,-0.0060468,NaN,NaN,NaN,NaN,NaN,0.064336,NaN,NaN,NaN,NaN,NaN,NaN,0.29649,2.5834,NaN,NaN,-0.42982,-0.91843,-0.17501,-0.39987,0.61692,0.12405,1.1334,NaN,NaN,NaN,NaN
1445,NaN,NaN,-0.552,-0.78856,NaN,NaN,NaN,NaN,NaN,-1.8109,-1.8118,-1.8232,-1.7756,-0.83309,NaN,NaN,NaN,NaN,NaN,-0.43585,NaN,NaN,NaN,NaN,NaN,NaN,-0.74915,0.51898,NaN,NaN,-1.1312,-0.91843,-1.0165,-1.0627,0.64393,0.0053185,1.1519,NaN,NaN,NaN,NaN
1446,NaN,NaN,-0.223,-0.23742,NaN,NaN,NaN,NaN,NaN,-0.89835,-0.81731,-0.80397,-0.81043,-0.2621,NaN,NaN,NaN,NaN,NaN,-0.22178,NaN,NaN,NaN,NaN,NaN,NaN,-0.35873,0.24767,NaN,NaN,-0.63022,-0.61206,-0.49058,-0.58924,0.21138,-0.16301,0.55686,NaN,NaN,NaN,NaN
1447,NaN,NaN,0.446,-0.14244,NaN,NaN,NaN,NaN,NaN,-0.69374,-0.66142,-0.70255,-0.67256,0.088434,NaN,NaN,NaN,NaN,NaN,-0.64786,NaN,NaN,NaN,NaN,NaN,NaN,0.3418,-0.066631,NaN,NaN,-0.12922,0.15386,-0.2802,-0.11581,-0.77511,-0.27445,0.30041,NaN,NaN,NaN,NaN
1448,NaN,NaN,-0.346,0.65168,NaN,NaN,NaN,NaN,NaN,0.26829,0.20136,0.092318,-0.060958,1.9507,NaN,NaN,NaN,NaN,NaN,-0.32675,NaN,NaN,NaN,NaN,NaN,NaN,0.70099,1.2404,NaN,NaN,0.37177,0.15386,0.45614,0.35762,0.48551,-0.33897,0.19183,NaN,NaN,NaN,NaN
1449,NaN,NaN,0.518,-0.14023,NaN,NaN,NaN,NaN,NaN,1.8293,1.9054,1.8684,1.7102,1.6289,NaN,NaN,NaN,NaN,NaN,3.9197,NaN,NaN,NaN,NaN,NaN,NaN,1.8682,0.3312,NaN,NaN,-1.3316,-0.45887,-1.4373,-1.252,-0.40375,-0.73078,0.34831,NaN,NaN,NaN,NaN
1450,NaN,NaN,-0.885,0.73341,NaN,NaN,NaN,NaN,NaN,-0.53037,-0.4773,-0.4414,-0.41095,0.9278,NaN,NaN,NaN,NaN,NaN,-0.59434,NaN,NaN,NaN,NaN,NaN,NaN,-0.98713,0.92268,NaN,NaN,0.47197,0.30705,0.35095,0.45231,-0.87367,-0.78586,0.65422,NaN,NaN,NaN,NaN
1451,NaN,NaN,1.238,0.80631,NaN,NaN,NaN,NaN,NaN,0.84583,0.87734,0.83267,0.68675,0.95519,NaN,NaN,NaN,NaN,NaN,0.54394,NaN,NaN,NaN,NaN,NaN,NaN,1.4565,0.95047,NaN,NaN,0.47197,-0.45887,0.77171,0.45231,-0.21644,-0.11617,-0.038228,NaN,NaN,NaN,NaN
1452,NaN,NaN,0.063997,0.69034,NaN,NaN,NaN,NaN,NaN,-0.77459,-0.89122,-0.93455,-1.0066,1.5508,NaN,NaN,NaN,NaN,NaN,-0.44614,NaN,NaN,NaN,NaN,NaN,NaN,0.44185,0.49776,NaN,NaN,-0.53002,0.00068007,-0.70096,-0.49455,0.6711,-0.0088085,-0.2503,NaN,NaN,NaN,NaN
1453,NaN,NaN,0.454,-1.5197,NaN,NaN,NaN,NaN,NaN,-1.1904,-1.2124,-1.2312,-1.3743,-0.28812,NaN,NaN,NaN,NaN,NaN,-0.55112,NaN,NaN,NaN,NaN,NaN,NaN,-1.3705,1.6793,NaN,NaN,-0.93081,-0.45887,-1.0165,-0.87329,1.2588,0.34557,-0.30677,NaN,NaN,NaN,NaN
1454,NaN,NaN,0.212,-1.5385,NaN,NaN,NaN,NaN,NaN,-0.52707,-0.53912,-0.58592,-0.78215,0.0090152,NaN,NaN,NaN,NaN,NaN,0.22077,NaN,NaN,NaN,NaN,NaN,NaN,-1.2567,0.50656,NaN,NaN,-1.3316,-0.61206,-1.3321,-1.252,0.94922,-0.99084,-0.70708,NaN,NaN,NaN,NaN
1455,NaN,NaN,-1.618,-1.9151,NaN,NaN,NaN,NaN,NaN,-2.1887,-2.1343,-2.1782,-2.2422,-0.22787,NaN,NaN,NaN,NaN,NaN,-1.288,NaN,NaN,NaN,NaN,NaN,NaN,-2.2003,-0.20505,NaN,NaN,-1.8326,-0.61206,-2.0684,-1.7255,-1.5822,-2.2296,-0.88373,NaN,NaN,NaN,NaN
1456,NaN,NaN,-0.222,-0.25399,NaN,NaN,NaN,NaN,NaN,-0.54853,-0.40742,-0.46041,-0.61953,-0.2758,NaN,NaN,NaN,NaN,NaN,0.55629,NaN,NaN,NaN,NaN,NaN,NaN,-1.1759,-0.90579,NaN,NaN,-0.93081,-0.76524,-0.80615,-0.87329,-0.65068,-1.3255,-0.9323,NaN,NaN,NaN,NaN
1457,NaN,NaN,0.051997,0.24744,NaN,NaN,NaN,NaN,NaN,-1.2977,-1.3495,-1.4657,-1.6271,-0.44011,NaN,NaN,NaN,NaN,NaN,-1.5,NaN,NaN,NaN,NaN,NaN,NaN,-1.6955,-1.1807,NaN,NaN,0.071173,-0.76524,0.45614,0.073563,0.089416,-0.68741,-1.161,NaN,NaN,NaN,NaN
1458,NaN,NaN,1.186,0.96535,NaN,NaN,NaN,NaN,NaN,0.13298,0.27931,0.19374,-0.069796,0.57042,NaN,NaN,NaN,NaN,NaN,1.0709,NaN,NaN,NaN,NaN,NaN,NaN,0.52139,1.446,NaN,NaN,-0.12922,0.30705,-0.2802,-0.11581,-1.1132,-1.3032,-1.5559,NaN,NaN,NaN,NaN
1459,NaN,NaN,-0.703,-0.47489,NaN,NaN,NaN,NaN,NaN,-0.56998,-0.79312,-0.89271,-1.0844,-0.25389,NaN,NaN,NaN,NaN,NaN,-0.44202,NaN,NaN,NaN,NaN,NaN,NaN,-1.5368,0.98913,NaN,NaN,-0.93081,0.00068007,-1.2269,-0.87329,1.0301,0.094333,-1.3571,NaN,NaN,NaN,NaN
1460,NaN,NaN,-0.511,0.86595,NaN,NaN,NaN,NaN,NaN,1.1462,1.2308,1.2371,1.1463,1.4235,NaN,NaN,NaN,NaN,NaN,1.2561,NaN,NaN,NaN,NaN,NaN,NaN,0.29859,1.3205,NaN,NaN,0.97296,0.7666,0.77171,0.92573,0.58363,-0.78369,-0.98255,NaN,NaN,NaN,NaN
1461,NaN,NaN,0.119,0.17013,NaN,NaN,NaN,NaN,NaN,-0.2416,-0.37786,-0.34632,-0.30312,1.14,NaN,NaN,NaN,NaN,NaN,-0.15591,NaN,NaN,NaN,NaN,NaN,NaN,-0.46409,0.51812,NaN,NaN,-0.12922,0.46023,-0.49058,-0.11581,0.36331,-0.09976,-1.1442,NaN,NaN,NaN,NaN
1462,NaN,NaN,1.41,0.20658,NaN,NaN,NaN,NaN,NaN,0.91844,1.0279,1.0748,1.0456,1.0839,NaN,NaN,NaN,NaN,NaN,0.95767,NaN,NaN,NaN,NaN,NaN,NaN,0.3572,-0.79654,NaN,NaN,-0.12922,-0.45887,0.035375,-0.11581,-0.5122,-0.92435,-0.86392,NaN,NaN,NaN,NaN
1463,NaN,NaN,0.237,0.0044571,NaN,NaN,NaN,NaN,NaN,-0.47922,-0.45983,-0.46422,-0.58241,-0.31414,NaN,NaN,NaN,NaN,NaN,-0.69932,NaN,NaN,NaN,NaN,NaN,NaN,-2.6546,-2.1053,NaN,NaN,0.071173,-0.45887,0.14057,0.073563,-1.2503,-1.7099,-1.1077,NaN,NaN,NaN,NaN
1464,NaN,NaN,-1.721,-0.58533,NaN,NaN,NaN,NaN,NaN,-1.2663,-1.2057,-1.2299,-1.3354,-1.1412,NaN,NaN,NaN,NaN,NaN,-2.0476,NaN,NaN,NaN,NaN,NaN,NaN,-1.7537,-0.9819,NaN,NaN,-1.8326,-1.378,-1.6477,-1.7255,1.8964,-0.092677,-0.69943,NaN,NaN,NaN,NaN
1465,NaN,NaN,-1.286,-0.27939,NaN,NaN,NaN,NaN,NaN,0.030669,0.058911,NaN,-0.14934,-1.2439,NaN,NaN,NaN,NaN,NaN,-1.2304,NaN,NaN,NaN,NaN,NaN,NaN,-2.7381,-0.83796,NaN,NaN,0.57217,0.30705,0.45614,0.54699,-0.87138,-1.5528,-0.77512,NaN,NaN,NaN,NaN
1466,NaN,NaN,1.477,0.11711,NaN,NaN,NaN,NaN,NaN,1.5834,1.6649,1.6111,1.5405,0.2815,NaN,NaN,NaN,NaN,NaN,0.57275,NaN,NaN,NaN,NaN,NaN,NaN,-0.47539,-0.86972,NaN,NaN,0.57217,0.30705,0.45614,0.54699,-0.18247,-0.909,-0.76428,NaN,NaN,NaN,NaN
1467,NaN,NaN,1.795,1.1465,NaN,NaN,NaN,NaN,NaN,2.3887,2.4,2.4034,2.3925,1.4043,NaN,NaN,NaN,NaN,NaN,2.522,NaN,NaN,NaN,NaN,NaN,NaN,0.66487,-0.33484,NaN,NaN,1.5742,0.30705,1.508,1.4938,0.76104,-0.29208,-0.70555,NaN,NaN,NaN,NaN
1468,NaN,NaN,-1.16,0.76323,NaN,NaN,NaN,NaN,NaN,-0.97261,-1.2393,-1.2832,-1.4715,0.19387,NaN,NaN,NaN,NaN,NaN,-0.95867,NaN,NaN,NaN,NaN,NaN,NaN,-1.2619,0.069892,NaN,NaN,0.97296,0.30705,0.8769,0.92573,-0.69099,-0.82885,-0.87305,NaN,NaN,NaN,NaN
1469,NaN,NaN,0.477,0.71022,NaN,NaN,NaN,NaN,NaN,0.4894,0.66635,0.72745,0.70089,1.0949,NaN,NaN,NaN,NaN,NaN,-0.45643,NaN,NaN,NaN,NaN,NaN,NaN,-0.85706,-1.354,NaN,NaN,0.37177,0.30705,0.24576,0.35762,-0.20837,-1.2178,-1.112,NaN,NaN,NaN,NaN
1470,NaN,NaN,0.309,-0.61405,NaN,NaN,NaN,NaN,NaN,-0.49407,-0.53375,-0.51746,-0.45337,-0.051233,NaN,NaN,NaN,NaN,NaN,-0.33705,NaN,NaN,NaN,NaN,NaN,NaN,-1.4137,-0.75356,NaN,NaN,-0.42982,0.30705,-0.59577,-0.39987,0.33909,-1.3279,-0.89424,NaN,NaN,NaN,NaN
1471,NaN,NaN,-1.75,-0.3799,NaN,NaN,NaN,NaN,NaN,-1.5716,-1.5591,-1.5659,-1.5687,1.1181,NaN,NaN,NaN,NaN,NaN,-1.5041,NaN,NaN,NaN,NaN,NaN,NaN,-1.3183,0.3262,NaN,NaN,-0.73042,0.30705,-0.91134,-0.68392,0.49596,-1.2094,-0.78301,NaN,NaN,NaN,NaN
1472,NaN,NaN,0.541,-0.59417,NaN,NaN,NaN,NaN,NaN,0.66597,0.86256,0.87324,0.80341,-0.96181,NaN,NaN,NaN,NaN,NaN,0.0025847,NaN,NaN,NaN,NaN,NaN,NaN,-0.28693,-1.265,NaN,NaN,-0.029025,0.30705,-0.17501,-0.021123,-0.66194,-0.6141,-1.125,NaN,NaN,NaN,NaN
1473,NaN,NaN,0.573,-0.46936,NaN,NaN,NaN,NaN,NaN,-0.30266,-0.39264,-0.50098,-0.65311,0.37324,NaN,NaN,NaN,NaN,NaN,0.1405,NaN,NaN,NaN,NaN,NaN,NaN,-0.64091,-0.15207,NaN,NaN,-0.32962,0.30705,-0.49058,-0.30518,-0.91798,-1.6264,-1.0136,NaN,NaN,NaN,NaN
1474,NaN,NaN,0.0069973,-0.65271,NaN,NaN,NaN,NaN,NaN,-0.8967,-0.78506,-0.76467,-0.76801,-0.44832,NaN,NaN,NaN,NaN,NaN,-0.25265,NaN,NaN,NaN,NaN,NaN,NaN,0.010207,-0.78791,NaN,NaN,-0.93081,0.30705,-1.1217,-0.87329,1.5601,0.49798,-0.49006,NaN,NaN,NaN,NaN
1475,NaN,NaN,-1.605,-0.43071,NaN,NaN,NaN,NaN,NaN,-1.8439,-1.7486,-1.7319,-1.7915,-0.89471,NaN,NaN,NaN,NaN,NaN,-1.8479,NaN,NaN,NaN,NaN,NaN,NaN,-0.52347,-0.66191,NaN,NaN,0.17137,0.30705,0.035375,0.16825,-0.66576,-0.96594,-0.69092,NaN,NaN,NaN,NaN
1476,NaN,NaN,0.134,-0.49918,NaN,NaN,NaN,NaN,NaN,-0.58483,-0.47596,-0.50225,-0.55943,0.49922,NaN,NaN,NaN,NaN,NaN,-0.82694,NaN,NaN,NaN,NaN,NaN,NaN,0.038902,-0.64759,NaN,NaN,-0.029025,0.30705,-0.17501,-0.021123,-0.076654,-0.18584,-0.48008,NaN,NaN,NaN,NaN
1477,NaN,NaN,0.934,1.3552,NaN,NaN,NaN,NaN,NaN,0.58676,0.58303,0.53349,0.50999,0.98257,NaN,NaN,NaN,NaN,NaN,0.56452,NaN,NaN,NaN,NaN,NaN,NaN,-0.34898,-1.1571,NaN,NaN,1.1734,0.30705,1.0873,1.1151,0.85938,0.31639,-0.199,NaN,NaN,NaN,NaN
1478,NaN,NaN,1.209,0.74114,NaN,NaN,NaN,NaN,NaN,1.2699,1.2483,1.2155,1.1852,-0.081357,NaN,NaN,NaN,NaN,NaN,1.3982,NaN,NaN,NaN,NaN,NaN,NaN,0.46467,-0.97966,NaN,NaN,1.5742,0.30705,1.508,1.4938,-0.3885,-0.0088524,-0.54178,NaN,NaN,NaN,NaN
1479,NaN,NaN,-0.715,1.2437,NaN,NaN,NaN,NaN,NaN,-0.028736,-0.1373,-0.12446,-0.21828,-0.81255,NaN,NaN,NaN,NaN,NaN,-1.076,NaN,NaN,NaN,NaN,NaN,NaN,0.11601,-0.55749,NaN,NaN,1.1734,0.30705,1.0873,1.1151,0.49057,0.091501,-0.86118,NaN,NaN,NaN,NaN
1480,NaN,NaN,-1.107,-0.24295,NaN,NaN,NaN,NaN,NaN,0.030669,0.069662,0.14556,0.16,2.1122,NaN,NaN,NaN,NaN,NaN,-0.51201,NaN,NaN,NaN,NaN,NaN,NaN,0.51231,0.3923,NaN,NaN,-1.031,0.30705,-1.2269,-0.96798,0.62955,0.40417,-0.61281,NaN,NaN,NaN,NaN
1481,NaN,NaN,0.122,-0.34124,NaN,NaN,NaN,NaN,NaN,0.19403,0.35054,0.39784,0.40039,-0.09505,NaN,NaN,NaN,NaN,NaN,0.99266,NaN,NaN,NaN,NaN,NaN,NaN,0.6313,0.21125,NaN,NaN,-0.22942,0.30705,-0.38539,-0.21049,-1.1622,-1.4317,-0.53399,NaN,NaN,NaN,NaN
1482,NaN,NaN,0.425,0.74114,NaN,NaN,NaN,NaN,NaN,0.68247,0.70936,0.67421,0.62311,0.53893,NaN,NaN,NaN,NaN,NaN,1.0112,NaN,NaN,NaN,NaN,NaN,NaN,1.1182,0.33741,NaN,NaN,0.87276,0.30705,0.77171,0.83105,-1.5777,-1.6193,-0.68015,NaN,NaN,NaN,NaN
1483,NaN,NaN,-1.392,-0.84047,NaN,NaN,NaN,NaN,NaN,0.33759,0.39085,0.41179,0.44635,1.2345,NaN,NaN,NaN,NaN,NaN,-0.21354,NaN,NaN,NaN,NaN,NaN,NaN,0.44716,-0.11858,NaN,NaN,-0.42982,0.30705,-0.59577,-0.39987,-0.82321,-0.67713,0.33437,NaN,NaN,NaN,NaN
1484,NaN,NaN,1.807,1.8655,NaN,NaN,NaN,NaN,NaN,3.1032,3.1526,3.2439,3.3824,1.4632,NaN,NaN,NaN,NaN,NaN,2.2606,NaN,NaN,NaN,NaN,NaN,NaN,2.0978,1.0863,NaN,NaN,2.1753,0.30705,2.1392,2.062,1.4053,0.45607,0.63521,NaN,NaN,NaN,NaN
1485,NaN,NaN,0.119,2.0897,NaN,NaN,NaN,NaN,NaN,1.0818,1.1018,1.1344,1.1994,-0.2087,NaN,NaN,NaN,NaN,NaN,0.7436,NaN,NaN,NaN,NaN,NaN,NaN,1.0799,0.72196,NaN,NaN,2.4759,0.30705,2.4548,2.346,0.70615,0.16153,0.35051,NaN,NaN,NaN,NaN
1486,NaN,NaN,1.321,0.42968,NaN,NaN,NaN,NaN,NaN,1.7748,1.9619,2.0598,2.1539,1.3797,NaN,NaN,NaN,NaN,NaN,1.8675,NaN,NaN,NaN,NaN,NaN,NaN,2.0844,1.8844,NaN,NaN,-0.029025,0.30705,-0.17501,-0.021123,0.89888,0.16432,0.4477,NaN,NaN,NaN,NaN
1487,NaN,NaN,-0.715,0.56664,NaN,NaN,NaN,NaN,NaN,-0.67393,-0.66142,-0.56056,-0.4357,0.74706,NaN,NaN,NaN,NaN,NaN,0.037577,NaN,NaN,NaN,NaN,NaN,NaN,0.52383,-0.35521,NaN,NaN,0.57217,0.30705,0.45614,0.54699,-0.42903,-0.20533,0.38458,NaN,NaN,NaN,NaN
1488,NaN,NaN,-1.142,0.41864,NaN,NaN,NaN,NaN,NaN,-1.3043,-1.2259,-1.1184,-1.0791,1.5782,NaN,NaN,NaN,NaN,NaN,-0.85576,NaN,NaN,NaN,NaN,NaN,NaN,1.5194,0.23627,NaN,NaN,0.27157,0.30705,0.14057,0.26293,-0.10089,-0.31746,0.37112,NaN,NaN,NaN,NaN
1489,NaN,NaN,-0.085003,1.3133,NaN,NaN,NaN,NaN,NaN,0.61646,0.72414,0.77816,0.88472,1.1373,NaN,NaN,NaN,NaN,NaN,1.0812,NaN,NaN,NaN,NaN,NaN,NaN,2.2601,0.5,NaN,NaN,1.1734,0.30705,1.0873,1.1151,0.3573,0.49009,0.56531,NaN,NaN,NaN,NaN
1490,NaN,NaN,0.318,-0.93987,NaN,NaN,NaN,NaN,NaN,0.64947,0.53331,0.40672,0.30317,0.67175,NaN,NaN,NaN,NaN,NaN,0.7189,NaN,NaN,NaN,NaN,NaN,NaN,0.51497,-0.88404,NaN,NaN,-1.031,0.30705,-1.2269,-0.96798,-0.30731,-0.30667,0.7618,NaN,NaN,NaN,NaN
1491,NaN,NaN,0.578,-0.4539,NaN,NaN,NaN,NaN,NaN,-0.07824,-0.18299,-0.21447,-0.26247,-0.2936,NaN,NaN,NaN,NaN,NaN,-1.3209,NaN,NaN,NaN,NaN,NaN,NaN,-0.54098,-0.91856,NaN,NaN,0.27157,0.30705,0.14057,0.26293,0.084054,-1.0806,0.68515,NaN,NaN,NaN,NaN
1492,NaN,NaN,-0.168,-0.94981,NaN,NaN,NaN,NaN,NaN,1.2039,1.3423,1.3879,1.3531,-0.40177,NaN,NaN,NaN,NaN,NaN,0.86092,NaN,NaN,NaN,NaN,NaN,NaN,0.40418,0.8609,NaN,NaN,-0.42982,0.30705,-0.59577,-0.39987,-0.25623,-0.79454,0.70101,NaN,NaN,NaN,NaN
1493,NaN,NaN,0.322,1.3387,NaN,NaN,NaN,NaN,NaN,-0.93465,-1.0108,-1.0005,-0.98189,-0.44148,NaN,NaN,NaN,NaN,NaN,-0.53877,NaN,NaN,NaN,NaN,NaN,NaN,-0.30111,0.27528,NaN,NaN,0.97296,0.30705,0.8769,0.92573,-0.11172,-0.18826,0.83753,NaN,NaN,NaN,NaN
1494,NaN,NaN,0.849,-0.84268,NaN,NaN,NaN,NaN,NaN,-0.54687,-0.41817,-0.37674,-0.40565,-1.2603,NaN,NaN,NaN,NaN,NaN,-1.3004,NaN,NaN,NaN,NaN,NaN,NaN,-0.95278,0.56075,NaN,NaN,-0.83062,0.30705,-1.0165,-0.77861,-0.19343,0.24959,0.95991,NaN,NaN,NaN,NaN
1495,NaN,NaN,-1.856,-1.9063,NaN,NaN,NaN,NaN,NaN,-1.9528,-1.9005,-1.8891,-1.765,0.78403,NaN,NaN,NaN,NaN,NaN,-2.169,NaN,NaN,NaN,NaN,NaN,NaN,-1.5012,-0.011918,NaN,NaN,-1.532,0.30705,-1.7529,-1.4414,-0.61902,0.0074546,1.4292,NaN,NaN,NaN,NaN
1496,NaN,NaN,-0.892,0.22204,NaN,NaN,NaN,NaN,NaN,0.020768,0.026657,-0.028116,-0.098078,1.633,NaN,NaN,NaN,NaN,NaN,0.23106,NaN,NaN,NaN,NaN,NaN,NaN,-0.0039741,1.5898,NaN,NaN,0.071173,0.30705,-0.069816,0.073563,-0.37087,0.45459,1.832,NaN,NaN,NaN,NaN
1497,NaN,NaN,-0.612,-0.74548,NaN,NaN,NaN,NaN,NaN,-1.8884,-2.0443,-2.182,-2.3889,-0.089573,NaN,NaN,NaN,NaN,NaN,-0.49966,NaN,NaN,NaN,NaN,NaN,NaN,0.58997,1.2197,NaN,NaN,-0.32962,0.30705,-0.49058,-0.30518,0.63465,0.85072,1.5295,NaN,NaN,NaN,NaN
1498,NaN,NaN,2.312,1.0261,NaN,NaN,NaN,NaN,NaN,1.6725,1.9081,1.8824,1.7403,-0.84268,NaN,NaN,NaN,NaN,NaN,1.9498,NaN,NaN,NaN,NaN,NaN,NaN,1.3977,0.60822,NaN,NaN,1.6744,0.30705,1.6132,1.5885,1.1844,0.96386,1.1153,NaN,NaN,NaN,NaN
1499,NaN,NaN,1.078,1.2359,NaN,NaN,NaN,NaN,NaN,1.892,1.7253,1.6719,1.5847,1.0278,NaN,NaN,NaN,NaN,NaN,2.0198,NaN,NaN,NaN,NaN,NaN,NaN,1.548,1.1136,NaN,NaN,1.7746,0.30705,1.7184,1.6832,0.82657,0.44948,1.4031,NaN,NaN,NaN,NaN
1500,NaN,NaN,-1.231,0.30598,NaN,NaN,NaN,NaN,NaN,0.24188,0.2054,0.20388,0.16707,1.5152,NaN,NaN,NaN,NaN,NaN,-1.2757,NaN,NaN,NaN,NaN,NaN,NaN,0.37515,0.49379,NaN,NaN,-0.63022,0.30705,-0.80615,-0.58924,0.15611,-0.070791,0.95228,NaN,NaN,NaN,NaN
1501,NaN,NaN,-0.187,-0.67811,NaN,NaN,NaN,NaN,NaN,-0.45942,-0.43295,-0.34125,-0.13697,-0.39218,NaN,NaN,NaN,NaN,NaN,-0.7693,NaN,NaN,NaN,NaN,NaN,NaN,-1.1358,-0.56008,NaN,NaN,-0.22942,0.30705,-0.38539,-0.21049,-1.2986,-0.61769,0.51154,NaN,NaN,NaN,NaN
1502,NaN,NaN,-0.601,-0.026468,NaN,NaN,NaN,NaN,NaN,-0.8538,-0.78506,-0.77861,-0.77508,-1.1206,NaN,NaN,NaN,NaN,NaN,0.10139,NaN,NaN,NaN,NaN,NaN,NaN,-0.095265,-0.50278,NaN,NaN,0.67237,0.30705,0.56133,0.64168,-0.38105,-0.76201,-0.34653,NaN,NaN,NaN,NaN
1503,NaN,NaN,-0.158,0.63401,NaN,NaN,NaN,NaN,NaN,0.22373,0.35054,0.43334,0.65847,1.2934,NaN,NaN,NaN,NaN,NaN,0.67773,NaN,NaN,NaN,NaN,NaN,NaN,0.31156,-0.83157,NaN,NaN,0.67237,0.30705,0.56133,0.64168,-0.79162,0.14407,0.099738,NaN,NaN,NaN,NaN
1504,NaN,NaN,1.173,1.0151,NaN,NaN,NaN,NaN,NaN,0.82273,0.84375,0.84028,0.91124,0.9812,NaN,NaN,NaN,NaN,NaN,0.32369,NaN,NaN,NaN,NaN,NaN,NaN,1.2118,-0.14637,NaN,NaN,1.3738,0.30705,1.2977,1.3045,1.4029,0.5856,0.57805,NaN,NaN,NaN,NaN
1505,NaN,NaN,0.181,1.0007,NaN,NaN,NaN,NaN,NaN,0.57191,0.55481,0.50053,0.33676,0.52934,NaN,NaN,NaN,NaN,NaN,0.73742,NaN,NaN,NaN,NaN,NaN,NaN,0.78929,0.2739,NaN,NaN,-0.12922,0.30705,-0.2802,-0.11581,-1.0377,-0.15255,-0.2454,NaN,NaN,NaN,NaN
1506,NaN,NaN,-2.08,-1.3529,NaN,NaN,NaN,NaN,NaN,-1.2795,-1.3401,-1.2933,-1.3142,1.0017,NaN,NaN,NaN,NaN,NaN,-1.9796,NaN,NaN,NaN,NaN,NaN,NaN,-0.089726,0.33344,NaN,NaN,-1.8326,0.30705,-2.0684,-1.7255,0.30501,0.3024,0.35891,NaN,NaN,NaN,NaN
1507,NaN,NaN,0.782,0.17565,NaN,NaN,NaN,NaN,NaN,-0.46437,-0.27706,-0.24997,-0.33848,1.2729,NaN,NaN,NaN,NaN,NaN,1.005,NaN,NaN,NaN,NaN,NaN,NaN,0.10626,-0.74855,NaN,NaN,0.57217,0.30705,0.45614,0.54699,0.38815,0.058674,-0.48693,NaN,NaN,NaN,NaN
1508,NaN,NaN,0.271,0.059681,NaN,NaN,NaN,NaN,NaN,-0.76634,-0.77699,-0.83059,-0.89174,-0.23198,NaN,NaN,NaN,NaN,NaN,0.30722,NaN,NaN,NaN,NaN,NaN,NaN,-0.20406,-0.99571,NaN,NaN,0.27157,0.30705,0.14057,0.26293,0.69075,0.5302,-0.047603,NaN,NaN,NaN,NaN
1509,NaN,NaN,0.718,-0.6759,NaN,NaN,NaN,NaN,NaN,0.21218,0.18658,0.16585,0.17767,-2.0285,NaN,NaN,NaN,NaN,NaN,0.32781,NaN,NaN,NaN,NaN,NaN,NaN,-0.65243,-1.7719,NaN,NaN,-0.32962,0.30705,-0.49058,-0.30518,-0.71603,-0.11572,-0.030881,NaN,NaN,NaN,NaN
1510,NaN,NaN,-1.041,-0.99289,NaN,NaN,NaN,NaN,NaN,1.1445,1.1717,1.1851,1.1728,2.6106,NaN,NaN,NaN,NaN,NaN,0.072569,NaN,NaN,NaN,NaN,NaN,NaN,0.022394,-0.38559,NaN,NaN,-0.63022,0.30705,-0.80615,-0.58924,-0.59995,-0.055854,-0.49716,NaN,NaN,NaN,NaN
1511,NaN,NaN,1.21,0.99407,NaN,NaN,NaN,NaN,NaN,1.3689,1.2657,1.2219,1.0438,1.9424,NaN,NaN,NaN,NaN,NaN,1.5649,NaN,NaN,NaN,NaN,NaN,NaN,1.1033,1.0797,NaN,NaN,0.77256,0.30705,0.66652,0.73636,0.6658,0.53907,-0.010056,NaN,NaN,NaN,NaN
1512,NaN,NaN,-0.269,-0.46936,NaN,NaN,NaN,NaN,NaN,-0.85875,-0.91273,-0.8813,-0.88114,0.89083,NaN,NaN,NaN,NaN,NaN,0.49042,NaN,NaN,NaN,NaN,NaN,NaN,-0.66262,-0.46187,NaN,NaN,0.37177,0.30705,0.24576,0.35762,0.10762,-0.15929,-0.55544,NaN,NaN,NaN,NaN
1513,NaN,NaN,-0.294,-1.311,NaN,NaN,NaN,NaN,NaN,-0.82245,-0.63051,-0.56564,-0.54175,-1.9176,NaN,NaN,NaN,NaN,NaN,0.1405,NaN,NaN,NaN,NaN,NaN,NaN,-0.55948,-0.26218,NaN,NaN,-0.12922,0.30705,-0.2802,-0.11581,-1.2437,-0.16289,-0.26868,NaN,NaN,NaN,NaN
1514,NaN,NaN,1.012,0.80189,NaN,NaN,NaN,NaN,NaN,-0.81585,-0.8415,-0.8813,-0.88114,-0.73861,NaN,NaN,NaN,NaN,NaN,-0.46672,NaN,NaN,NaN,NaN,NaN,NaN,0.069812,-0.042985,NaN,NaN,1.0732,0.30705,0.98209,1.0204,2.1301,1.7632,-0.78857,NaN,NaN,NaN,NaN
1515,NaN,NaN,-0.392,-0.64387,NaN,NaN,NaN,NaN,NaN,-0.8142,-0.87778,-0.98652,-1.1516,1.2797,NaN,NaN,NaN,NaN,NaN,-0.13944,NaN,NaN,NaN,NaN,NaN,NaN,-1.177,-0.83209,NaN,NaN,-0.12922,0.30705,-0.2802,-0.11581,-0.81677,-0.21446,-0.69144,NaN,NaN,NaN,NaN
1516,NaN,NaN,-0.705,-1.5308,NaN,NaN,NaN,NaN,NaN,-1.0419,-0.9947,-1.0474,-1.095,-0.25936,NaN,NaN,NaN,NaN,NaN,-0.87428,NaN,NaN,NaN,NaN,NaN,NaN,-1.0546,-1.2965,NaN,NaN,-1.4318,0.30705,-1.6477,-1.3467,-1.1591,-0.479,-0.24613,NaN,NaN,NaN,NaN
1517,NaN,NaN,-0.797,0.14252,NaN,NaN,NaN,NaN,NaN,-0.40826,-0.33082,-0.32096,-0.22358,0.69639,NaN,NaN,NaN,NaN,NaN,-1.2613,NaN,NaN,NaN,NaN,NaN,NaN,-0.88232,-0.55128,NaN,NaN,0.87276,0.30705,0.77171,0.83105,0.64768,0.84336,-0.57277,NaN,NaN,NaN,NaN
1518,NaN,NaN,-0.561,-0.069543,NaN,NaN,NaN,NaN,NaN,0.68907,0.61797,0.51828,0.27666,0.47183,NaN,NaN,NaN,NaN,NaN,0.92062,NaN,NaN,NaN,NaN,NaN,NaN,-0.12817,0.34052,NaN,NaN,0.27157,0.30705,0.14057,0.26293,-0.10579,0.66623,-0.39973,NaN,NaN,NaN,NaN
1519,NaN,NaN,1.886,0.066308,NaN,NaN,NaN,NaN,NaN,0.77817,0.74967,0.74647,0.68321,-0.70712,NaN,NaN,NaN,NaN,NaN,1.4681,NaN,NaN,NaN,NaN,NaN,NaN,0.16155,0.65464,NaN,NaN,0.37177,0.30705,0.24576,0.35762,0.66704,0.48897,0.17079,NaN,NaN,NaN,NaN
1520,NaN,NaN,0.257,0.99849,NaN,NaN,NaN,NaN,NaN,0.80293,0.76177,0.78323,0.80518,0.72104,NaN,NaN,NaN,NaN,NaN,1.2623,NaN,NaN,NaN,NaN,NaN,NaN,0.026826,0.6039,NaN,NaN,1.0732,0.30705,0.98209,1.0204,1.3982,0.57083,-0.1514,NaN,NaN,NaN,NaN
1521,NaN,NaN,0.654,-0.2065,NaN,NaN,NaN,NaN,NaN,0.017468,-0.1252,-0.14982,-0.30136,-0.19912,NaN,NaN,NaN,NaN,NaN,-0.47702,NaN,NaN,NaN,NaN,NaN,NaN,-1.5014,-1.3,NaN,NaN,0.47197,0.30705,0.35095,0.45231,-2.4291,-1.5556,-0.17183,NaN,NaN,NaN,NaN
1522,NaN,NaN,-2.002,-0.63393,NaN,NaN,NaN,NaN,NaN,-0.76634,-0.71114,-0.61888,-0.49226,-0.63044,NaN,NaN,NaN,NaN,NaN,-1.6359,NaN,NaN,NaN,NaN,NaN,NaN,-0.8729,-0.78428,NaN,NaN,-0.93081,0.30705,-1.1217,-0.87329,0.81233,-0.025602,-0.088299,NaN,NaN,NaN,NaN
1523,NaN,NaN,0.138,-0.43181,NaN,NaN,NaN,NaN,NaN,0.24683,0.27393,0.31924,0.41984,-1.1056,NaN,NaN,NaN,NaN,NaN,-0.059166,NaN,NaN,NaN,NaN,NaN,NaN,-0.56402,-0.36401,NaN,NaN,-0.42982,0.30705,-0.59577,-0.39987,-0.53269,-0.5147,-0.053958,NaN,NaN,NaN,NaN
1524,NaN,NaN,-0.162,-1.2138,NaN,NaN,NaN,NaN,NaN,-0.50562,-0.49074,-0.41858,-0.11222,-0.55239,NaN,NaN,NaN,NaN,NaN,-0.2156,NaN,NaN,NaN,NaN,NaN,NaN,-1.5608,0.27028,NaN,NaN,-1.031,0.30705,-1.2269,-0.96798,-0.62377,-0.288,-0.011464,NaN,NaN,NaN,NaN
1525,NaN,NaN,-0.179,-0.7245,NaN,NaN,NaN,NaN,NaN,-0.21355,-0.13864,-0.045865,0.14939,0.72241,NaN,NaN,NaN,1.971,NaN,-0.15797,NaN,NaN,NaN,NaN,NaN,NaN,-0.29524,-1.6352,NaN,NaN,0.27157,0.30705,0.14057,0.26293,0.28945,0.24887,-0.022527,NaN,NaN,NaN,NaN
1526,NaN,NaN,1.951,1.7076,NaN,NaN,NaN,NaN,NaN,0.98279,0.9862,1.0089,1.0173,0.44171,NaN,NaN,NaN,3.0012,NaN,1.1635,NaN,NaN,NaN,NaN,NaN,NaN,1.3496,0.61253,NaN,NaN,1.7746,0.30705,1.7184,1.6832,1.2794,1.2521,0.045059,NaN,NaN,NaN,NaN
1527,NaN,NaN,0.322,0.11822,NaN,NaN,NaN,NaN,NaN,-0.11289,-0.20852,-0.1701,-0.039747,1.366,NaN,NaN,NaN,2.0359,NaN,0.69214,NaN,NaN,NaN,NaN,NaN,NaN,0.14725,-1.0444,NaN,NaN,-0.22942,0.30705,-0.38539,-0.21049,-1.4049,-1.0138,0.33454,NaN,NaN,NaN,NaN
1528,NaN,NaN,-1.712,-2.0554,NaN,NaN,NaN,NaN,NaN,-0.89835,-0.90601,-0.84707,-0.79276,-0.15119,NaN,NaN,NaN,-0.51929,NaN,-1.1089,NaN,NaN,NaN,NaN,NaN,NaN,-1.4333,0.16931,NaN,NaN,-1.3316,0.30705,-1.5425,-1.252,0.052149,0.6304,-0.15313,NaN,NaN,NaN,NaN
1529,NaN,NaN,-0.503,-0.32578,NaN,NaN,NaN,NaN,NaN,0.25179,0.2914,0.22923,-0.023838,-0.61675,NaN,NaN,NaN,-0.24349,NaN,0.62627,NaN,NaN,NaN,NaN,NaN,NaN,1.2188,0.69503,NaN,NaN,-0.32962,0.30705,-0.49058,-0.30518,1.2355,1.2154,-0.11767,NaN,NaN,NaN,NaN
1530,NaN,NaN,1.485,0.76102,NaN,NaN,NaN,NaN,NaN,0.53231,0.49836,0.48278,0.41984,-0.76326,NaN,NaN,NaN,0.84347,NaN,1.1491,NaN,NaN,NaN,NaN,NaN,NaN,1.5077,1.2584,NaN,NaN,1.3738,0.30705,1.2977,1.3045,1.571,1.5257,-0.057889,NaN,NaN,NaN,NaN
1531,NaN,NaN,0.389,0.50699,NaN,NaN,NaN,NaN,NaN,0.60326,0.63275,0.67674,0.74155,1.3372,NaN,NaN,NaN,0.6569,NaN,-0.069458,NaN,NaN,NaN,NaN,NaN,NaN,0.33793,0.63531,NaN,NaN,-0.53002,0.30705,-0.70096,-0.49455,-2.3495,0.1416,-0.13707,NaN,NaN,NaN,NaN
1532,NaN,NaN,-1.878,-0.86256,NaN,NaN,NaN,NaN,NaN,-0.16075,-0.22465,-0.2056,-0.17055,2.5805,NaN,NaN,NaN,-0.67341,NaN,-0.67874,NaN,NaN,NaN,NaN,NaN,NaN,-0.59726,-0.10046,NaN,NaN,-1.3316,0.30705,-1.5425,-1.252,-0.46037,0.59824,-0.012717,NaN,NaN,NaN,NaN
1533,NaN,NaN,-0.183,-0.63283,NaN,NaN,NaN,NaN,NaN,-0.46767,-0.44102,-0.40844,-0.43746,-0.97961,NaN,NaN,NaN,-0.79509,NaN,-0.84135,NaN,NaN,NaN,NaN,NaN,NaN,-1.1104,0.23006,NaN,NaN,-0.029025,0.30705,-0.17501,-0.021123,-0.36692,0.38428,-0.034284,NaN,NaN,NaN,NaN
1534,NaN,NaN,0.027997,0.38329,NaN,NaN,NaN,NaN,NaN,0.44815,0.58034,0.64251,0.70619,-0.11559,NaN,NaN,NaN,0.17832,NaN,0.70861,NaN,NaN,NaN,NaN,NaN,NaN,-0.16961,0.54401,NaN,NaN,0.77256,0.30705,0.66652,0.73636,0.96892,1.7075,-0.029077,NaN,NaN,NaN,NaN
1535,NaN,NaN,-0.198,-1.0647,NaN,NaN,NaN,NaN,NaN,-0.16735,-0.15477,-0.071219,0.14585,-0.14571,NaN,NaN,NaN,-0.18671,NaN,0.26811,NaN,NaN,NaN,NaN,NaN,NaN,0.17296,-0.26425,NaN,NaN,-1.1312,0.30705,-1.3321,-1.0627,0.93448,1.7702,0.099093,NaN,NaN,NaN,NaN
1536,NaN,NaN,1.769,-0.1568,NaN,NaN,NaN,NaN,NaN,1.0702,1.1515,1.1902,1.1941,-1.2877,NaN,NaN,NaN,0.85159,NaN,0.6695,NaN,NaN,NaN,NaN,NaN,NaN,0.47763,1.5958,NaN,NaN,1.0732,0.30705,0.98209,1.0204,-0.88063,0.4165,0.34002,NaN,NaN,NaN,NaN
1537,NaN,NaN,0.778,0.3358,NaN,NaN,NaN,NaN,NaN,0.96629,0.9311,0.95564,1.012,0.94971,NaN,NaN,NaN,1.6384,NaN,0.33604,NaN,NaN,NaN,NaN,NaN,NaN,0.52594,1.3573,NaN,NaN,0.37177,0.30705,0.24576,0.35762,0.55252,1.436,-0.05717,NaN,NaN,NaN,NaN
1538,NaN,NaN,-2.376,-1.3706,NaN,NaN,NaN,NaN,NaN,-0.81254,-0.82806,-0.73678,-0.54352,2.4778,NaN,NaN,NaN,-0.62474,NaN,-1.6976,NaN,NaN,NaN,NaN,NaN,NaN,-1.4914,0.75423,NaN,NaN,-0.73042,0.30705,-0.91134,-0.68392,-0.70816,0.37389,-0.1221,NaN,NaN,NaN,NaN
1539,NaN,NaN,1.02,0.49595,NaN,NaN,NaN,NaN,NaN,1.5768,1.7079,1.8431,2.0885,1.7398,NaN,NaN,NaN,1.6384,NaN,1.7213,NaN,NaN,NaN,NaN,NaN,NaN,0.86074,2.6725,NaN,NaN,0.57217,0.30705,0.45614,0.54699,2.6244,1.4287,-0.49739,NaN,NaN,NaN,NaN
1540,NaN,NaN,1.549,0.54013,NaN,NaN,NaN,NaN,NaN,1.3623,1.2859,1.2155,1.0085,0.05694,NaN,NaN,NaN,1.03,NaN,1.5772,NaN,NaN,1.6612,NaN,1.5047,NaN,0.13551,2.0824,NaN,NaN,1.1734,0.30705,1.0873,1.1151,-0.6791,-0.49066,-0.46538,NaN,NaN,NaN,NaN
1541,NaN,NaN,0.471,0.29825,NaN,NaN,NaN,NaN,NaN,0.4003,0.18658,0.16965,0.0079794,-1.6382,NaN,NaN,NaN,-0.44628,NaN,-0.70961,NaN,NaN,-1.4112,0.43115,-0.90757,NaN,-0.92686,1.5169,NaN,NaN,0.87276,0.30705,0.77171,0.83105,-1.5601,-0.82273,-0.60543,NaN,NaN,NaN,NaN
1542,NaN,NaN,-2.922,-0.2816,NaN,NaN,NaN,NaN,NaN,-0.91815,-0.90735,-0.82806,-0.78745,0.37187,NaN,NaN,NaN,-0.93299,NaN,-2.4531,NaN,NaN,0.80908,0.38738,0.57445,NaN,-1.4485,-0.78635,NaN,NaN,-1.2314,0.30705,-1.4373,-1.1574,-2.1342,-0.66312,-0.99288,NaN,NaN,NaN,NaN
1543,NaN,NaN,0.643,1.1189,NaN,NaN,NaN,NaN,NaN,0.64616,0.64754,0.65646,0.662,-1.0015,NaN,NaN,NaN,0.56768,NaN,0.29076,NaN,NaN,-0.22909,0.68178,-0.030753,NaN,0.66465,0.14963,NaN,NaN,0.87276,0.30705,0.77171,0.83105,1.6039,0.76571,-0.7686,NaN,NaN,NaN,NaN
1544,NaN,NaN,0.047997,-0.85041,NaN,NaN,NaN,NaN,NaN,-0.2218,-0.29722,-0.31336,-0.26777,0.7854,NaN,NaN,NaN,0.78669,NaN,0.26194,NaN,NaN,0.52698,-0.0093772,0.25722,NaN,0.038902,-0.89215,NaN,NaN,-1.031,0.30705,-1.2269,-0.96798,-0.067054,-0.061376,-0.72418,NaN,NaN,NaN,NaN
1545,NaN,NaN,0.0049973,0.86374,NaN,NaN,NaN,NaN,NaN,0.22538,0.282,0.32938,0.40923,0.91,NaN,NaN,NaN,0.51901,NaN,0.32987,NaN,NaN,-1.7412,0.36865,-1.1501,NaN,0.58089,0.19502,NaN,NaN,0.17137,0.30705,0.035375,0.16825,2.053,1.3512,-0.66179,NaN,NaN,NaN,NaN
1546,NaN,NaN,0.638,-1.1321,NaN,NaN,NaN,NaN,NaN,-1.1442,-1.1842,-1.1298,-0.9377,-1.2343,NaN,NaN,NaN,-0.92487,NaN,-1.2757,NaN,NaN,1.679,1.5778,1.5423,NaN,-0.84166,0.43303,NaN,NaN,-0.42982,0.30705,-0.59577,-0.39987,-0.35707,-0.29169,-0.48403,NaN,NaN,NaN,NaN
1547,NaN,NaN,-0.768,-0.14244,NaN,NaN,NaN,NaN,NaN,0.20888,0.31559,0.34206,0.35797,0.97847,NaN,NaN,NaN,-0.5274,NaN,-0.19296,NaN,NaN,0.11299,0.7569,0.22385,NaN,0.064384,0.75458,NaN,NaN,0.27157,0.30705,0.14057,0.26293,-1.7677,-1.32,-0.48811,NaN,NaN,NaN,NaN
1548,NaN,NaN,-0.948,-0.47047,NaN,NaN,NaN,NaN,NaN,-0.66568,-0.83344,-0.90919,-1.042,-0.98508,NaN,NaN,NaN,-1.3061,NaN,-0.14768,NaN,NaN,-2.2333,-3.6601,-2.773,NaN,-0.66694,0.44546,NaN,NaN,-0.73042,0.30705,-0.91134,-0.68392,0.072446,-0.31856,-0.30148,NaN,NaN,NaN,NaN
1549,NaN,NaN,0.963,-1.2215,NaN,NaN,NaN,NaN,NaN,0.28479,0.40429,0.47391,0.55594,-1.1384,NaN,NaN,NaN,-1.0628,NaN,-0.35351,NaN,NaN,-1.507,0.41873,-0.97627,NaN,-0.19309,1.0354,NaN,NaN,-0.63022,0.30705,-0.80615,-0.58924,-0.21357,-0.13248,-0.24997,NaN,NaN,NaN,NaN
1550,NaN,NaN,0.847,0.29604,NaN,NaN,NaN,NaN,NaN,2.0521,2.1137,2.1144,2.0107,1.0195,NaN,NaN,NaN,0.52712,NaN,1.9663,NaN,NaN,0.17916,-0.40617,-0.10454,NaN,1.4059,0.53883,NaN,NaN,1.1734,0.30705,1.0873,1.1151,1.8357,1.4011,-0.18508,NaN,NaN,NaN,NaN
1551,NaN,NaN,-0.337,0.34132,NaN,NaN,NaN,NaN,NaN,1.2204,1.3249,1.4158,1.5564,1.1085,NaN,NaN,NaN,0.27566,NaN,0.59745,NaN,NaN,2.0333,1.1576,1.6461,NaN,0.98893,1.1334,NaN,NaN,0.37177,0.30705,0.24576,0.35762,-0.61054,-0.83422,-0.15643,NaN,NaN,NaN,NaN
1552,NaN,NaN,-1.308,-0.3799,NaN,NaN,NaN,NaN,NaN,0.23033,0.18524,0.23304,0.31555,0.19935,NaN,NaN,NaN,-0.99788,NaN,-0.13121,NaN,NaN,0.20895,-0.40617,-0.084299,NaN,0.2596,0.12443,NaN,NaN,-0.53002,0.30705,-0.70096,-0.49455,-0.012815,-0.26089,-0.19053,NaN,NaN,NaN,NaN
1553,NaN,NaN,0.789,-0.31584,NaN,NaN,NaN,NaN,NaN,1.7385,1.6555,1.6808,1.7579,0.94286,NaN,NaN,NaN,0.089087,NaN,1.1409,NaN,NaN,-2.2573,0.25586,-1.5339,NaN,0.36374,-0.13084,NaN,NaN,-0.73042,0.30705,-0.91134,-0.68392,-1.1309,-1.1853,-0.049571,NaN,NaN,NaN,NaN
1554,NaN,NaN,0.214,-0.16121,NaN,NaN,NaN,NaN,NaN,0.59501,0.54943,0.52588,0.44812,1.7343,NaN,NaN,NaN,0.38922,NaN,-0.28559,NaN,NaN,0.022931,-0.64439,-0.28591,NaN,0.41171,1.504,NaN,NaN,0.17137,0.30705,0.035375,0.16825,-0.57213,-0.25419,-0.29783,NaN,NaN,NaN,NaN
1555,NaN,NaN,0.367,0.72789,NaN,NaN,NaN,NaN,NaN,-0.16075,-0.28378,-0.30321,-0.47282,0.35818,NaN,NaN,NaN,0.072863,NaN,-0.094159,NaN,NaN,0.71913,0.88211,0.67235,NaN,1.6622,1.4318,NaN,NaN,0.97296,0.30705,0.8769,0.92573,0.60317,0.4506,-0.055902,NaN,NaN,NaN,NaN
1556,NaN,NaN,0.347,0.19995,NaN,NaN,NaN,NaN,NaN,1.2237,1.2859,1.3372,1.3266,-0.052602,NaN,NaN,NaN,0.52712,NaN,1.3508,NaN,NaN,0.034905,-0.64439,-0.27792,NaN,1.4999,1.1381,NaN,NaN,0.17137,0.30705,0.035375,0.16825,1.0005,1.1809,-0.27055,NaN,NaN,NaN,NaN
1557,NaN,NaN,0.493,-0.17336,NaN,NaN,NaN,NaN,NaN,-0.63103,-0.7192,-0.68861,-0.53115,-0.38671,NaN,NaN,NaN,-1.3061,NaN,-0.49142,NaN,NaN,1.3012,0.9949,1.1007,NaN,0.89764,-0.88559,NaN,NaN,0.37177,0.30705,0.35095,0.35762,-0.33611,0.69327,-0.62796,NaN,NaN,NaN,NaN
1558,NaN,NaN,-0.438,-0.040826,NaN,NaN,NaN,NaN,NaN,0.71382,0.85987,0.95818,1.0792,1.2564,NaN,NaN,NaN,0.14587,NaN,0.12403,NaN,NaN,-0.40899,-1.1997,-0.75519,NaN,1.5472,0.19951,NaN,NaN,-0.32962,0.30705,-0.49058,-0.30518,1.4517,0.67615,-0.60021,NaN,NaN,NaN,NaN
1559,NaN,NaN,-0.26,-0.18993,NaN,NaN,NaN,NaN,NaN,-0.033686,-0.098325,-0.044597,0.13702,0.36366,NaN,NaN,NaN,-0.67341,NaN,-0.13738,NaN,NaN,-0.067018,0.71923,0.090507,NaN,0.61534,-0.17278,NaN,NaN,0.27157,0.30705,0.14057,0.26293,-1.1797,-0.69781,-0.84231,NaN,NaN,NaN,NaN
1560,NaN,NaN,0.033997,0.095024,NaN,NaN,NaN,NaN,NaN,-1.6607,-1.6371,-1.5557,-1.3443,-0.43189,NaN,NaN,NaN,-1.7523,NaN,-1.3539,NaN,NaN,-1.2792,-2.3902,-1.7231,NaN,0.44052,0.21919,NaN,NaN,-0.22942,0.30705,-0.38539,-0.21049,-0.25758,0.15951,-0.8392,NaN,NaN,NaN,NaN
1561,NaN,NaN,-0.795,-0.97411,NaN,NaN,NaN,NaN,NaN,-1.0419,-0.89391,-0.88257,-0.94124,-0.022478,NaN,NaN,NaN,-1.4359,NaN,-0.62728,NaN,NaN,0.2989,0.79436,0.36114,NaN,0.38756,0.14946,NaN,NaN,-0.73042,0.30705,-0.91134,-0.68392,0.65909,0.19242,-0.73313,NaN,NaN,NaN,NaN
1562,NaN,NaN,-0.282,-0.19877,NaN,NaN,NaN,NaN,NaN,0.19733,0.25781,0.24445,0.236,-0.043017,NaN,NaN,NaN,-1.2088,NaN,-0.29794,NaN,NaN,-1.5973,-2.787,-2.0646,NaN,-0.51516,0.24352,NaN,NaN,0.071173,0.30705,-0.069816,0.073563,-1.5069,-1.0675,-0.53067,NaN,NaN,NaN,NaN
1563,NaN,NaN,-0.377,0.05195,NaN,NaN,NaN,NaN,NaN,0.085123,0.10595,0.105,0.13702,0.78266,NaN,NaN,NaN,0.016082,NaN,0.63862,NaN,NaN,0.11901,0.7569,0.2279,NaN,0.65213,0.85658,NaN,NaN,0.47197,0.30705,0.35095,0.45231,0.068408,-0.028445,-0.30591,NaN,NaN,NaN,NaN
1564,NaN,NaN,1.008,0.26401,NaN,NaN,NaN,NaN,NaN,0.20393,0.20674,0.2267,0.28019,-0.070403,NaN,NaN,NaN,-0.3165,NaN,0.24547,NaN,NaN,1.3131,1.1016,1.1431,NaN,0.2874,0.48447,NaN,NaN,1.1734,0.30705,1.0873,1.1151,-0.19463,-0.20645,-0.16801,NaN,NaN,NaN,NaN
1565,NaN,NaN,1.289,0.64284,NaN,NaN,NaN,NaN,NaN,0.55541,0.6556,0.73633,0.84407,0.29519,NaN,NaN,NaN,1.1355,NaN,0.70861,NaN,NaN,0.91713,0.91978,0.81784,NaN,1.8332,1.6207,NaN,NaN,0.37177,0.46023,0.24576,0.35762,1.5038,0.35747,-0.053228,NaN,NaN,NaN,NaN
1566,NaN,NaN,-0.1,-0.59307,NaN,NaN,NaN,NaN,NaN,-0.63763,-0.65873,-0.62522,-0.75387,0.28013,NaN,NaN,NaN,-0.67341,NaN,-0.70755,NaN,NaN,4.0255,4.6729,4.1154,NaN,0.5656,-0.058346,NaN,NaN,-0.12922,0.46023,-0.2802,-0.11581,0.51013,-0.052111,-0.13645,NaN,NaN,NaN,NaN
1567,NaN,NaN,-1.408,-0.99509,NaN,NaN,NaN,NaN,NaN,-1.9198,-1.8293,-1.7979,-1.7402,-0.31961,NaN,NaN,NaN,-2.1741,NaN,-1.1542,NaN,NaN,-0.75096,0.56898,-0.41871,NaN,-1.0483,-1.037,NaN,NaN,-0.42982,0.46023,-0.59577,-0.39987,-0.87463,-1.0884,-0.07476,NaN,NaN,NaN,NaN
1568,NaN,NaN,-0.163,-0.8493,NaN,NaN,NaN,NaN,NaN,-1.268,-1.199,-1.2363,-1.2736,-2.075,NaN,NaN,NaN,-1.5008,NaN,-0.044758,NaN,NaN,-1.9871,-3.2632,-2.4801,NaN,0.17728,-1.0169,NaN,NaN,-0.029025,0.30705,-0.17501,-0.021123,0.4383,-0.34366,-0.10382,NaN,NaN,NaN,NaN
1569,NaN,NaN,0.677,0.62959,NaN,NaN,NaN,NaN,NaN,-0.70694,-0.82134,-0.9599,-1.1339,0.11856,NaN,NaN,NaN,-1.7928,NaN,0.30722,NaN,NaN,-0.74511,0.56898,-0.41466,NaN,-0.23298,-0.072326,NaN,NaN,1.1734,0.30705,1.1925,1.1151,-0.15917,-0.20744,-0.055146,NaN,NaN,NaN,NaN
1570,NaN,NaN,0.366,0.0022481,NaN,NaN,NaN,NaN,NaN,-0.40826,-0.39801,-0.49971,-0.64428,2.1382,NaN,NaN,NaN,-0.38139,NaN,0.51512,NaN,NaN,1.6852,1.5778,1.5464,NaN,-0.31884,-1.1065,NaN,NaN,-0.12922,0.30705,-0.17501,-0.11581,-0.5392,-1.4949,-0.11581,NaN,NaN,NaN,NaN
1571,NaN,NaN,-0.498,-0.78414,NaN,NaN,NaN,NaN,NaN,-1.7135,-1.9529,-2.1097,-2.3253,-0.40588,NaN,NaN,NaN,-0.85998,NaN,-0.62316,NaN,NaN,-2.3533,0.23081,-1.6067,NaN,-0.88398,-0.96171,NaN,NaN,-0.73042,0.46023,-0.91134,-0.68392,-0.010043,-1.1319,-0.025128,NaN,NaN,NaN,NaN
1572,NaN,NaN,0.603,-1.544,NaN,NaN,NaN,NaN,NaN,-1.3356,-1.3831,-1.4454,-1.6147,-0.71397,NaN,NaN,NaN,-2.6851,NaN,-0.48113,NaN,NaN,-1.2252,-2.3108,-1.6613,NaN,-1.7512,-0.43806,NaN,NaN,-0.93081,0.30705,-1.1217,-0.87329,0.060763,-1.0779,0.4991,NaN,NaN,NaN,NaN
1573,NaN,NaN,-1.126,-2.0388,NaN,NaN,NaN,NaN,NaN,-1.1096,-1.0391,-1.0791,-1.0897,-0.61675,NaN,NaN,NaN,-2.2552,NaN,-1.4939,NaN,NaN,0.80295,0.89453,0.73296,NaN,-2.1967,-0.55421,NaN,NaN,-1.4318,0.46023,-1.7529,-1.3467,-0.85078,-1.1916,-0.36068,NaN,NaN,NaN,NaN
1574,NaN,NaN,0.024997,0.14473,NaN,NaN,NaN,NaN,NaN,-0.017185,0.02397,0.0086479,0.078684,-0.11559,NaN,NaN,NaN,0.35677,NaN,-0.37616,NaN,NaN,-0.52317,-1.3586,-0.88285,NaN,0.1262,-1.5037,NaN,NaN,0.37177,0.30705,0.24576,0.35762,0.88719,-1.0386,-0.36468,NaN,NaN,NaN,NaN
1575,NaN,NaN,0.532,1.2006,NaN,NaN,NaN,NaN,NaN,0.075222,0.0078429,0.0048447,0.068079,-0.50447,NaN,NaN,NaN,-0.0082534,NaN,0.17755,NaN,NaN,-1.2132,0.46882,-0.76208,NaN,0.034692,-0.93461,NaN,NaN,0.97296,0.30705,0.8769,0.92573,0.61637,-0.69929,-0.32568,NaN,NaN,NaN,NaN
1576,NaN,NaN,-0.75,-0.6748,NaN,NaN,NaN,NaN,NaN,-0.88185,-0.91944,-0.89017,-0.79983,-0.83172,NaN,NaN,NaN,-0.99788,NaN,-0.66639,NaN,NaN,-1.015,-1.9935,-1.418,NaN,-0.68943,-1.072,NaN,NaN,-0.22942,0.30705,-0.38539,-0.21049,-0.047055,-0.97605,-0.32539,NaN,NaN,NaN,NaN
1577,NaN,NaN,1.034,0.12816,NaN,NaN,NaN,NaN,NaN,-0.033686,0.036065,0.069499,0.066311,-0.4716,NaN,NaN,NaN,-0.016365,NaN,0.068453,NaN,NaN,-2.9713,0.1056,-2.0633,NaN,0.26048,-1.8606,NaN,NaN,0.17137,0.30705,0.035375,0.16825,-3.1603,-1.0564,-0.42146,NaN,NaN,NaN,NaN
1578,NaN,NaN,1.274,-0.63724,NaN,NaN,NaN,NaN,NaN,0.0092169,-0.0042522,-0.015439,0.00090885,-0.43189,NaN,NaN,NaN,-0.91676,NaN,-0.43173,NaN,NaN,-1.4112,-2.549,-1.8629,NaN,0.34502,-0.1821,NaN,NaN,-0.029025,0.30705,-0.17501,-0.021123,1.5941,-0.091953,-0.4782,NaN,NaN,NaN,NaN
1579,NaN,NaN,-1.754,0.42416,NaN,NaN,NaN,NaN,NaN,-1.5336,-1.7325,-1.8105,-1.9788,0.39926,NaN,NaN,NaN,-0.67341,NaN,-1.9179,NaN,NaN,0.21508,0.76932,0.2966,NaN,-0.27264,-2.1074,NaN,NaN,0.37177,0.30705,0.24576,0.35762,1.7696,0.19651,-0.45093,NaN,NaN,NaN,NaN
1580,NaN,NaN,-1.202,0.41201,NaN,NaN,NaN,NaN,NaN,-1.4181,-1.2218,-1.2591,-1.4609,-0.25936,NaN,NaN,NaN,-0.081259,NaN,-1.0657,NaN,NaN,-0.63094,-1.5173,-1.0066,NaN,0.21295,-0.63671,NaN,NaN,0.37177,0.30705,0.24576,0.35762,-0.2798,-0.38493,-0.65967,NaN,NaN,NaN,NaN
1581,NaN,NaN,0.76,1.6623,NaN,NaN,NaN,NaN,NaN,-0.21685,-0.074135,-0.043329,0.1105,0.091172,NaN,NaN,NaN,-0.16238,NaN,-0.20943,NaN,NaN,0.28108,0.78194,0.34506,NaN,0.32264,0.29582,NaN,NaN,1.474,0.46023,1.4029,1.3992,-0.16594,-0.7208,-0.55312,NaN,NaN,NaN,NaN
1582,NaN,NaN,1.211,1.363,NaN,NaN,NaN,NaN,NaN,0.5125,0.49836,0.48405,0.50468,0.32806,NaN,NaN,NaN,0.27566,NaN,0.20842,NaN,NaN,0.62918,0.14937,0.37678,NaN,1.9257,-0.40578,NaN,NaN,1.0732,0.46023,0.98209,1.0204,1.1812,-0.11945,-0.51086,NaN,NaN,NaN,NaN
1583,NaN,NaN,0.333,0.19995,NaN,NaN,NaN,NaN,NaN,0.52406,0.4903,0.63871,0.98194,0.050094,NaN,NaN,NaN,-0.073147,NaN,0.20842,NaN,NaN,2.1951,1.1826,1.7634,NaN,0.61756,-0.30395,NaN,NaN,-0.83062,0.30705,-1.0165,-0.77861,-1.5543,-1.2725,-0.26004,NaN,NaN,NaN,NaN
1584,NaN,NaN,-1.193,-1.0448,NaN,NaN,NaN,NaN,NaN,-1.1063,-1.1479,-1.0512,-0.85462,-0.6989,NaN,NaN,NaN,-0.3165,NaN,-2.1134,NaN,NaN,2.3452,2.4509,2.271,NaN,-0.4478,-0.349,NaN,NaN,-0.83062,0.46023,-1.0165,-0.77861,-0.45111,-1.2292,-0.10437,NaN,NaN,NaN,NaN
1585,NaN,NaN,-1.823,-0.29375,NaN,NaN,NaN,NaN,NaN,-0.11949,0.010531,0.078373,NaN,0.58548,NaN,NaN,NaN,-0.5274,NaN,-0.78989,NaN,NaN,-1.375,0.44377,-0.87935,NaN,0.23855,-1.1409,NaN,NaN,-1.1312,0.46023,-1.3321,-1.0627,-0.47162,-0.93576,-0.014799,NaN,NaN,NaN,NaN
1586,NaN,NaN,1.629,-0.099364,NaN,NaN,NaN,NaN,NaN,1.3425,1.3652,1.3968,1.4168,1.277,NaN,NaN,NaN,1.4356,NaN,1.9272,NaN,NaN,0.19113,-0.40617,-0.096442,NaN,1.5049,-0.0072581,NaN,NaN,0.47197,0.46023,0.24576,0.45231,0.27912,-0.35631,0.12241,NaN,NaN,NaN,NaN
1587,NaN,NaN,0.36,-0.44175,NaN,NaN,NaN,NaN,NaN,-0.053488,-0.074135,-0.030652,0.1052,-1.6026,NaN,NaN,NaN,0.64879,NaN,0.12815,NaN,NaN,-1.333,0.44377,-0.85102,NaN,-0.48746,-0.46032,NaN,NaN,0.67237,0.46023,0.45614,0.64168,0.79795,-0.34575,0.204,NaN,NaN,NaN,NaN
1588,NaN,NaN,0.679,0.23529,NaN,NaN,NaN,NaN,NaN,-0.2218,-0.20449,-0.19039,-0.21828,-0.23746,NaN,NaN,NaN,0.11342,NaN,0.32163,NaN,NaN,-0.52317,-1.3586,-0.88285,NaN,0.30679,-0.14102,NaN,NaN,0.77256,0.46023,0.66652,0.73636,0.091799,-0.39052,0.13386,NaN,NaN,NaN,NaN
1589,NaN,NaN,0.755,-1.1276,NaN,NaN,NaN,NaN,NaN,-1.0304,-1.0552,-0.98399,-0.79099,-0.35521,NaN,NaN,NaN,-0.8032,NaN,-0.55935,NaN,NaN,0.077039,0.74427,0.19552,NaN,-1.4286,-1.9391,NaN,NaN,-0.63022,0.30705,-0.80615,-0.58924,-0.056664,-0.39576,-0.81828,NaN,NaN,NaN,NaN
1590,NaN,NaN,-1.676,-0.2308,NaN,NaN,NaN,NaN,NaN,-0.38021,-0.3026,-0.32857,-0.39681,-0.62359,NaN,NaN,NaN,-0.27594,NaN,-0.91751,NaN,NaN,0.047159,-0.64439,-0.26983,NaN,-0.52303,0.8735,NaN,NaN,0.57217,0.46023,0.45614,0.54699,1.1668,-0.31442,-1.163,NaN,NaN,NaN,NaN
1591,NaN,NaN,-0.477,-0.58975,NaN,NaN,NaN,NaN,NaN,0.84253,0.919,0.9379,1.0226,0.78403,NaN,NaN,NaN,0.47034,NaN,-0.015941,NaN,NaN,0.41893,0.8194,0.45007,NaN,-1.097,0.76355,NaN,NaN,-0.53002,0.30705,-0.70096,-0.49455,-0.96009,-1.6539,-1.5408,NaN,NaN,NaN,NaN
1592,NaN,NaN,-0.271,0.42195,NaN,NaN,NaN,NaN,NaN,-0.52707,-0.60363,-0.62649,-0.64251,0.37735,NaN,NaN,NaN,-0.016365,NaN,-0.028291,NaN,NaN,1.2471,0.94293,1.0477,NaN,0.024831,-0.91425,NaN,NaN,0.37177,0.46023,0.24576,0.35762,-1.2512,-1.0404,-1.3615,NaN,NaN,NaN,NaN
1593,NaN,NaN,-0.137,-0.99841,NaN,NaN,NaN,NaN,NaN,-0.8604,-0.79715,-0.70889,-0.58418,-0.59484,NaN,NaN,NaN,0.19454,NaN,-1.6194,NaN,NaN,0.88705,0.90715,0.79356,NaN,-1.0176,1.1386,NaN,NaN,0.37177,0.30705,0.24576,0.35762,1.0872,-0.40444,-1.3357,NaN,NaN,NaN,NaN
1594,NaN,NaN,1.565,1.0681,NaN,NaN,NaN,NaN,NaN,2.2369,2.3476,2.3489,2.1663,0.79361,NaN,NaN,NaN,1.5167,NaN,1.8242,NaN,NaN,1.9792,1.9747,1.8717,NaN,0.80535,1.0632,NaN,NaN,1.474,0.46023,1.4029,1.3992,-1.1361,-1.7599,-1.2166,NaN,NaN,NaN,NaN
1595,NaN,NaN,-0.238,-1.0061,NaN,NaN,NaN,NaN,NaN,0.69072,0.51046,0.47391,0.42514,0.36092,NaN,NaN,NaN,0.84347,NaN,0.88563,NaN,NaN,1.8893,1.1201,1.5371,NaN,-0.64479,1.247,NaN,NaN,-0.53002,0.46023,-0.70096,-0.49455,0.51182,-0.77929,-1.3228,NaN,NaN,NaN,NaN
1596,NaN,NaN,0.869,-1.6191,NaN,NaN,NaN,NaN,NaN,-0.16735,-0.15611,-0.050936,0.092826,-0.30592,NaN,NaN,NaN,1.2328,NaN,-0.62316,NaN,NaN,0.56903,0.070041,0.31093,NaN,-1.1361,-1.0149,NaN,NaN,0.071173,0.46023,-0.069816,0.073563,-0.2307,-1.5341,-1.5284,NaN,NaN,NaN,NaN
1597,NaN,NaN,-0.442,0.2132,NaN,NaN,NaN,NaN,NaN,0.44155,0.50777,0.53602,0.43575,0.32806,NaN,NaN,NaN,1.0544,NaN,0.10962,NaN,NaN,0.9291,0.91978,0.82594,NaN,-0.35507,0.50828,NaN,NaN,0.87276,0.61342,0.77171,0.83105,0.88723,-0.70779,-1.5225,NaN,NaN,NaN,NaN
1598,NaN,NaN,-0.959,-0.49256,NaN,NaN,NaN,NaN,NaN,0.36729,0.3035,0.31671,0.34029,1.4509,NaN,NaN,NaN,0.73802,NaN,0.76006,NaN,NaN,0.058855,-0.56484,-0.23624,NaN,-0.80333,0.08836,NaN,NaN,-0.53002,0.46023,-0.70096,-0.49455,0.29875,-0.77606,-1.4081,NaN,NaN,NaN,NaN
1599,NaN,NaN,1.956,-0.87802,NaN,NaN,NaN,NaN,NaN,-0.30431,-0.35366,-0.3235,-0.26777,-0.77284,NaN,NaN,NaN,-0.32461,NaN,0.19401,NaN,NaN,0.13711,0.7569,0.23993,NaN,-1.0792,0.48878,NaN,NaN,-1.2314,0.46023,-1.4373,-1.1574,-1.0112,-2.4757,-1.3467,NaN,NaN,NaN,NaN
1600,NaN,NaN,-2.034,-2.2001,NaN,NaN,NaN,NaN,NaN,-0.77624,-0.75818,-0.73424,-0.72735,-0.2758,NaN,NaN,NaN,-1.2088,NaN,-1.1727,NaN,NaN,-2.2392,-3.6601,-2.7771,NaN,-1.9953,0.25526,NaN,NaN,-1.3316,0.46023,-1.5425,-1.252,-0.92496,-1.7504,-2.2736,NaN,NaN,NaN,NaN
1601,NaN,NaN,-0.958,-1.2204,NaN,NaN,NaN,NaN,NaN,-0.71354,-0.59153,-0.57197,-0.50463,-0.71533,NaN,NaN,NaN,-0.8762,NaN,-0.64169,NaN,NaN,-2.3951,0.23081,-1.6349,NaN,-1.9807,-1.5825,NaN,NaN,-1.1312,0.46023,-1.4373,-1.0627,1.0575,0.69558,-1.2807,NaN,NaN,NaN,NaN
1602,NaN,NaN,0.568,-1.5374,NaN,NaN,NaN,NaN,NaN,0.72537,0.7228,0.69576,0.65316,-0.56882,NaN,NaN,NaN,-0.56796,NaN,0.99266,NaN,NaN,-1.3271,-2.3902,-1.7555,NaN,-0.94724,-0.46308,NaN,NaN,-1.031,0.46023,-1.2269,-0.96798,0.25542,-0.83325,0.82654,NaN,NaN,NaN,NaN
1603,NaN,NaN,1.093,-0.75542,NaN,NaN,NaN,NaN,NaN,1.2501,1.2778,1.3081,1.3885,-0.31003,NaN,NaN,NaN,-1.079,NaN,0.90621,NaN,NaN,-0.34912,0.65673,-0.11963,NaN,0.30247,-0.94635,NaN,NaN,-0.22942,0.46023,-0.38539,-0.21049,-0.63778,-1.569,0.24405,NaN,NaN,NaN,NaN
1604,NaN,NaN,0.397,1.1012,NaN,NaN,NaN,NaN,NaN,-0.44457,-0.40608,-0.33871,-0.19353,-1.5273,NaN,NaN,NaN,-0.24349,NaN,-0.28147,NaN,NaN,-1.3271,-2.3902,-1.7555,NaN,-0.31718,-2.0044,NaN,NaN,1.3738,0.46023,1.1925,1.3045,0.25223,-0.90649,-1.3935,NaN,NaN,NaN,NaN
1605,NaN,NaN,-0.309,0.21431,NaN,NaN,NaN,NaN,NaN,-0.57988,-0.65067,-0.61254,-0.5665,0.11719,NaN,NaN,NaN,-0.68152,NaN,-0.27324,NaN,NaN,-0.54099,0.61907,-0.26107,NaN,-1.3033,-1.3062,NaN,NaN,-0.22942,0.46023,-0.49058,-0.21049,-0.69296,-0.82045,0.036113,NaN,NaN,NaN,NaN
1606,NaN,NaN,-0.272,1.152,NaN,NaN,NaN,NaN,NaN,0.43825,0.48761,0.51067,0.51352,0.11993,NaN,NaN,NaN,0.56768,NaN,-0.27118,NaN,NaN,1.295,1.0223,1.1054,NaN,-0.75369,-0.94549,NaN,NaN,1.6744,0.46023,1.6132,1.5885,0.19154,-0.4445,0.706,NaN,NaN,NaN,NaN
1607,NaN,NaN,-0.958,1.3442,NaN,NaN,NaN,NaN,NaN,0.70062,0.66232,0.62223,0.62311,-0.10464,NaN,NaN,NaN,1.3221,NaN,-0.026232,2.1552,2.4146,0.78513,0.89453,1.9762,NaN,0.71062,-0.49156,NaN,NaN,0.67237,0.30705,0.66652,0.64168,0.43455,-0.75761,1.2128,NaN,NaN,NaN,NaN
1608,NaN,NaN,0.37,0.24082,NaN,NaN,NaN,NaN,NaN,0.58181,0.51449,0.53729,0.60897,0.8566,NaN,2.1105,NaN,1.2572,NaN,1.0421,0.14892,0.12426,1.043,0.70492,0.1708,0.98643,0.61756,-0.16812,NaN,NaN,0.47197,1.2262,0.035375,0.45231,0.24076,-1.1472,-0.89516,NaN,NaN,NaN,NaN
1609,NaN,NaN,-0.055003,1.1454,NaN,NaN,NaN,NaN,NaN,0.17423,0.15567,0.1912,0.19358,1.7507,NaN,-0.33592,NaN,1.6384,NaN,0.27223,-1.4027,-1.6469,1.5532,1.0574,-1.4481,1.4801,0.76181,0.57974,NaN,NaN,2.0751,0.30705,2.1392,1.9673,-0.15586,-0.70698,-0.55038,NaN,NaN,NaN,NaN
1610,NaN,NaN,1.196,2.8032,NaN,NaN,NaN,NaN,NaN,1.1594,1.2012,1.1927,1.0297,1.4221,NaN,-2.2217,NaN,0.68124,NaN,1.9663,0.89659,0.97779,1.6492,1.4985,1.0287,1.7029,1.5478,1.103,NaN,NaN,1.5742,-0.45887,1.8236,1.4938,1.281,0.014412,-1.1584,NaN,NaN,NaN,NaN
1611,NaN,NaN,0.328,-0.56324,NaN,NaN,NaN,NaN,NaN,-0.2251,-0.25019,-0.24997,-0.26777,-1.7724,NaN,0.58149,NaN,-0.67341,NaN,0.19195,0.77267,0.8363,-1.189,0.48123,0.64479,-0.71697,-0.10778,0.59959,NaN,NaN,-0.63022,0.61342,-0.91134,-0.58924,-0.72906,-0.69625,-0.61248,NaN,NaN,NaN,NaN
1612,NaN,NaN,0.074997,0.35237,NaN,NaN,NaN,NaN,NaN,0.15443,0.23496,0.27487,0.25191,-0.44696,NaN,0.42859,NaN,-0.84376,NaN,-1.1872,-0.11784,-0.18017,0.24488,-0.32684,-0.13309,0.047595,0.44982,-0.9391,NaN,NaN,0.17137,0.61342,-0.069816,0.16825,-1.456,-1.6522,-0.19521,NaN,NaN,NaN,NaN
1613,NaN,NaN,-1.13,-0.11041,NaN,NaN,NaN,NaN,NaN,-0.9165,-1.0458,-1.1564,-1.3655,-1.1234,NaN,-0.64172,NaN,-1.3142,NaN,-1.4197,-0.57613,-0.70348,-1.5012,0.41873,-0.65324,-0.96587,-0.76965,-0.36229,NaN,NaN,0.071173,0.15386,0.035375,0.073563,2.1252,0.47997,-1.625,NaN,NaN,NaN,NaN
1614,NaN,NaN,-0.357,0.84496,NaN,NaN,NaN,NaN,NaN,-0.1657,-0.092949,-0.086432,-0.10692,0.16648,NaN,-1.2024,NaN,0.48656,NaN,0.58099,-0.45591,-0.56633,0.017083,-0.64439,-0.52033,-0.22839,0.72481,-1.0829,NaN,NaN,0.87276,0.00068007,0.98209,0.83105,-0.63405,-1.2345,-0.90799,NaN,NaN,NaN,NaN
1615,NaN,NaN,0.122,0.36341,NaN,NaN,NaN,NaN,NaN,-0.8637,-0.87375,-0.93962,-1.0155,0.14047,NaN,-1.0495,NaN,-0.43006,NaN,0.0067014,-0.62875,-0.7635,-0.43294,0.63169,-0.69995,-0.11417,-0.41091,-1.3431,NaN,NaN,-0.029025,-0.1525,0.035375,-0.021123,-0.59777,-1.3511,-0.6262,NaN,NaN,NaN,NaN
1616,NaN,NaN,-0.287,-0.3291,NaN,NaN,NaN,NaN,NaN,-0.027086,0.010531,-0.011636,0.0044441,1.4413,NaN,-1.2533,NaN,0.040417,NaN,-0.17649,-0.087772,-0.14595,0.22706,-0.40617,-0.11187,0.0070256,0.23024,-0.72456,NaN,NaN,-0.63022,0.00068007,-0.70096,-0.58924,-0.30552,-1.5955,1.5173,NaN,NaN,NaN,NaN
1617,NaN,NaN,0.37,-0.11151,NaN,NaN,NaN,NaN,NaN,-0.15085,-0.21524,-0.24363,-0.25363,0.64573,NaN,-0.59075,NaN,-0.43817,NaN,0.21871,-0.042612,-0.094362,0.29306,0.79436,-0.13254,0.47113,0.18847,-0.42632,NaN,NaN,-0.12922,0.15386,-0.2802,-0.11581,-0.40981,-1.6659,0.5863,NaN,NaN,NaN,NaN
1618,NaN,NaN,0.235,0.38661,-0.6365,-0.27388,-0.51902,-0.61326,NaN,1.1577,1.212,1.1192,0.78397,0.41569,NaN,-0.53978,-1.0229,0.83536,NaN,1.5608,0.4533,0.47159,1.2892,1.0223,0.51768,1.2755,1.4454,-0.58839,NaN,NaN,0.47197,0.30705,0.45614,0.45231,0.45445,-0.5704,0.16431,NaN,NaN,NaN,NaN
1619,NaN,NaN,-0.258,0.59425,0.67582,0.3615,0.54262,0.68383,NaN,-1.1294,-1.1062,-1.1336,-1.1339,-0.2087,NaN,0.07182,-0.48791,1.1112,NaN,-0.49554,0.5396,0.57043,0.94108,0.91978,0.42262,0.98654,0.43221,0.62064,NaN,NaN,1.3738,0.46023,1.2977,1.3045,0.32777,-0.32275,0.13482,NaN,NaN,NaN,NaN
1620,NaN,NaN,0.309,0.8538,0.064253,0.066735,0.06317,0.083328,NaN,0.96794,1.1287,1.1521,1.0297,1.5495,NaN,0.17375,-0.28517,1.8007,NaN,0.46983,-0.22307,-0.30021,0.88705,0.46671,-0.25681,0.79026,1.422,0.36089,NaN,NaN,0.77256,0.46023,0.56133,0.73636,-0.67253,-0.97797,1.3524,NaN,NaN,NaN,NaN
1621,NaN,NaN,1.91,0.35237,0.66945,0.3615,0.54262,0.68383,NaN,0.55211,0.37876,0.24318,-0.041514,0.54577,NaN,-0.74365,0.14904,1.8088,NaN,1.4311,1.509,1.6768,-0.036942,0.71923,1.3567,0.20461,1.4724,-0.39525,NaN,NaN,0.37177,0.30705,0.24576,0.35762,2.25,0.87633,-0.86299,NaN,NaN,NaN,NaN
1622,NaN,NaN,-0.355,-1.3209,0.13751,0.099487,0.13166,0.15539,NaN,-0.65908,-0.7313,-0.81538,-1.1109,0.10213,NaN,1.346,-0.35418,0.19454,NaN,-0.22589,0.82136,0.89198,-1.5973,-2.787,0.94277,-2.1466,-0.013834,-0.24112,NaN,NaN,-0.93081,1.073,-1.4373,-0.87329,-0.51162,-0.94806,-0.84459,NaN,NaN,NaN,NaN
1623,NaN,NaN,-0.936,-2.3867,1.0326,0.53836,0.85084,1.0441,NaN,-0.9033,-0.80118,-0.75072,-0.65311,-0.82077,NaN,0.53052,0.92332,-1.0465,NaN,-1.4259,1.7193,1.9171,1.2232,0.98228,1.5629,1.2136,-1.6934,-0.72128,NaN,NaN,-1.4318,0.7666,-1.8581,-1.3467,-1.0374,-1.3412,-0.021083,NaN,NaN,NaN,NaN
1624,NaN,NaN,-0.808,-1.9195,0.37641,0.21739,0.30289,0.39559,NaN,-0.88845,-0.86838,-0.86862,-0.84402,-0.2977,NaN,1.6008,1.1073,-0.38139,NaN,-0.98337,-0.92551,-1.1024,1.0491,0.70492,-1.0665,0.9908,-2.1523,-1.7425,NaN,NaN,-1.1312,1.073,-1.5425,-1.0627,-0.36425,-1.0035,-0.39145,NaN,NaN,NaN,NaN
1625,NaN,NaN,0.387,-1.6037,-0.66516,-0.28698,-0.51902,-0.63728,NaN,-1.3175,-1.3025,-1.3009,-1.148,-2.0271,NaN,-1.5591,-0.80227,-0.62474,NaN,-0.80841,-0.62505,-0.75916,-1.4112,0.43115,-0.69732,-0.89599,-1.6433,-1.4229,NaN,NaN,-1.4318,-0.1525,-1.5425,-1.3467,0.32239,-1.0998,-0.96878,NaN,NaN,NaN,NaN
1626,NaN,NaN,-1.477,-2.8539,-0.43583,-0.17563,-0.34779,-0.4211,NaN,-0.84885,-0.84419,-0.88003,-0.92003,-1.4972,NaN,-1.2024,-1.3798,-1.6063,NaN,-1.1933,-0.4146,-0.51908,-0.66714,-1.5173,-0.4746,-1.0292,-1.9522,-1.8753,NaN,NaN,-2.534,0.00068007,-2.8048,-2.3883,-0.097211,-0.40607,-0.21618,NaN,NaN,NaN,NaN
1627,NaN,NaN,0.574,-0.30148,0.38596,0.22394,0.33714,0.39559,NaN,0.19073,0.10192,0.051751,0.071614,-0.66193,NaN,-0.94752,0.20014,-0.3895,NaN,0.2043,0.37807,0.38604,-1.387,0.44377,0.27024,-0.87423,0.0001251,0.74215,NaN,NaN,0.071173,0.15386,0.035375,0.073563,0.62942,-1.0886,0.2475,NaN,NaN,NaN,NaN
1628,NaN,NaN,0.264,-0.28492,-0.063156,0.0012324,NaN,NaN,NaN,0.50095,0.57765,0.61082,0.77513,-1.3781,NaN,0.020853,0.65605,-0.21105,NaN,0.34016,1.0168,1.1149,-1.6513,-2.8664,1.1632,-2.2134,-0.08186,0.55937,NaN,NaN,0.17137,0.46023,0.035375,0.16825,0.00088539,-1.2206,0.73995,NaN,NaN,NaN,NaN
1629,NaN,NaN,1.193,1.8534,0.13114,0.099487,0.097416,0.15539,NaN,0.92669,0.90019,0.8986,0.87765,-0.088204,NaN,0.78536,0.35116,-0.0082534,NaN,0.6942,-0.22676,-0.30455,-0.6262,-0.75676,-0.31052,-0.73589,1.426,-0.008121,NaN,NaN,2.0751,0.61342,1.9288,1.9673,-0.20141,-2.0669,-0.43243,NaN,NaN,NaN,NaN
1630,NaN,NaN,0.856,0.56222,-0.044045,0.014333,NaN,-0.012753,NaN,0.74682,0.68651,0.7059,0.64963,-1.0535,NaN,-0.69269,0.32766,-0.56796,NaN,0.67361,-0.30937,-0.39879,-1.2809,-1.7877,-0.35088,-1.5701,0.73954,1.4387,NaN,NaN,0.47197,0.15386,0.45614,0.45231,-0.59388,-2.1,-0.24386,NaN,NaN,NaN,NaN
1631,NaN,NaN,-0.713,1.1741,-0.18101,-0.05117,-0.14231,-0.15687,NaN,0.12968,0.09654,0.16711,0.18828,-1.3562,NaN,-0.79462,-0.30033,-0.048812,NaN,-0.84341,-2.3306,-2.7063,0.14463,-0.19027,-2.3337,0.021806,0.18271,-0.92149,NaN,NaN,0.37177,0.15386,0.35095,0.35762,-0.37812,-1.6907,0.83581,NaN,NaN,NaN,NaN
1632,NaN,NaN,-2.415,0.24523,-0.54413,-0.22803,-0.45053,-0.51718,NaN,-0.2482,-0.28647,-0.27152,-0.3862,-1.2672,NaN,-3.1901,-0.056562,-1.5981,NaN,-0.35763,0.5396,0.57043,0.19252,0.71145,0.61175,0.36908,-1.3126,0.91682,NaN,NaN,-0.83062,-0.76524,-0.59577,-0.77861,0.015814,-1.3574,0.965,NaN,NaN,NaN,NaN
1633,NaN,NaN,0.285,-0.28712,-0.27975,-0.10357,-0.2108,-0.25295,NaN,-1.0683,-1.1936,-1.2426,-1.3814,-0.57978,NaN,0.22472,0.0066485,-0.62474,NaN,0.38956,1.6479,1.8357,1.3126,1.2245,1.4933,1.3628,-1.2565,0.68502,NaN,NaN,-0.53002,0.46023,-0.70096,-0.49455,-0.89455,-1.8042,2.8095,NaN,NaN,NaN,NaN
1634,NaN,NaN,0.488,0.95983,-0.26701,-0.097022,-0.2108,-0.25295,NaN,0.51415,0.61528,0.56391,0.39155,0.61971,NaN,1.5499,-0.089535,1.2653,NaN,0.85681,0.26915,0.26166,1.7818,2.5593,0.30524,2.167,0.93586,2.3198,NaN,NaN,1.1734,0.91979,0.8769,1.1151,1.3015,-0.22426,2.1669,NaN,NaN,NaN,NaN
1635,NaN,NaN,1.404,1.9274,0.054698,0.060185,0.06317,0.083328,NaN,1.8458,1.8382,1.7962,1.7173,2.6914,NaN,-0.081081,0.42233,2.0521,NaN,1.1388,-0.85051,-1.0166,1.884,3.5544,-0.91414,2.5862,1.1701,2.0698,NaN,NaN,1.5742,0.61342,1.508,1.4938,2.0361,0.22998,-0.28856,NaN,NaN,NaN,NaN
1636,NaN,NaN,0.223,0.71905,-0.68109,-1.335,-1.2039,-0.82944,NaN,0.52406,0.32097,0.31797,0.37741,0.14047,NaN,-0.84102,1.1008,0.42978,NaN,0.82593,0.16761,0.14571,-1.052,-0.45373,0.18404,-0.94116,0.91127,0.31774,NaN,NaN,-1.031,-0.91843,-0.80615,-0.96798,-0.4339,-0.67356,-0.69488,NaN,NaN,NaN,NaN
1637,NaN,NaN,-1.019,-0.57429,0.00054861,-0.0053179,-0.0053233,0.011267,NaN,-0.83895,-0.81462,-0.79002,-0.8723,-1.1028,NaN,-0.058388,1.1616,-0.79509,NaN,-1.0986,-1.2975,-1.5269,-0.40788,-0.37335,-1.345,-0.44407,-0.46032,-0.4831,NaN,NaN,-0.42982,0.46023,-0.70096,-0.39987,-1.9319,-1.6437,0.068983,NaN,NaN,NaN,NaN
1638,NaN,NaN,-0.998,0.19443,1.3352,2.5165,2.2207,1.6446,NaN,0.12638,0.34382,0.44855,0.51175,0.43897,NaN,0.35998,1.0817,-0.22727,NaN,-0.65404,-1.5229,-1.7843,-0.61924,-1.5699,-1.7524,-1.0126,0.56538,0.97084,NaN,NaN,0.77256,2.2985,0.035375,0.73636,-0.25591,-1.4053,0.43348,NaN,NaN,NaN,NaN
1639,NaN,NaN,0.573,-0.064021,0.94019,1.2392,1.2275,1.0682,NaN,1.5999,1.6111,1.5667,1.4592,1.1359,NaN,0.16102,0.38502,1.1679,NaN,1.5361,-1.3575,-1.5956,0.85419,0.98333,-1.397,0.94516,1.0494,0.1536,NaN,NaN,0.27157,0.91979,-0.17501,0.26293,1.3932,0.094797,0.34535,NaN,NaN,NaN,NaN
1640,NaN,NaN,0.995,0.38771,-0.9168,-1.5184,-1.4437,-1.0696,NaN,1.1775,1.1287,1.1547,1.2665,0.10623,NaN,-1.2751,0.77873,0.29188,NaN,1.5237,0.021078,-0.021574,-1.8161,-1.7397,0.01459,-1.9431,1.426,1.5829,NaN,NaN,-0.32962,-1.378,0.24576,-0.30518,0.52981,-0.75495,0.17729,NaN,NaN,NaN,NaN
1641,NaN,NaN,-0.189,-0.78414,-0.41035,-1.2892,-1.0327,-0.58924,NaN,0.62306,0.68248,0.74647,0.73801,-0.6948,NaN,-0.68751,1.964,-0.39761,NaN,0.511,-0.86159,-1.0294,-0.78299,-1.9135,-0.92201,-1.2508,-0.82715,0.30341,NaN,NaN,-0.32962,-0.61206,-0.17501,-0.30518,-0.27883,-1.8222,-0.41943,NaN,NaN,NaN,NaN
1642,NaN,NaN,0.542,-0.26724,0.50382,0.79382,0.7481,0.61177,NaN,1.2765,1.2832,1.3613,1.3885,0.051463,NaN,-0.38683,1.4007,-0.3895,NaN,0.69831,-0.084024,-0.14161,-0.29871,-0.18185,-0.092722,-0.29816,0.086763,1.99,NaN,NaN,-0.029025,0.61342,-0.2802,-0.021123,-0.85487,-2.7369,-0.72434,NaN,NaN,NaN,NaN
1643,NaN,NaN,0.073997,-0.40972,0.66626,1.403,1.1933,0.85197,NaN,-0.17395,-0.11176,-0.11432,-0.20237,0.30752,NaN,1.0812,0.73402,-0.86809,NaN,0.38132,0.29915,0.29588,-1.0013,-2.2081,0.1953,-1.5119,-0.64711,-0.54299,NaN,NaN,0.47197,1.3793,-0.069816,0.45231,-0.16494,-1.268,-0.36056,NaN,NaN,NaN,NaN
1644,NaN,NaN,0.167,-0.41856,-0.50909,-0.7324,-0.7245,-0.56522,NaN,-0.20695,-0.13192,-0.14348,-0.28191,-0.73724,NaN,-0.10825,0.84444,-1.0952,NaN,0.61392,-0.49352,-0.60898,0.90877,1.0277,-0.56332,1.0004,-0.55992,-0.99571,NaN,NaN,-0.53002,-0.45887,-0.49058,-0.49455,-0.76998,-2.2019,0.66101,NaN,NaN,NaN,NaN
1645,NaN,NaN,-1.775,-0.55441,0.18211,-0.14942,-0.0053233,0.15539,NaN,-1.0733,-1.031,-1.0803,-1.1657,-0.5031,NaN,-0.23408,1.2779,-0.68152,NaN,-1.0019,-0.92943,-1.1065,0.41754,0.19293,-0.98896,0.35336,-1.1457,0.15964,NaN,NaN,-0.73042,-0.30569,-0.80615,-0.68392,0.42974,-1.307,1.5383,NaN,NaN,NaN,NaN
1646,NaN,NaN,0.557,1.2845,-0.66516,-0.45074,-0.62176,-0.6613,NaN,1.4432,1.5735,1.5299,1.3814,0.49648,NaN,-1.1417,1.1227,0.43789,NaN,0.42249,0.15261,0.1286,1.4763,1.5635,0.17342,1.5995,0.59607,0.17587,NaN,NaN,0.47197,-0.30569,0.66652,0.45231,-0.98251,-1.3929,1.5379,NaN,NaN,NaN,NaN
1647,NaN,NaN,1.34,2.2068,-0.095008,0.073286,-0.073816,-0.012753,NaN,0.4762,0.21346,0.13035,0.02212,0.99079,NaN,0.14643,0.164,0.6569,NaN,0.75801,0.49068,0.5145,-0.34271,0.70555,0.37864,-0.022771,0.25627,0.15187,NaN,NaN,1.2736,-0.30569,1.7184,1.2098,0.722,-0.86565,1.1641,NaN,NaN,NaN,NaN
1648,NaN,NaN,-2.14,-0.24847,-0.5505,-0.49004,-0.58751,-0.56522,NaN,-2.0518,-2.0604,-2.0185,-1.9064,-0.99741,NaN,-0.00097886,1.3002,-0.68152,NaN,-1.2366,-1.2262,-1.4454,0.30837,0.045631,-1.4108,0.22282,-1.6687,-1.0304,NaN,NaN,-1.1312,-0.45887,-1.2269,-1.0627,0.2651,-0.56686,0.21372,NaN,NaN,NaN,NaN
1649,NaN,NaN,0.274,0.50037,-0.30842,-0.35903,-0.38203,-0.32501,NaN,0.63296,0.90153,0.99368,1.0597,-0.63181,NaN,-0.78272,0.78466,-0.10559,NaN,0.55423,-1.504,-1.7629,1.1488,1.0233,-1.5389,1.1738,0.63141,0.58699,NaN,NaN,-0.83062,-1.378,-0.38539,-0.77861,0.6791,0.18337,0.41507,NaN,NaN,NaN,NaN
1650,NaN,0.049357,0.058997,-0.85151,-2.3374,-1.263,-1.9916,-2.2947,NaN,0.92174,0.86122,0.83394,0.88296,0.24864,0.34399,-2.008,-1.0694,0.40544,NaN,0.5604,-0.23045,-0.30889,-1.0999,-1.3698,-0.26217,-1.2933,-0.34621,1.597,NaN,NaN,-1.9328,-2.9098,-1.1217,-1.8202,-0.022457,-0.1092,0.2403,NaN,NaN,NaN,NaN
1651,NaN,0.88744,2.332,1.448,-0.37212,-0.37213,-0.45053,-0.39708,NaN,1.9745,1.9887,2.0028,2.0054,1.3276,1.254,-0.89068,-0.45867,1.7763,NaN,1.7234,0.24284,0.23152,1.0725,1.3714,0.13634,1.2386,1.8171,2.7172,NaN,NaN,0.47197,-1.6844,1.1925,0.45231,2.2099,1.3011,0.36216,NaN,NaN,NaN,NaN
1652,NaN,2.4648,0.349,0.43189,0.52611,0.53836,0.57687,0.58775,NaN,0.47455,0.35322,0.37375,0.30671,0.32806,0.69199,-0.43464,-0.20355,-0.26783,NaN,0.55629,1.3962,1.5481,-0.33575,-0.093046,1.5962,-0.29449,0.10039,1.729,NaN,NaN,-0.029025,0.00068007,-0.069816,-0.021123,-2.7318,-1.9989,-0.34849,NaN,NaN,NaN,NaN
1653,NaN,0.97447,-1.129,-1.8842,1.3957,1.2916,1.5015,1.5005,NaN,-1.9231,-1.9086,-1.912,-2.0672,-0.16078,-0.59902,1.1243,0.16133,-1.3386,NaN,-1.9611,0.72006,0.77628,-0.95815,-0.63365,0.59797,-0.93501,-1.9646,0.52088,NaN,NaN,-1.1312,1.3793,-2.0684,-1.0627,-0.18829,-0.96357,-0.38731,NaN,NaN,NaN,NaN
1654,NaN,-0.55928,-2.918,-0.39095,0.78093,0.87242,0.91933,0.87599,NaN,-1.4214,-1.3387,-1.3174,-1.3283,-0.029325,-0.59602,1.4626,0.050421,-1.5495,NaN,-1.6688,0.088692,0.055555,0.035462,-0.45015,0.09532,-0.14764,-1.2638,-0.38421,NaN,NaN,-0.93081,0.15386,-1.2269,-0.87329,0.36396,0.64825,-0.076405,NaN,NaN,NaN,NaN
1655,NaN,0.10707,0.807,0.24744,-0.63968,-0.50314,-0.65601,-0.6613,NaN,1.1957,1.2106,1.0811,0.86528,-0.21692,0.16398,-0.70437,-0.039076,-0.43006,NaN,0.74977,-0.77159,-0.92644,1.1817,1.4648,-0.8392,1.3505,0.80036,-1.1983,NaN,NaN,-0.029025,-0.45887,0.14057,-0.021123,0.76518,0.6438,-1.0409,NaN,NaN,NaN,NaN
1656,NaN,0.99094,1.773,1.6479,0.29678,-0.11012,0.06317,0.25147,NaN,1.4234,1.4162,1.4222,1.5405,1.1606,1.027,0.046826,-0.019093,1.103,NaN,1.6246,-0.02392,-0.072908,1.891,2.7413,-0.033739,2.3096,1.2022,0.071963,NaN,NaN,1.5742,0.30705,1.8236,1.4938,0.9649,0.036839,-1.9856,NaN,NaN,NaN,NaN
1657,NaN,1.8815,-0.446,-0.14023,0.27129,0.30255,0.30289,0.29951,NaN,-0.88185,-0.99202,-0.99159,-0.96952,0.010385,0.17098,0.37856,-0.67548,-0.34894,NaN,-0.28765,-0.24545,-0.32601,1.5855,1.706,-0.33338,1.7284,-0.56668,0.63531,NaN,NaN,-0.42982,1.073,-1.0165,-0.39987,-0.84367,-0.6431,-2.134,NaN,NaN,NaN,NaN
1658,NaN,-0.075669,-0.272,-0.72339,1.1313,1.4095,1.433,1.2843,NaN,0.27489,0.4688,0.62984,0.67791,1.2578,0.46299,1.2761,-0.61759,0.16209,NaN,-0.17649,1.1857,1.308,1.2207,1.5357,1.3485,1.4036,0.050202,0.67173,NaN,NaN,-0.42982,1.073,-1.1217,-0.39987,-0.99338,-2.0136,-1.7803,NaN,NaN,NaN,NaN
1659,NaN,0.64892,-0.505,-0.49256,-0.28294,-0.26733,-0.31354,-0.27697,NaN,-0.8241,-0.86972,-0.89398,-0.96952,-0.22924,-0.025015,1.0092,0.048148,-0.016365,NaN,-0.32058,0.44937,0.46751,-0.012993,0.41621,0.33981,0.11711,-0.17503,-0.21006,NaN,NaN,0.27157,0.46023,0.14057,0.26293,0.87344,-0.28231,-1.36,NaN,NaN,NaN,NaN
1660,NaN,-0.77602,0.265,0.36231,-1.6462,-1.0468,-1.5122,-1.6461,NaN,0.29139,0.44326,0.45743,0.51706,0.22536,0.19898,-0.40859,-0.93548,1.5816,NaN,0.72919,0.67113,0.72035,-0.73537,-0.30664,0.77059,-0.65951,0.89797,0.44322,NaN,NaN,0.87276,-0.1525,1.0873,0.83105,-0.78719,-1.9126,-2.0371,NaN,NaN,NaN,NaN
1661,NaN,-0.23949,1.125,1.702,-0.48361,-0.56864,-0.62176,-0.51718,NaN,0.90358,0.85315,0.8276,0.82816,0.47046,0.56199,0.017736,-0.41301,1.3545,NaN,1.3755,0.75744,0.81919,-0.27866,-1.6924,0.63418,-0.80695,1.5661,0.19105,NaN,NaN,1.2736,-0.1525,1.508,1.2098,1.8502,-0.6981,-1.9204,NaN,NaN,NaN,NaN
1662,NaN,1.0225,0.485,-0.57318,0.55159,-0.37868,0.028923,0.44363,NaN,-0.096391,-0.17358,-0.15869,-0.15464,-0.77695,0.13098,-0.060372,-0.17757,0.36488,NaN,0.066394,0.55829,0.59189,-1.9011,-1.5775,0.64151,-1.9489,0.4065,0.11908,NaN,NaN,-0.93081,0.00068007,-1.2269,-0.87329,-1.4638,-1.8286,-1.8516,NaN,NaN,NaN,NaN
1663,NaN,-0.91883,-0.048003,-2.2178,0.96567,1.0624,1.1248,1.0682,NaN,-0.66238,-0.6762,-0.67086,-0.72735,-0.32509,-0.37502,0.91363,-0.090764,-0.96543,NaN,-0.65404,0.010002,-0.034344,-0.31542,0.1056,-0.085831,-0.21078,-0.26322,-0.28928,NaN,NaN,-1.8326,0.15386,-2.384,-1.7255,-2.0088,-2.0656,-1.8051,NaN,NaN,NaN,NaN
1664,NaN,-1.2774,-0.824,-1.5319,0.47515,-0.31318,0.028923,0.39559,NaN,-1.3257,-1.2326,-1.1551,-0.99073,-1.0659,-0.98002,-0.84005,-0.20861,-0.33272,NaN,-1.4012,0.28045,0.27443,-0.77408,0.1902,0.31312,-0.51561,-0.45123,-1.2479,NaN,NaN,-0.93081,-1.2248,-0.70096,-0.87329,-0.33435,-0.88084,-1.8091,NaN,NaN,NaN,NaN
1665,NaN,-1.2153,0.49,0.61192,-0.031304,-0.45074,-0.31354,-0.084813,NaN,0.4465,0.6771,0.70337,0.73094,0.3486,-0.42102,-0.11357,-0.14326,0.28377,NaN,-0.020057,0.58852,0.62611,0.60551,0.75438,0.4667,0.68479,1.4335,0.018976,NaN,NaN,0.47197,-0.45887,0.66652,0.45231,2.4416,0.72822,-2.4272,NaN,NaN,NaN,NaN
1666,NaN,1.1415,0.144,-0.58533,0.76182,0.3091,0.57687,0.75589,NaN,-0.28616,-0.29319,-0.38308,-0.42155,0.61698,-0.25002,0.018284,0.19008,-0.25972,NaN,-0.25471,1.0392,1.1407,-0.029702,0.09382,1.1791,-0.0065722,0.028931,-0.72525,NaN,NaN,-0.22942,0.46023,-0.59577,-0.21049,0.14803,-0.91429,-1.5993,NaN,NaN,NaN,NaN
1667,NaN,0.48357,-0.528,-0.31253,0.45604,0.78727,0.71385,0.56373,NaN,-0.39506,-0.49343,-0.51112,-0.58771,-0.42094,-0.24902,0.95895,-0.37364,-0.55985,NaN,-0.57993,0.4383,0.45448,-0.45884,0.19083,0.3222,-0.28562,-1.1162,0.33396,NaN,NaN,0.17137,1.073,-0.38539,0.16825,-0.39541,-0.76322,-1.0342,NaN,NaN,NaN,NaN
1668,NaN,0.20996,-0.85,0.49705,1.1472,0.80037,1.0563,1.1883,NaN,-1.6409,-1.6156,-1.557,-1.4627,-0.67152,-0.53402,1.0908,-0.051222,-1.0952,NaN,-1.6338,0.43437,0.4504,-0.13385,-0.37166,0.48792,-0.244,-2.2073,-1.6823,NaN,NaN,0.87276,0.7666,0.77171,0.83105,-0.88334,-1.0511,-0.79064,NaN,NaN,NaN,NaN
1669,NaN,-0.68875,0.089997,-0.49477,-0.68109,-0.29353,-0.55327,-0.6613,NaN,0.04552,0.14895,0.14683,0.087523,0.23358,-0.26902,-0.082754,-0.55856,-0.49495,NaN,-0.66227,0.32915,0.33011,-0.55742,-0.44005,0.22615,-0.57615,-1.1912,-0.012263,NaN,NaN,-0.93081,-0.45887,-1.0165,-0.87329,0.26103,-0.80123,-0.061617,NaN,NaN,NaN,NaN
1670,NaN,0.55839,-1.346,0.45177,-0.68428,-1.0796,-1.0327,-0.7814,NaN,-0.43137,-0.46655,-0.53648,-0.60008,-1.2206,-0.28402,-0.71975,-0.70228,-0.67341,NaN,-0.57376,1.4825,1.6469,0.54619,0.33372,1.6901,0.49596,-1.5131,-0.42356,NaN,NaN,-0.42982,-1.8375,0.24576,-0.39987,0.90146,0.30415,-1.4547,NaN,NaN,NaN,NaN
1671,NaN,0.50063,0.93,1.8876,-0.62057,-1.1123,-1.0327,-0.73336,NaN,1.1874,1.3074,1.3385,1.4132,-0.26758,0.40299,-0.073358,-0.52163,0.54334,NaN,1.3096,0.36307,0.36867,0.015969,0.33182,0.25,0.10883,0.55574,0.43234,NaN,NaN,0.37177,-1.2248,0.98209,0.35762,1.0839,0.02879,-1.6659,NaN,NaN,NaN,NaN
1672,NaN,-0.78761,0.555,-0.13912,0.53885,0.34185,0.47413,0.56373,NaN,-0.8208,-0.8845,-0.84327,-0.70791,-0.25936,-0.35402,0.21484,-0.56831,-0.30839,NaN,-0.45232,0.72375,0.78037,-0.23633,0.29731,0.82419,-0.086622,-0.3882,-0.43495,NaN,NaN,-0.029025,0.15386,-0.17501,-0.021123,-1.1417,-1.138,-1.5767,NaN,NaN,NaN,NaN
1673,NaN,-0.57083,-0.209,0.39986,0.21714,1.1017,0.78235,0.39559,NaN,-0.89505,-0.76893,-0.74185,-0.77685,-1.1111,-0.23702,0.22879,-0.25242,-0.49495,NaN,-0.14768,0.115,0.085692,0.96725,1.3975,0.017325,1.1711,-0.67836,-1.0428,NaN,NaN,0.37177,-0.76524,0.77171,0.35762,-0.71286,-0.18255,-1.1674,NaN,NaN,NaN,NaN
1674,NaN,0.81091,1.485,0.2861,-0.20012,-0.27388,-0.27929,-0.20491,NaN,1.4679,1.5963,1.6897,1.8357,-0.022478,0.61099,-0.009788,-0.42869,0.11342,NaN,0.9412,1.5127,1.6811,-0.48279,-0.38471,1.7279,-0.50248,0.67717,-0.22456,NaN,NaN,0.37177,-0.30569,0.56133,0.35762,0.44775,-0.57669,-0.89885,NaN,NaN,NaN,NaN
1675,NaN,0.76335,-0.573,-0.41414,-0.55368,-0.083921,-0.34779,-0.49316,NaN,-0.1723,-0.27438,-0.27532,-0.16348,-0.57019,-0.11802,0.45051,-0.93227,-0.33272,NaN,-0.54906,0.47199,0.49305,-1.3505,-0.96488,0.35567,-1.3355,0.16277,-0.9926,-0.071372,-0.1283,-0.22942,-0.45887,-0.069816,-0.21049,-0.3692,-0.92366,-0.4398,NaN,NaN,NaN,NaN
1676,NaN,-0.92686,-1.312,-0.84709,-0.12368,-0.25423,-0.24505,-0.13285,NaN,-1.362,-1.5014,-1.5291,-1.6324,-0.86596,-0.73202,-0.050845,-0.79191,-0.032588,NaN,-1.5062,-0.74897,-0.90065,-0.44881,-0.73172,-0.85933,-0.59802,-0.34,-1.6994,-0.90824,-0.41877,-0.73042,-0.1525,-0.91134,-0.68392,-0.88031,-0.87662,0.1331,NaN,NaN,NaN,NaN
1677,NaN,0.83796,0.547,0.29604,0.69811,0.59076,0.71385,0.73187,NaN,0.4894,0.66501,0.73506,0.76276,-0.18953,0.41499,-0.43265,-0.2962,1.1274,NaN,0.39367,-1.1773,-1.3897,-0.17284,0.11276,-1.2313,-0.10448,0.82042,-1.0133,0.222,1.3642,0.67237,0.30705,0.66652,0.64168,2.0099,0.43546,-0.59165,NaN,NaN,NaN,NaN
1678,NaN,-1.1394,0.593,0.64505,1.0676,1.5078,1.4673,1.2363,NaN,-0.44457,-0.53375,-0.53648,-0.44277,-0.56061,-0.26302,-0.049996,-0.25285,-0.41384,NaN,0.20636,-1.1886,-1.4025,-0.32322,0.29226,-1.3678,-0.15166,0.092524,-1.3338,-0.14618,0.30977,1.1734,0.15386,1.4029,1.1151,0.97268,-0.65395,-0.090556,NaN,NaN,NaN,NaN
1679,NaN,-0.81437,-1.207,-0.066229,0.20122,0.18464,0.20016,0.22745,NaN,-0.14259,-0.068759,-0.001494,0.19712,-1.3534,-0.61702,-1.3335,0.047282,-0.65719,NaN,-0.55112,0.44568,0.46317,-0.65572,0.038055,0.33718,-0.48202,0.19844,-1.5853,0.012783,0.23066,-0.73042,-1.5312,-0.2802,-0.68392,-2.1494,-1.9313,-0.55994,NaN,NaN,NaN,NaN
1680,NaN,-0.612,1.686,0.87368,0.5293,-1.0861,0.57687,-0.44512,NaN,1.1115,1.1569,1.2092,1.2877,0.040509,0.18298,-0.44324,0.1565,0.8597,NaN,0.94532,-0.30937,-0.39879,0.99371,1.1136,-0.35088,1.0921,1.3043,-0.66795,0.8742,0.873,0.37177,-1.5312,1.1925,0.35762,-0.52615,-1.3757,-0.36701,NaN,NaN,NaN,NaN
1681,NaN,0.93239,-0.621,0.55559,-0.095008,0.3353,0.13166,-0.012753,NaN,0.59501,0.56153,0.56899,0.51352,0.23084,0.26899,-0.83053,-0.065528,0.089087,NaN,1.2191,0.24653,0.23586,0.6832,0.53784,0.13897,0.66646,1.0598,0.034337,0.39616,0.19405,-0.32962,-1.0716,0.035375,-0.30518,0.96776,-1.0287,-1.4447,NaN,NaN,NaN,NaN
1682,NaN,1.1784,-0.228,0.63732,0.32863,0.97723,0.7481,0.46765,NaN,1.0636,1.1031,1.2054,1.362,0.20893,0.73999,0.23739,-0.17458,0.68124,NaN,0.8177,-0.61375,-0.74639,0.11001,0.68788,-0.71428,0.30086,0.75117,0.14635,0.95952,0.6947,-0.12922,-0.1525,-0.069816,-0.11581,1.5151,0.23895,-1.4791,NaN,NaN,NaN,NaN
1683,NaN,-0.14705,2.222,0.67156,0.33181,0.79382,0.64536,0.44363,NaN,-0.14259,-0.24347,-0.15109,0.053938,0.12951,0.19498,-0.69155,0.067749,0.34866,NaN,-0.12915,-0.28307,-0.36891,-0.58165,-1.4712,-0.36948,-0.95085,0.48051,0.93304,0.90576,0.74902,0.67237,-0.76524,1.0873,0.64168,-0.51764,-1.1799,-1.4332,NaN,NaN,NaN,NaN
1684,NaN,-0.16883,-0.365,0.24965,-0.65561,-1.7542,-1.4437,-0.87748,NaN,-0.72179,-0.65739,-0.57197,-0.441,-0.61812,-0.10202,-0.65505,-0.32481,0.00797,NaN,-0.95456,-1.1473,-1.3552,-1.3179,-1.7782,-1.3221,-1.5937,-0.34233,0.3079,-1.0637,-0.64194,-0.63022,-0.91843,-0.38539,-0.58924,-1.2912,-1.4294,-0.52995,NaN,NaN,NaN,NaN
1685,NaN,-0.093477,-2.772,-1.4137,-0.62376,-1.9246,-1.5464,-0.87748,NaN,-2.1508,-2.129,-2.1173,-2.016,-1.5574,-1.134,-1.1879,-0.3522,-2.2065,NaN,-2.2966,0.17892,0.15848,-0.69332,-0.71215,0.081646,-0.76935,-1.9738,0.038307,-2.5621,-2.5005,-2.033,-1.378,-1.9632,-1.9148,-0.76211,-1.2677,0.2417,NaN,NaN,NaN,NaN
1686,NaN,0.51592,-0.762,0.32034,-0.24153,-0.49004,-0.45053,-0.30099,NaN,0.4333,0.60453,0.56772,0.44989,-0.95496,0.26599,-0.6862,-0.3839,-0.57607,NaN,0.21048,0.40068,0.41158,-0.73398,-0.052853,0.44756,-0.57047,0.36141,1.2441,0.64278,-0.18025,-0.22942,-1.2248,0.24576,-0.21049,0.60405,-1.0249,0.40644,NaN,NaN,NaN,NaN
1687,NaN,1.214,1.599,0.66714,-0.27657,0.69556,-0.27929,0.22745,NaN,0.67587,0.62603,0.58547,0.63725,1.3591,0.98499,0.37089,-0.70759,0.83536,NaN,1.4311,0.9229,1.0079,0.35349,0.04521,0.78929,0.25545,1.3669,1.3899,0.26174,0.35818,0.57217,0.46023,0.45614,0.54699,-0.16618,-0.95408,-0.19985,NaN,NaN,NaN,NaN
1688,NaN,0.70213,0.269,-0.13912,0.29678,1.7698,1.2275,0.58775,NaN,-1.0782,-1.0767,-1.1247,-1.2028,0.7498,0.19998,0.96261,-0.84524,-0.11371,NaN,-0.065342,-0.13284,-0.19734,1.263,1.1919,-0.16022,1.3154,0.75439,1.2713,-0.12631,-0.93005,0.87276,0.7666,0.77171,0.83105,0.79663,0.20581,-1.3798,NaN,NaN,NaN,NaN
1689,NaN,0.84883,0.364,0.2607,0.53567,1.1344,0.95358,0.68383,NaN,0.30789,0.41236,0.44221,0.35797,0.66079,0.55899,0.33291,-0.24653,-0.28405,NaN,0.5954,-0.29437,-0.38168,0.10611,0.59466,-0.37747,0.26574,0.68703,1.0257,1.1173,0.9651,0.87276,0.46023,0.8769,0.83105,-0.14324,-0.61012,-0.90974,NaN,NaN,NaN,NaN
1690,NaN,0.91414,-0.407,0.67046,0.43055,0.54491,0.54262,0.49167,NaN,0.71382,0.70532,0.64885,0.56125,-0.106,0.36699,0.20987,-0.58463,-0.70586,NaN,0.34427,-0.14784,-0.2144,-0.45661,0.57466,-0.17083,-0.15106,1.0198,0.80031,0.89641,0.48098,0.27157,-0.45887,0.45614,0.26293,-0.0044409,-0.55902,-1.5338,NaN,NaN,NaN,NaN
1691,NaN,1.9259,-1.183,0.36231,-0.62694,0.4925,-0.65601,0.13137,NaN,-0.72674,-0.8415,-0.90032,-0.96245,-0.46749,-0.051015,0.16422,-0.92871,-0.30839,NaN,-0.66639,-0.83159,-0.99514,1.3769,0.97723,-0.89116,1.3238,0.94916,0.38971,-0.62656,-0.70924,-0.42982,-0.76524,-0.2802,-0.39987,-0.55368,-1.2031,-1.8683,NaN,NaN,NaN,NaN
1692,NaN,0.54177,1.152,0.42195,-1.3245,-0.37868,-0.92998,-1.2378,NaN,0.96629,1.0211,1.052,1.0845,0.11582,0.62199,-0.99429,-1.462,1.0544,NaN,0.49865,-0.21545,-0.29178,-1.453,-1.33,-0.25156,-1.5367,1.9953,1.0309,1.8081,1.9192,0.17137,-1.8375,0.98209,0.16825,1.1856,0.042811,-0.46555,NaN,NaN,NaN,NaN
1693,NaN,1.3817,0.327,0.38329,0.32863,0.020883,0.16591,0.32353,NaN,0.75012,0.65291,0.6628,0.72387,0.60054,0.47999,-0.51734,-0.77392,-0.25972,NaN,0.58099,-0.17045,-0.24019,0.5111,0.46229,-0.26118,0.51476,0.98705,1.1635,1.3289,0.94739,0.17137,-0.61206,0.56133,0.16825,-0.023451,-0.6032,0.034145,NaN,NaN,NaN,NaN
1694,NaN,1.4139,0.406,-0.33462,0.82552,0.91172,0.98782,0.92403,NaN,0.31449,0.35591,0.40925,0.58423,0.96888,0.67299,0.065201,-0.26665,0.94081,NaN,-0.069458,0.013694,-0.030002,1.7843,1.4347,0.0092296,1.7791,0.91404,1.6995,0.25005,0.094868,0.27157,0.7666,0.035375,0.26293,-0.13178,-1.1362,0.29528,NaN,NaN,NaN,NaN
1695,NaN,0.73331,0.94,1.3574,-0.15553,-0.16908,-0.2108,-0.15687,NaN,1.3953,1.3867,1.4729,1.5122,0.32532,1.038,-0.69244,-0.2974,1.7601,NaN,1.2273,-0.62505,-0.75916,-0.059221,-0.26687,-0.69732,-0.15319,0.88091,1.2019,0.35758,0.49633,0.47197,-1.5312,1.1925,0.45231,0.096551,-1.3467,-0.29302,NaN,NaN,NaN,NaN
1696,NaN,0.34208,-1.366,-0.70241,-0.53776,-0.39834,-0.55327,-0.5412,NaN,-2.2597,-2.395,-2.3354,-2.0973,-0.98919,-1.086,-0.50929,-0.46945,-1.371,NaN,-1.64,-1.9962,-2.3247,0.68599,0.76721,-2.2846,0.74781,-2.0653,-1.5463,-1.6014,-2.1238,-0.53002,-0.76524,-0.38539,-0.49455,-0.099635,-0.64621,-0.33985,NaN,NaN,NaN,NaN
1697,NaN,0.044811,-0.247,-0.60742,-0.18738,0.18464,-0.17656,0.035287,NaN,-0.93795,-0.7313,-0.60874,-0.49049,-0.25389,-0.52802,-1.7921,-0.42131,-0.097482,NaN,-0.50172,-0.7979,-0.95658,0.22399,0.93493,-0.85769,0.46959,-0.725,-1.4874,-0.0035802,0.32748,-0.93081,-2.1439,-0.17501,-0.87329,-1.1254,-1.7813,0.72127,NaN,NaN,NaN,NaN
1698,NaN,-0.84408,-1.228,0.62076,0.25537,-0.29353,0.30289,-0.15687,NaN,-0.86865,-0.91407,-0.92694,-0.84579,-0.59484,-1.101,-1.7472,0.5031,-1.1114,NaN,-0.56553,0.71613,0.77194,-1.279,-1.0074,0.81894,-1.2981,-1.2332,-1.9569,-0.20579,-0.29597,-0.12922,-2.1439,0.77171,-0.11581,-0.98844,-2.0521,1.0513,NaN,NaN,NaN,NaN
1699,NaN,0.29297,0.45,0.37004,0.24581,1.403,0.98782,0.46765,-0.07183,0.14123,0.16105,0.11133,0.025656,0.14868,-0.22002,0.30782,0.25746,-0.16238,NaN,0.068453,-0.17045,-0.24019,1.2794,2.1858,-0.26118,1.6716,-0.46409,-1.5332,1.2587,0.99934,0.77256,0.00068007,0.8769,0.73636,1.0456,-0.69783,0.79419,NaN,NaN,NaN,NaN
1700,NaN,-0.58101,0.114,0.23308,0.083365,0.45975,0.30289,0.17941,1.7037,0.062021,0.045472,0.056822,0.094593,-0.83035,-0.012015,-0.58811,0.66882,0.373,NaN,0.21254,-1.5003,-1.7585,1.2338,1.6841,-1.7199,1.4645,-0.58197,-1.6925,0.022134,-0.25818,-0.32962,-1.378,0.14057,-0.30518,-0.1723,-1.505,0.51585,NaN,NaN,NaN,NaN
1701,NaN,0.44543,1.401,0.58873,1.3001,2.6869,2.3234,1.6446,1.4655,-0.060088,-0.078166,-0.096574,-0.1953,-0.64824,0.42499,-0.94003,1.3738,0.56768,NaN,0.6448,-1.8084,-2.1102,0.44928,1.574,-1.8305,0.85506,0.033362,-1.2903,1.6141,1.3158,1.0732,0.30705,1.2977,1.0204,2.1698,0.31177,0.036877,NaN,NaN,NaN,NaN
1702,NaN,0.93048,1.219,0.39986,-0.12686,-0.04462,-0.10806,-0.10883,0.014781,0.36894,0.49165,0.61082,0.77159,-0.65235,0.25999,-1.3328,1.0241,-0.34894,NaN,0.31957,0.44568,0.46317,-0.01355,0.068357,0.51243,-0.0037344,-0.63304,-1.2707,-0.18124,-0.33257,-0.22942,-2.4503,0.77171,-0.21049,0.37251,-0.76959,-0.75541,NaN,NaN,NaN,NaN
1703,NaN,-0.18619,-1.238,0.64837,0.080179,-1.656,-0.99847,-0.20491,-0.35332,-0.57658,-0.63454,-0.67973,-0.78745,0.21988,-0.71702,-1.2553,0.42283,-1.1844,NaN,-0.75078,2.2641,2.539,0.12622,0.2548,2.082,0.16263,0.00045747,-0.55283,0.37395,0.23302,-0.63022,-2.1439,0.14057,-0.58924,-0.92677,-1.607,-0.58018,NaN,NaN,NaN,NaN
1704,NaN,-0.88659,-0.993,-1.375,1.3734,0.4401,0.95358,1.3324,-0.87298,-0.79934,-0.72727,-0.69748,-0.64604,-0.30455,-0.69502,2.5182,1.1601,-0.54362,NaN,-0.47702,0.68244,0.73338,-1.1445,-0.85924,0.77857,-1.1488,-1.558,-1.1341,-0.43254,-0.56401,-0.73042,1.6857,-1.3321,-0.68392,-3.2953,-2.391,-0.13417,NaN,NaN,NaN,NaN
1705,NaN,-0.28184,-0.099003,-1.0095,-0.13005,-0.04462,-0.10806,-0.10883,1.3789,-0.83895,-0.8845,-0.87496,-0.87583,-1.8176,-0.50102,0.88729,0.92099,-0.64096,NaN,-0.026232,-0.17784,-0.24888,-0.1113,0.38885,-0.26643,0.036078,-1.6425,-1.1391,-1.1327,-1.2111,-0.53002,0.7666,-0.91134,-0.49455,1.3485,-0.13479,-1.1064,NaN,NaN,NaN,NaN
1706,0.32975,0.36957,0.877,-0.29817,-1.4583,0.15844,-0.65601,-1.2618,3.2194,0.11317,0.064286,-0.0040295,-0.11222,-1.3657,-0.033015,0.020853,-0.32409,-0.30027,NaN,0.16314,0.81398,0.88355,-1.9092,-1.4341,0.92089,-1.9052,-0.28594,-0.92201,0.19746,0.36999,-0.32962,0.15386,-0.38539,-0.30518,1.6883,-0.065625,-0.85946,NaN,NaN,NaN,NaN
1707,-0.64892,0.67469,0.016997,-0.76868,0.50063,-0.69965,0.57687,-0.30099,-1.371,-0.43632,-0.48268,-0.48704,-0.47105,-0.50994,-0.55402,1.0402,0.058651,-0.30027,NaN,-1.0287,0.66352,0.71192,-0.45661,-0.76917,0.53901,-0.61682,-0.56679,-0.48742,-0.71539,-0.43766,-0.22942,0.7666,-0.59577,-0.21049,-0.47607,-0.49976,-0.45429,NaN,NaN,NaN,NaN
1708,0.27052,-0.13843,-1.19,0.37446,-0.23197,-0.93546,-0.7245,-0.34903,-0.85133,-0.00068386,-0.063384,-0.11939,-0.28545,-2.2804,-0.043015,0.88729,-0.11495,-0.41384,NaN,0.39162,0.013694,-0.030002,-1.2444,-0.98255,0.0092296,-1.2646,-0.92996,-0.58839,0.020965,-0.068079,0.17137,0.46023,-0.069816,0.16825,0.097847,-0.12387,-0.16357,NaN,NaN,NaN,NaN
1709,-1.1682,0.098137,-0.655,0.3844,0.65352,-1.4726,0.71385,-0.58924,-0.050177,-0.69704,-0.59019,-0.54155,-0.45337,-0.0060468,-0.53702,0.22472,0.30736,-0.30027,NaN,-0.48319,0.68983,0.7418,-0.94701,-2.2441,0.56723,-1.485,-0.7856,0.3816,-1.4634,-1.3551,-0.12922,1.073,-0.49058,-0.11581,-0.69473,0.046448,-0.17735,NaN,NaN,NaN,NaN
1710,0.70011,0.9764,1.148,-0.04414,-0.32753,-0.811,-0.69025,-0.4211,0.44784,1.4547,1.4606,1.4158,1.2082,0.86071,1.122,0.93826,-0.5226,1.03,NaN,1.2417,-0.61006,-0.74204,-0.59585,-0.72162,-0.69514,-0.70172,0.25516,0.34553,1.5358,1.9971,0.071173,0.7666,-0.17501,0.073563,0.7641,0.076739,-0.45172,NaN,NaN,NaN,NaN
1711,0.14466,0.63575,0.132,0.17455,0.051512,-0.16908,0.06317,-0.10883,0.38288,0.014167,-0.0096278,0.017522,0.08929,-1.1699,0.20098,-0.38688,-0.85634,-0.032588,NaN,-0.061225,-0.31306,-0.40313,0.40974,0.078037,-0.40033,0.30772,-0.18778,-0.514,0.4733,0.50224,0.37177,0.30705,0.24576,0.35762,-0.92672,-0.88738,0.50426,NaN,NaN,NaN,NaN
1712,0.29376,0.6508,0.462,0.41532,0.64715,0.21739,0.43988,0.63579,0.20966,0.29964,0.37069,0.43587,0.42867,0.38009,0.52199,-0.081081,0.10923,0.42167,NaN,0.57275,0.58483,0.62177,0.13961,0.22576,0.65999,0.16228,0.54887,0.82292,0.81927,0.82105,0.47197,0.46023,0.35095,0.45231,-1.1009,-0.97682,-0.48237,NaN,NaN,NaN,NaN
1713,0.96272,1.0496,0.237,-0.50581,0.44648,-0.73895,0.50837,-0.30099,-0.18009,-0.08649,-0.083542,-0.0078326,0.13171,0.32943,0.51899,0.83633,-0.59311,0.54334,NaN,-0.31029,0.32545,0.32602,1.065,-0.1204,0.2139,0.71624,-0.21481,1.0917,-0.036307,-0.26763,0.071173,0.61342,-0.17501,0.073563,2.1719,0.29054,-1.8523,NaN,NaN,NaN,NaN
1714,0.33221,0.18959,0.146,-0.13692,0.13751,-0.15597,0.16591,-0.10883,0.88089,-0.44127,-0.44639,-0.46675,-0.50994,0.47868,-0.10402,0.58149,0.18229,-0.28405,NaN,-0.39056,0.91897,1.0036,0.28219,0.28111,1.0446,0.28537,-0.16263,-0.12065,-0.12046,-0.16136,-0.029025,0.46023,-0.2802,-0.021123,2.0003,0.35851,-2.1742,NaN,NaN,NaN,NaN
1715,-0.24133,-0.38501,-0.376,-0.54889,0.032401,0.10604,0.06317,0.059307,-0.54819,-1.2201,-1.2111,-1.2413,-1.2965,-0.82488,-0.78202,1.1931,0.042843,-1.0465,NaN,-0.47702,0.5696,0.60466,0.038526,0.16937,0.45346,0.069103,-0.36836,-0.2337,-0.685,-0.87573,-0.42982,0.91979,-0.91134,-0.39987,-1.02,-1.2551,-0.99653,NaN,NaN,NaN,NaN
1716,-0.53314,-0.6111,-0.867,-1.8235,-0.36894,-0.011868,-0.2108,-0.32501,-1.2627,-1.4016,-1.4019,-1.3897,-1.3602,-2.3229,-1.196,0.83633,-0.26802,-1.9956,NaN,-1.2057,-0.087772,-0.14595,0.10957,0.86717,-0.11187,0.3627,-1.5834,-0.72836,-2.0899,-2.0518,-1.532,0.61342,-1.8581,-1.4414,-1.3207,-0.74406,-0.50909,NaN,NaN,NaN,NaN
1717,-1.3528,-0.62619,-0.992,-0.94981,-1.4551,-0.0053179,-0.75875,-1.2858,0.5128,-0.030386,0.091164,0.11641,0.21656,-1.7601,-0.53402,0.17375,-0.52705,-0.28405,NaN,0.18166,-0.0013056,-0.047369,0.38523,1.1003,-0.093707,0.64411,-0.52114,-0.70765,-0.17072,-0.16018,-0.83062,0.15386,-1.0165,-0.77861,-0.66541,-1.3894,-0.3627,NaN,NaN,NaN,NaN
1718,0.71924,1.6501,0.462,0.52467,0.27766,-0.018418,0.13166,0.25147,0.9675,0.87058,0.87197,0.83141,0.87412,-1.3452,0.98599,0.27569,-0.40647,1.314,NaN,1.2417,0.35545,0.36024,0.08648,0.92967,0.39921,0.36755,1.1275,0.27407,0.66498,1.0844,1.3738,0.30705,1.2977,1.3045,-1.0516,-1.0926,1.1292,NaN,NaN,NaN,NaN
1719,0.98144,1.0932,0.659,0.90129,0.72997,0.45975,0.64536,0.75589,0.81594,-0.1591,-0.29185,-0.31336,-0.28721,-0.10053,0.69099,0.63246,0.65337,0.90837,NaN,0.73742,0.35176,0.3559,1.2753,1.4985,0.24201,1.4305,1.1479,1.4213,-0.23501,-0.20033,1.7746,0.61342,1.6132,1.6832,-0.43336,-0.94188,1.5328,NaN,NaN,NaN,NaN
1720,0.10395,0.38706,1.266,1.5275,1.1058,0.52526,0.88508,1.0922,-0.39662,-0.0072844,-0.015003,0.011183,-0.11929,-0.93442,0.63599,0.63246,0.90196,1.3707,NaN,0.51512,-0.012613,-0.060139,0.98591,0.81751,-0.025775,0.98382,1.3323,1.281,1.295,1.0076,1.474,0.7666,1.2977,1.3992,0.89244,-0.1166,1.2685,NaN,NaN,NaN,NaN
1721,0.67523,1.6053,-0.157,0.61523,0.022845,-0.51624,-0.31354,-0.060793,0.20966,0.05047,0.10595,0.044144,-0.21474,0.088434,0.84399,0.27569,-0.28419,0.48656,NaN,0.49454,1.1483,1.2651,1.2552,1.5237,1.006,1.4246,1.113,1.7268,1.5451,1.7539,1.474,0.46023,1.4029,1.3992,0.94914,0.33443,0.86657,NaN,NaN,NaN,NaN
1722,-0.39968,1.2655,-1.111,-0.056289,-0.24471,0.14534,NaN,-0.18089,-0.52654,0.52241,0.60856,0.57913,0.46049,0.089803,0.59199,1.4479,0.10422,0.78669,NaN,-0.26912,0.084999,0.051469,0.97115,0.34403,0.092695,0.80883,0.71096,1.2437,0.75849,1.0076,-0.22942,1.073,-0.70096,-0.21049,0.97777,0.21631,-1.049,NaN,NaN,NaN,NaN
1723,1.4151,1.6017,0.792,0.69807,1.23,-0.49659,0.30289,1.0201,NaN,0.99104,1.0077,1.0241,1.0367,1.2633,1.409,0.37762,-0.46694,1.3464,NaN,0.97619,-0.17415,-0.24453,1.1355,0.50754,-0.26381,0.98513,0.9239,1.8221,0.62641,0.63094,0.97296,0.61342,0.77171,0.92573,0.75199,0.44119,-0.26922,NaN,NaN,NaN,NaN
1724,-0.0099814,1.1545,-1.114,-0.51796,0.45604,-0.41799,0.50837,-0.20491,-1.1761,-0.47262,-0.55525,-0.51239,-0.31373,0.14047,0.22398,0.12279,0.76916,0.040417,NaN,-0.044758,0.077615,0.042786,1.3067,0.3274,0.087334,1.0477,-0.41711,0.15688,-0.50033,0.12675,-0.83062,0.7666,-1.1217,-0.77861,0.44601,0.13835,-1.7338,NaN,NaN,NaN,NaN
1725,-1.5266,-1.5147,-0.896,-2.2255,-1.127,-0.48349,-0.89573,-1.0937,-0.61315,-1.3422,-1.3051,-1.2299,-1.1746,-2.4886,-1.228,0.37762,-0.2441,-1.4765,NaN,-0.78783,-0.23437,-0.31324,-1.8056,-0.64123,-0.31577,-1.555,-0.50951,0.021911,-0.37877,-0.34084,-1.7324,0.46023,-2.0684,-1.6308,-0.98204,-2.0827,-1.0544,NaN,NaN,NaN,NaN
1726,1.2247,0.23802,2.162,-1.4203,-0.040859,-0.75205,-0.51902,-0.15687,1.5088,1.9514,1.9659,1.8659,1.5971,-0.59895,1.327,0.07182,-0.80791,1.0949,NaN,2.4212,-0.035228,-0.085934,0.38245,1.3951,-0.041692,0.74438,1.0525,0.12167,1.738,1.6488,-0.32962,0.46023,-0.59577,-0.30518,-2.1312,-1.614,-1.1797,NaN,NaN,NaN,NaN
1727,1.1412,-0.71648,1.563,0.33138,0.54841,-0.20838,0.13166,0.46765,0.64271,2.2105,2.189,2.217,2.3607,-0.61948,1.086,0.27569,-0.4456,1.0219,0.77934,1.3364,0.07,0.034358,0.58379,0.48523,-0.024134,0.49383,0.33892,0.32016,1.115,1.428,0.57217,0.46023,0.35095,0.54699,0.49954,-1.2092,-0.49748,NaN,NaN,NaN,NaN
1728,-0.10396,-0.69164,-0.622,-1.1321,0.24581,0.50561,0.43988,0.32353,-1.0679,-0.2713,-0.27438,-0.25377,-0.19176,-0.47023,-0.48302,0.37762,-0.014001,0.12965,-0.066643,-1.8685,-0.33937,-0.43327,1.4869,1.412,-0.38862,1.5637,-0.65642,0.56179,-0.66747,0.12675,-0.63022,0.46023,-0.91134,-0.58924,0.55382,-1.2599,-1.1055,NaN,NaN,NaN,NaN
1729,-0.75606,0.061987,-1.697,0.31371,0.507,0.060185,0.26865,0.46765,0.33957,-0.57328,-0.41548,-0.29941,-0.31903,-1.2028,-0.57002,-0.030114,0.93661,0.38922,0.052091,-2.0249,1.0355,1.1364,-0.79886,-0.7637,0.89759,-0.57071,-0.24328,1.1576,-1.2273,-0.60061,0.27157,0.61342,0.14057,0.26293,1.6149,-0.63378,-2.1588,NaN,NaN,NaN,NaN
1730,-0.36657,-0.69457,-0.463,-0.83936,1.6632,-0.96821,0.2344,1.3324,-1.2627,-0.2713,-0.095637,-0.001494,0.16,-1.3671,-0.60302,1.346,0.37943,-0.73831,-0.14085,-0.30411,-0.70767,-0.85365,0.70465,0.62075,-0.81361,0.5831,-0.39939,-0.71576,-1.2472,-1.2123,-0.93081,1.3793,-1.5425,-0.87329,-0.8002,-1.9601,-1.4943,NaN,NaN,NaN,NaN
1731,0.12225,-0.6462,0.023997,-1.2359,1.453,0.52526,1.0563,1.4044,0.53445,0.64451,0.65291,0.61589,0.55418,-1.4027,-0.37302,-0.38688,1.2085,-0.92487,-0.88295,0.9659,-0.30199,-0.39037,1.2254,1.1424,-0.38272,1.0668,-0.60457,-0.54593,-0.42435,-0.11767,-0.12922,0.7666,-0.49058,-0.11581,-1.052,-2.365,-2.4944,NaN,NaN,NaN,NaN
1732,0.081737,-1.2632,1.358,0.38882,0.13114,-1.0534,-0.58751,-0.060793,0.42618,0.72042,0.72011,0.75661,0.83876,-2.1175,-0.41802,0.020853,0.65548,-1.1439,-1.3134,0.91238,-0.60244,-0.73336,-0.20598,-0.34746,-0.68978,-0.58667,0.35222,0.31705,-0.23617,0.05236,0.37177,0.46023,0.14057,0.35762,0.60975,-1.1447,-1.7377,NaN,NaN,NaN,NaN
1733,-1.0368,-0.44614,-1.15,-1.2359,-0.050415,-0.58829,-0.41628,-0.13285,-0.95959,-1.8257,-1.9341,-1.969,-2.023,-2.9993,-1.5,-0.28495,-0.34251,-1.3386,-1.4544,-1.9652,1.6403,1.827,1.1522,1.03,1.4783,1.0319,-1.8377,0.53797,-1.8468,-1.5759,-1.031,0.15386,-1.1217,-0.96798,-0.148,-1.4727,-3.0596,NaN,NaN,NaN,NaN
1734,0.049039,0.21165,1.53,0.36452,0.64397,0.48595,0.61111,0.68383,-0.18009,0.34914,0.44998,0.50306,0.55418,-1.0796,0.067985,1.9576,0.95054,0.17832,0.089196,-0.98543,0.15261,0.1286,0.3766,0.24176,0.17342,0.12692,0.33925,0.42095,0.11681,-0.0090402,1.2736,0.46023,1.1925,1.2098,-0.5056,-2.1816,-1.7652,NaN,NaN,NaN,NaN
1735,-0.016562,0.84063,-1.377,2.2123,-0.65561,-0.7848,-0.82724,-0.70934,0.98916,0.30624,0.25512,0.24445,0.22009,-1.0823,-0.043015,0.47956,0.19569,-0.28405,-0.28185,-0.7693,0.26153,0.25298,0.98034,0.93388,0.1592,1.012,0.45027,0.23834,-1.0251,0.045276,1.3738,0.30705,1.2977,1.3045,-1.0691,-1.7795,-1.2973,NaN,NaN,NaN,NaN
1736,-0.79,-0.051887,-0.673,0.97861,0.90515,0.96413,1.0563,0.99609,-0.85133,0.82768,0.80343,0.7452,0.64433,-0.84405,0.24699,0.58149,1.1622,0.26754,0.19309,0.85475,0.15261,0.1286,2.1034,1.9404,0.17342,2.0221,0.5759,0.47497,0.21148,1.1021,0.37177,0.61342,0.14057,0.35762,1.2295,-0.40511,-1.3024,NaN,NaN,NaN,NaN
1737,0.67873,0.71844,0.244,0.61855,-0.085453,0.85932,0.47413,0.083328,-0.82968,0.36564,0.24168,0.28755,0.31201,-0.76737,0.92299,0.47956,1.3616,1.5816,0.88323,0.67567,-0.20045,-0.27467,-0.46413,-0.48824,-0.29192,-0.54327,0.47652,0.68865,-0.18475,0.13029,0.87276,0.7666,0.66652,0.83105,-0.085621,-1.2843,-1.3083,NaN,NaN,NaN,NaN
1738,0.11896,1.3056,1.347,1.1796,0.34137,-0.67345,0.40563,-0.27697,1.3139,0.4333,0.51449,0.58166,0.66907,0.52386,1.118,0.12279,0.33588,1.8412,1.1059,0.58922,-0.65875,-0.79772,0.24683,0.19336,-0.76263,0.39356,0.89631,-0.43667,-0.35189,0.148,0.77256,0.46023,0.66652,0.73636,-0.31554,-1.6783,-1.3606,NaN,NaN,NaN,NaN
1739,-1.5058,1.1658,-0.899,-0.3799,-0.14279,-0.69965,-0.51902,-0.22893,-0.52654,0.05212,0.053535,0.060625,0.096361,-1.1412,-0.66002,-0.33592,0.58214,-0.70586,-1.3653,-0.7549,0.31415,0.31299,0.11216,0.042474,0.20591,0.22589,-1.4218,-0.23336,-1.1911,-0.73404,-1.4318,0.00068007,-1.5425,-1.3467,0.28922,-1.0875,-1.4132,NaN,NaN,NaN,NaN
1740,0.57673,1.4787,0.624,0.043114,1.332,-1.525,1.4673,-0.58924,-0.28836,-0.022135,-0.0082839,0.06316,0.26252,-0.75641,-1.52E-05,0.63246,0.65959,-0.23538,-0.52674,-0.5223,-0.046535,-0.098703,-0.37084,-0.41838,-0.049622,-0.28964,-0.67293,0.22005,-0.57747,-0.46836,0.47197,1.073,0.035375,0.45231,0.67867,-0.58028,-1.7864,NaN,NaN,NaN,NaN
1741,0.98082,1.2243,0.35,-0.73333,0.78412,-0.37213,0.16591,0.65981,0.10139,0.010867,-0.0042522,0.036538,0.16176,-0.4182,0.22398,0.27569,0.26924,-0.25972,-0.56385,0.34839,0.87028,0.94791,-0.47248,-0.52128,0.74258,-0.31637,-0.97073,0.20659,0.095769,-0.14129,-0.53002,1.073,-1.0165,-0.49455,1.1805,-0.093324,-2.1178,NaN,NaN,NaN,NaN
1742,-1.2383,0.14797,-1.597,-2.9865,-0.36575,-0.6669,-0.62176,-0.4211,-1.5226,-1.1409,-1.0458,-1.0398,-1.0225,-1.8628,-1.6,1.1931,-0.43469,-2.5067,-2.5749,-0.49966,0.15654,0.13294,-0.8501,-0.91416,0.17616,-0.94092,-2.379,-0.50692,-1.1373,-0.97728,-2.1332,0.61342,-2.5944,-2.0095,-1.3643,-1.4337,-0.91162,NaN,NaN,NaN,NaN
1743,-0.42929,0.30995,0.059997,-1.2105,0.86375,-1.0599,0.95358,-0.4211,-0.95959,-0.53862,-0.43564,-0.47563,-0.63013,-0.78517,-0.51302,0.47956,0.13287,-1.1114,-1.3208,0.21666,-1.166,-1.3767,-0.68942,-0.79337,-1.2138,-0.92815,-0.60368,-0.92736,0.61706,-0.25346,-0.12922,0.30705,-0.2802,-0.11581,-0.3268,-0.72303,-1.5036,NaN,NaN,NaN,NaN
1744,0.52737,0.16502,-0.881,-0.31915,-1.1557,-0.41144,-0.86148,-1.0937,0.31792,1.2419,1.345,1.3233,1.2701,-1.1028,0.26199,-0.84559,-0.36029,-0.36517,-0.972,0.49659,0.93028,1.0164,-0.17479,-0.33568,1.0691,-0.44005,0.50954,-1.5672,0.023303,-0.19088,-0.12922,-0.76524,0.035375,-0.11581,0.20248,-1.3513,-0.65621,NaN,NaN,NaN,NaN
1745,1.0789,0.74313,0.073997,1.3287,0.55159,0.19774,0.40563,0.53971,0.38288,1.4877,1.4754,1.5109,1.6095,-0.40314,1.135,1.2441,0.18312,1.4681,0.63092,1.0153,-0.59113,-0.72059,-0.11436,-0.18038,-0.66385,-0.085085,1.2237,-0.97362,1.0039,0.54238,1.7746,0.46023,1.7184,1.6832,-0.75618,-1.6389,-0.1408,NaN,NaN,NaN,NaN
1746,2.0138,0.60978,2.484,0.81293,1.5645,-0.46384,0.50837,1.3324,1.5954,1.9564,1.9538,1.9774,1.9029,0.5088,1.578,-0.28495,0.44044,0.84347,0.57156,1.8798,-0.29437,-0.38168,0.16746,-0.009798,-0.34027,-0.066403,2.3234,-0.45428,2.2546,2.114,1.2736,0.15386,1.2977,1.2098,-0.090345,-0.90432,-0.11514,NaN,NaN,NaN,NaN
1747,1.8067,1.6134,2.368,2.7049,-1.0092,0.11259,-0.45053,-0.87748,0.31792,1.7072,1.7589,1.8101,1.742,-0.24019,1.806,0.020853,-0.55263,1.7195,1.1949,2.1618,0.32915,0.33011,-0.59223,-0.64712,0.22615,-0.74783,2.3993,1.009,2.8109,1.9062,2.4759,-0.30569,2.7703,2.346,0.062759,-1.3038,-0.34205,NaN,NaN,NaN,NaN
1748,-1.4664,1.0497,-3.669,0.30487,-1.0187,0.14534,-0.45053,-0.87748,-1.1978,-1.9181,-1.9999,-1.9208,-1.8074,-1.6163,-0.99602,0.63246,0.038262,0.21076,-0.11859,-2.6774,1.1407,1.2567,0.15382,0.17694,1.3003,0.4891,-0.40936,0.16465,-2.2477,-1.9219,0.071173,0.15386,-0.069816,0.073563,0.38097,-0.41764,-0.75485,NaN,NaN,NaN,NaN
1749,1.396,1.4982,0.94,0.10496,0.52611,0.427,0.50837,0.56373,0.36123,0.12968,0.28334,0.27487,0.080452,-1.148,1.096,1.4479,0.19628,1.7358,0.87581,0.11168,0.9942,1.0894,0.45262,0.3878,0.85887,0.69106,0.78984,0.99034,1.316,1.1788,-0.22942,0.7666,-0.49058,-0.21049,0.99062,0.11483,-1.0581,NaN,NaN,NaN,NaN
1750,0.54773,1.2701,0.162,-1.1166,1.3383,0.3484,0.88508,1.2843,1.2923,0.67917,0.57362,0.53222,0.57539,-0.51131,0.71899,1.295,0.38074,0.73802,0.20051,0.38544,-1.6506,-1.9301,-0.13135,-0.19595,-1.8921,-0.086859,-0.28239,0.52503,-0.53539,-0.40932,-0.029025,0.91979,-0.38539,-0.021123,-0.79487,-0.98699,-1.6538,NaN,NaN,NaN,NaN
1751,-0.010393,0.85485,0.842,0.67377,-0.27657,-0.33283,-0.34779,-0.30099,0.70767,0.36069,0.27528,0.20008,0.10697,0.1391,0.28699,-1.3553,0.10308,-0.41384,-0.84584,0.92473,1.2007,1.3251,-1.1717,-1.1898,1.0624,-1.0931,0.95226,0.77598,0.62524,0.7254,0.17137,-0.45887,0.24576,0.16825,-0.037957,0.10521,-2.3407,NaN,NaN,NaN,NaN
1752,-1.736,-0.44838,-1.977,-1.2425,0.29996,-1.001,0.33714,-0.39708,-1.7607,-2.0452,-2.1706,-2.1972,-2.2475,-1.6779,-1.884,1.4989,-0.22526,-1.7685,-1.9887,-1.7635,-0.36591,-0.46315,-1.1976,-1.249,-0.42374,-1.3364,-1.4895,-0.76202,-1.6423,-1.7271,-1.2314,0.61342,-1.5425,-1.3467,-0.062475,-0.10023,-1.8855,NaN,NaN,NaN,NaN
1753,-0.41901,-0.34327,0.185,-0.50139,-0.43901,-0.21493,-0.38203,-0.4211,-0.050177,-1.1624,-0.90735,-0.82806,-0.85816,-1.7053,-1.153,-0.081081,-0.54179,-1.2088,-1.6399,-1.3189,0.040001,-0.00012073,-0.87127,-0.92069,-0.054983,-1.0186,-0.85861,-0.87438,-1.0286,-0.30542,-0.83062,-0.61206,-0.59577,-0.87329,0.80046,0.67535,-1.8036,NaN,NaN,NaN,NaN
1754,-0.099026,0.43148,0.696,-0.51686,-0.27338,-0.64725,-0.55327,-0.34903,-0.18009,-1.2432,-1.2191,-1.2933,-1.3407,-2.4488,-0.73902,0.32666,-0.028733,-0.75453,-1.3356,-0.20943,0.35176,0.3559,-1.1723,-1.2235,0.39658,-1.3211,-0.61532,-2.6107,-0.37293,-0.59353,-0.73042,-0.1525,-0.80615,-0.68392,-0.25831,-0.54252,-1.6593,NaN,NaN,NaN,NaN
1755,-1.5797,0.78678,-0.017003,-1.2005,1.0166,-0.38523,0.26865,0.85197,-1.1761,-0.2284,-0.18433,-0.26772,-0.35792,-2.0148,-1.052,0.63246,0.52068,-1.4035,-1.7883,-0.034466,0.10392,0.072922,-1.331,-1.403,0.009339,-1.39,-0.99366,-2.4208,-0.54007,-0.71278,-0.83062,0.15386,-1.0165,-0.87329,0.84585,-0.17163,-1.5488,NaN,NaN,NaN,NaN
1756,-0.068796,0.44639,-0.52,0.14693,0.19803,-1.3612,-0.75875,NaN,1.1407,0.57026,0.43251,0.36742,0.29787,-0.5921,-0.21102,0.37762,-0.17425,-0.065035,-0.72711,0.35045,-1.0533,-1.2482,-0.94646,-0.96509,-1.2062,-0.92886,0.43686,-1.9633,-0.18825,0.42667,0.27157,0.15386,0.24576,0.073563,-1.3621,-1.598,-1.5509,NaN,NaN,NaN,NaN
1757,-0.22632,-1.6325,-1.306,-0.59859,-0.0090071,-0.7717,-0.48477,-0.13285,-0.31001,-1.7366,-1.8521,-1.8727,-1.9081,-2.3256,-1.7,-0.79462,0.3432,-1.371,-1.8106,-0.76107,0.20523,0.18862,-1.0016,-1.1038,0.10013,-1.2793,-0.84698,-1.5263,-1.5441,-1.2111,-0.53002,-0.1525,-0.49058,-0.58924,0.65492,-0.20367,-1.3436,NaN,NaN,NaN,NaN
1758,-0.16895,-1.1177,0.894,-0.3291,0.029216,-0.75205,-0.48477,-0.084813,-1.0462,0.078522,0.33978,0.39277,0.33146,-2.5351,-0.62502,0.47956,0.13908,-0.98166,-1.4469,0.30722,0.5696,0.60466,0.36825,0.17841,0.64949,0.035155,0.41016,-0.67537,0.45109,0.13147,0.17137,0.00068007,0.24576,0.073563,-0.53391,-1.1041,-1.1402,NaN,NaN,NaN,NaN
1759,0.67605,-0.40851,0.316,2.0665,0.87012,-0.30008,0.2344,0.73187,0.188,0.36564,0.26453,0.24064,0.12464,-1.337,0.42099,0.83633,1.4622,0.61635,0.16341,1.0338,-0.27568,-0.36023,-0.76628,-0.78832,-0.36423,-0.96623,1.1343,0.1624,0.81927,0.45855,2.3757,0.91979,2.2444,2.1566,-0.66979,-1.3636,-1.3389,NaN,NaN,NaN,NaN
1760,0.26332,0.55647,-0.22,-0.3799,1.2173,0.66281,1.0221,1.2123,-0.31001,-0.51387,-0.56734,-0.55676,-0.46398,-0.98371,0.052985,-0.030114,1.4813,0.48656,0.25246,0.12815,0.97551,1.0679,0.83609,0.76237,1.1175,0.91938,0.31998,-0.48379,-0.18825,-0.098779,-0.22942,0.7666,-0.59577,-0.39987,0.1419,0.0076135,-0.91537,NaN,NaN,NaN,NaN
1761,-0.87698,-0.89181,0.816,0.4109,1.2141,-0.20838,0.47413,1.0682,-0.48323,-0.17065,-0.06204,-0.034455,-0.041514,-1.4753,-0.83002,1.2441,1.6123,-1.2818,-0.76421,-0.25677,1.6329,1.8186,0.77538,0.65968,1.4731,0.65606,0.37471,0.699,-0.33903,-0.60297,1.0732,1.6857,0.56133,0.92573,0.55225,-0.045049,-1.1417,NaN,NaN,NaN,NaN
1762,0.69209,0.58927,1.04,0.43741,-0.037674,0.027434,-0.0053233,-0.012753,-0.85133,0.74352,0.79537,0.76802,0.62842,-1.4493,0.53899,1.9066,1.3352,-0.54362,-0.63063,1.3776,1.941,2.17,0.85363,0.75374,2.2118,0.6952,0.40041,0.070755,1.0612,0.40777,0.57217,1.2262,0.14057,0.54699,0.53504,-0.4958,-0.52352,NaN,NaN,NaN,NaN
1763,0.47041,-0.31631,-1.792,-0.53232,0.01966,0.62351,0.37139,0.13137,-1.8257,-1.0947,-1.1385,-1.1234,-1.0491,-2.6296,-0.77202,2.2124,1.4855,-1.0628,-1.3505,-0.90104,1.584,1.7626,0.2588,0.21713,1.429,0.28028,-1.5112,0.87746,-1.0099,-1.4236,0.17137,1.5325,-0.38539,0.16825,-0.32508,-0.96459,-0.74593,NaN,NaN,NaN,NaN
1764,-0.30159,-0.33613,0.373,1.3563,-0.83398,-0.18218,-0.55327,-0.75738,0.77263,-0.42642,-0.33888,-0.33237,-0.48342,-1.3644,-0.063015,1.8557,0.19289,0.15398,-0.23732,-0.55523,-0.35068,-0.44604,0.18696,0.10434,-0.41313,0.23275,0.49647,0.42061,0.38213,-0.21922,1.6744,0.91979,1.4029,1.4938,0.38264,-0.71792,-0.93449,NaN,NaN,NaN,NaN
1765,-0.7721,-0.28383,-1.274,-0.27829,0.15344,-0.16252,NaN,0.13137,-0.39662,-0.056788,-0.092949,-0.19926,-0.40034,-1.3685,-0.26802,-0.13205,0.56817,-0.35706,-0.78647,0.10756,-1.1323,-1.3381,0.54035,0.42399,-1.1803,0.55496,0.25528,0.61236,-0.17657,-0.53449,-0.12922,0.46023,-0.38539,-0.11581,-0.57016,-1.7054,-0.9144,NaN,NaN,NaN,NaN
1766,-0.038772,0.57209,1.483,1.0305,1.6123,-0.80445,0.30289,1.3084,-0.28836,0.71217,0.72683,0.67167,0.58069,-0.01974,0.67499,-0.94752,1.2535,0.00797,0.23019,1.112,-0.084024,-0.14161,0.44399,0.32614,-0.092722,0.39652,0.84368,1.5092,1.3967,0.90724,0.97296,0.61342,0.8769,0.92573,0.8974,-0.92616,-2.037,NaN,NaN,NaN,NaN
1767,-0.52204,1.2697,0.024997,-0.22969,-0.42946,-0.83066,-0.75875,-0.51718,-0.69976,0.20888,0.092508,0.078373,0.10166,-0.59347,0.39499,0.12279,0.9414,-0.065035,0.23019,0.56864,0.17153,0.15005,-0.05198,-0.071582,0.06666,0.070049,0.16155,0.41974,0.096938,0.12085,-0.029025,0.00068007,-0.069816,-0.021123,-1.4987,-1.2933,-0.52456,NaN,NaN,NaN,NaN
1768,-0.70733,0.65036,-0.067003,-0.29486,1.0262,-0.73895,0.06317,0.80393,-1.1112,-0.1822,-0.18837,-0.19292,-0.2554,-1.6437,-0.070015,0.37762,1.3138,-0.42195,-0.088906,0.35457,0.23153,0.21875,1.1502,0.93409,0.26214,0.90307,-0.46708,-0.99312,0.65096,0.10904,0.27157,0.91979,-0.069816,0.16825,-0.94844,-2.0751,-1.6169,NaN,NaN,NaN,NaN
1769,0.81013,-0.38161,0.134,1.1134,1.3989,-0.15597,0.61111,1.2363,1.2273,0.4663,0.55346,0.5918,0.58776,-0.61264,0.32699,0.42859,1.6588,0.63257,0.27472,-0.11474,-0.8992,-1.0723,0.6264,0.47387,-0.95811,0.42099,1.0129,-0.10892,0.86251,1.0147,0.97296,0.46023,0.8769,0.73636,0.5216,-0.69367,-0.826,NaN,NaN,NaN,NaN
1770,1.6617,0.46357,-0.483,1.1321,1.1855,0.38115,0.81659,1.1402,1.4872,1.0009,0.91363,0.86437,0.6514,1.114,0.84599,-0.74365,1.3453,0.77858,0.74224,0.56452,-0.25307,-0.33469,0.5047,0.37307,-0.29455,0.48733,1.2292,0.29513,1.1512,1.4339,1.5742,0.30705,1.508,1.2098,0.51431,0.20273,-1.2628,NaN,NaN,NaN,NaN
1771,0.77764,0.7705,2.232,1.5971,-0.04723,-1.7542,-1.1355,-0.32501,-0.24505,0.66762,0.61663,0.60829,0.52943,0.24179,0.68499,-0.081081,0.54359,0.14587,0.28956,1.1306,0.94159,1.0294,-1.1642,-1.193,0.81216,-1.068,1.1373,1.1184,1.4259,0.98045,0.87276,0.15386,0.77171,0.64168,0.89849,1.3256,-1.2829,NaN,NaN,NaN,NaN
1772,-1.0592,0.092569,-0.842,-0.15901,-1.7832,-0.811,-1.4437,-1.7182,-2.8001,-0.8604,-0.63185,-0.60113,-0.75033,-0.96728,-0.67302,1.1421,-0.3627,-0.85998,-0.81616,-0.14973,0.40068,0.41158,0.42812,0.30131,0.44756,0.46817,-0.21824,0.20935,-0.1041,-0.51205,-0.22942,0.46023,-0.49058,-0.21049,-0.70046,-0.57725,-1.1894,NaN,NaN,NaN,NaN
1773,-1.2297,-0.33245,-1.918,0.0033526,-1.3787,-1.5446,-1.6834,-1.502,-0.5915,-1.1838,-1.0485,-1.0017,-0.97482,-1.0933,-1.413,0.58149,0.12625,-1.7847,-1.2466,-1.3107,0.07,0.034358,0.93885,0.81035,-0.024134,0.97342,-0.77485,-0.62601,-1.9917,-1.0517,-0.83062,0.00068007,-0.91134,-0.87329,0.049259,0.46188,-0.87975,NaN,NaN,NaN,NaN
1774,0.6086,-0.041031,-0.136,0.55449,-1.1238,0.4139,-0.34779,-0.92552,0.75098,-0.49077,-0.30797,-0.2842,-0.24833,-0.21829,-0.20802,0.22472,0.90461,-0.51929,0.052091,0.066394,-0.37699,-0.47618,-0.21238,-0.23551,-0.43161,-0.11287,0.07646,0.43234,-0.60318,-0.33493,-0.63022,0.30705,-0.80615,-0.68392,1.2786,0.47026,-0.81832,NaN,NaN,NaN,NaN
1775,0.34435,-0.12306,1.108,-1.893,-0.4422,0.19119,-0.10806,-0.34903,0.23131,-0.71354,-0.75818,-0.83947,-0.83695,-0.46202,-0.068015,-0.23398,-0.1177,0.00797,0.3044,0.16108,-0.3696,-0.46749,0.05245,-0.093467,-0.44977,-0.12954,-0.66007,-0.35055,-0.64059,-0.98082,-1.3316,0.46023,-1.6477,-1.252,-0.94297,-0.7713,-0.3176,NaN,NaN,NaN,NaN
1776,-0.43443,-0.089454,0.503,-0.63062,0.41781,0.64971,0.61111,0.49167,0.1447,-0.29111,-0.19777,-0.25631,-0.33494,-1.1097,-0.45002,-0.23398,0.46344,-0.51118,-0.47479,-0.43791,0.040001,-0.00012073,0.26827,0.74091,0.044344,0.51511,-0.07909,0.39161,-0.23851,0.084241,0.27157,0.46023,0.14057,0.26293,0.31913,-0.2838,-0.35684,NaN,NaN,NaN,NaN
1777,-0.048848,-0.48598,-0.589,0.2132,1.0166,0.3746,0.7481,0.99609,0.36123,-0.65908,-0.80118,-0.95483,-1.1127,-0.1197,-0.54702,0.17375,1.6763,-0.40573,-0.15569,-0.81253,-1.4214,-1.6684,0.49384,0.6601,-1.4613,0.6194,-0.11554,0.32758,-0.92695,-0.26055,0.47197,0.7666,0.14057,0.35762,-0.70718,-0.49306,-0.35544,NaN,NaN,NaN,NaN
1778,-0.73036,-0.80785,-0.349,-0.95202,-0.20331,0.4794,-0.2108,0.13137,-0.54819,-0.80759,-0.7528,-0.78495,-0.87937,-1.7423,-0.88002,-1.3553,0.99501,-0.6653,-0.77163,-0.7796,0.33676,0.33879,0.87424,0.64242,0.38597,0.84016,-1.1061,-0.60237,-1.0193,-1.4201,-1.031,-0.1525,-1.1217,-1.0627,-0.66199,-1.1733,-0.45038,NaN,NaN,NaN,NaN
1779,-0.14961,-0.1488,0.694,-0.18441,0.37959,0.64971,0.57687,0.46765,0.38288,-0.33236,-0.32276,-0.32223,-0.26777,-1.6656,-0.62202,0.47956,1.0681,-1.0709,-1.1872,-0.50789,1.1257,1.2393,-0.33408,0.053837,0.99013,-0.12895,-0.46974,-0.026761,-0.36825,-0.35973,-0.32962,0.61342,-0.59577,-0.58924,1.0593,0.78555,-0.50456,NaN,NaN,NaN,NaN
1780,0.45108,-0.0098365,-0.392,-0.32026,0.016475,0.3353,0.20016,0.083328,1.0325,1.0851,1.1609,1.1699,1.2577,-0.72903,-0.060015,1.295,0.52309,-0.76264,-0.79389,-0.0035904,-0.22676,-0.30455,-1.0152,-0.8866,-0.25954,-1.0776,-0.20007,0.76407,-1.1455,0.19523,-0.029025,0.7666,-0.38539,-0.30518,-0.29356,-0.42834,-0.51335,NaN,NaN,NaN,NaN
1781,-0.62527,-0.74109,0.108,-0.5776,-1.9488,-0.31973,-1.2039,-1.7902,1.1624,-0.45282,-0.58347,-0.5986,-0.53468,0.39652,-0.80902,-0.13205,-0.37542,-0.9411,-0.74195,-0.75695,-0.35829,-0.45472,0.47351,0.12076,-0.44179,0.34378,-0.095265,-0.36798,-0.47695,-0.16726,-0.32962,-0.30569,-0.2802,-0.39987,0.63728,0.30075,-0.60515,NaN,NaN,NaN,NaN
1782,-0.15373,-0.80568,-1.976,-0.40751,-0.13005,0.3353,-0.10806,0.083328,0.1447,-2.0485,-2.0201,-2.0514,-2.175,-1.5273,-1.074,-0.28495,0.71447,-0.1786,-0.3709,-1.7903,-0.072749,-0.12884,0.36741,0.22597,-0.084737,0.33527,-0.44381,0.26406,-1.4354,-0.6195,0.071173,0.15386,-0.069816,-0.11581,-0.94162,-1.1313,-0.79673,NaN,NaN,NaN,NaN
1783,1.222,0.54363,0.991,2.0223,0.44011,0.092937,0.26865,0.41961,0.16635,0.67422,0.7107,0.65519,0.45872,0.2459,0.82399,0.020853,0.61976,0.60823,0.64577,0.24547,-1.1736,-1.3854,-1.0094,-0.94678,-1.219,-1.055,1.0841,0.53693,1.1874,1.18,1.474,0.7666,1.2977,1.3045,1.8059,-0.60919,-1.0689,NaN,NaN,NaN,NaN
1784,1.2591,1.1327,2.631,-0.60742,0.10248,-0.090472,-0.0053233,0.083328,0.16635,0.89533,0.83837,0.7845,0.74508,0.79498,1.517,-1.1514,0.069275,1.1517,0.82387,2.2771,-0.14784,-0.2144,-0.3377,-0.031094,-0.17083,-0.011184,1.2554,0.71419,1.4458,1.2001,-0.93081,-0.30569,-0.91134,-1.0627,-0.57162,-1.2009,-0.90417,NaN,NaN,NaN,NaN
1785,-1.0092,-0.52745,-1.099,-1.6898,0.32863,0.17154,0.26865,0.34755,-1.1545,-0.75974,-0.82403,-0.7672,-0.59301,-1.07,-0.55702,-0.081081,0.33575,-0.44628,-0.54158,-0.13327,-0.67375,-0.81483,0.0084499,-0.025433,-0.74141,-0.037079,-0.78892,0.63928,-0.45591,-1.0788,-1.031,0.46023,-1.3321,-1.0627,-1.5658,-0.51504,-0.68451,NaN,NaN,NaN,NaN
1786,-1.5371,-0.50037,-1.456,-1.618,-1.1939,-0.083921,-0.69025,-1.0696,-1.1328,-1.0205,-0.95035,-0.85848,-0.72559,-1.337,-1.072,-0.64172,0.25037,-1.0871,-1.0759,-1.039,1.0205,1.1193,-0.87043,-0.84135,1.1658,-0.98515,-1.2352,-0.37696,-0.82526,-0.63603,-0.83062,0.15386,-1.0165,-0.96798,0.75131,-0.70382,-0.63099,NaN,NaN,NaN,NaN
1787,0.17222,-0.76056,1.536,-0.32578,0.46559,0.19774,0.33714,0.46765,-0.2667,0.075222,0.2054,0.2698,0.37741,-0.40998,-0.074015,1.1421,0.044706,-0.21916,-0.26701,-0.12503,-0.74528,-0.89656,-0.28284,-0.37671,-0.81098,-0.38897,-0.60789,-0.91131,0.37979,-0.3432,0.97296,1.3793,0.45614,0.64168,-0.17019,-0.39815,-0.67985,NaN,NaN,NaN,NaN
1788,1.1371,-0.24694,0.147,-0.20098,-0.87221,0.35495,-0.24505,-0.70934,0.29627,0.63131,0.57765,0.5487,0.55418,-0.45928,0.11198,-0.74365,0.20729,-0.34894,-0.89037,0.25371,-0.30937,-0.39879,-0.9743,-0.86976,-0.35088,-0.93643,0.028931,-0.27806,-0.37526,0.15745,-0.73042,0.00068007,-0.80615,-0.96798,1.3136,-0.063948,-0.93038,NaN,NaN,NaN,NaN
1789,-0.2621,-0.59207,-1.916,-0.39205,0.18211,0.25669,0.2344,0.22745,-0.89464,-0.76139,-0.75549,-0.70635,-0.56473,-1.4958,-0.92602,-0.28495,-0.011693,-0.68964,-0.84584,-0.63345,-0.59113,-0.72059,-0.22993,-0.32684,-0.66385,-0.33659,-1.1015,-1.3236,-1.246,-1.7944,-0.32962,0.15386,-0.49058,-0.58924,-0.57342,-0.82925,-0.68677,NaN,NaN,NaN,NaN
1790,-1.54,-1.8794,-1.054,-2.2233,-0.20649,0.3222,-0.2108,0.083328,-0.5915,-0.86535,-0.77699,-0.67973,-0.48342,-1.7505,-1.458,-0.59075,0.69419,-1.0547,-0.89037,-1.1542,0.75005,0.8105,0.10102,-0.074949,0.8593,-0.051859,-1.9126,-1.2206,-0.68968,-0.87691,-1.031,0.00068007,-1.1217,-1.0627,-2.0411,-1.353,0.4302,NaN,NaN,NaN,NaN
1791,0.028886,0.43023,0.434,0.50258,1.4403,0.76107,1.1933,1.4285,0.90255,1.5405,1.6407,1.6478,1.6236,1.4221,1.306,0.83633,1.0189,1.9061,1.8925,1.6863,1.3173,1.4582,-0.42375,-0.47204,1.1735,-0.44726,0.93641,1.2101,0.86134,0.664,0.77256,1.2262,0.45614,0.64168,0.22169,-0.40656,0.7807,NaN,NaN,NaN,NaN
1792,1.2749,1.6049,1.707,1.8257,1.4435,0.11259,0.78235,1.3324,1.1624,1.9234,1.8503,1.89,2.062,1.3605,2.184,1.4479,0.86894,2.4496,2.3229,1.9992,0.99789,1.0935,0.42255,0.40106,1.1333,0.55295,1.7462,2.0352,1.2225,1.2201,2.3757,1.8389,1.9288,2.062,0.42573,-0.05457,1.1508,NaN,NaN,NaN,NaN
1793,1.1069,1.3876,1.836,1.0051,-0.30205,0.0012324,-0.17656,-0.25295,0.59941,1.8013,1.6528,1.6554,1.5016,0.43623,1.675,1.0912,0.58821,1.2247,1.0539,1.1614,0.043693,0.004221,-0.65405,-0.40218,-0.052248,-0.4663,1.8695,1.3036,2.3925,1.7716,1.3738,1.073,1.0873,1.1151,2.1918,1.0883,0.93106,NaN,NaN,NaN,NaN
1794,-0.43958,0.33698,-1.149,0.30046,-1.471,-0.39834,-1.0327,-1.3819,-0.89464,0.20888,0.16642,0.20641,0.11757,0.014492,0.26199,0.07182,-0.010889,0.68124,0.51219,-0.76519,-0.3696,-0.46749,-0.60504,-0.35651,-0.42636,-0.39169,0.85565,0.75389,-0.036307,0.025202,0.47197,0.46023,0.35095,0.26293,-0.19742,-0.35703,0.88855,NaN,NaN,NaN,NaN
1795,0.28759,1.4532,-0.697,0.3612,-0.77346,-1.1254,-1.1012,-0.87748,0.62106,-0.87855,-0.97723,-0.93328,-1.141,-0.26073,0.61499,-0.38688,-0.12982,1.2247,0.57898,-0.44614,1.569,1.7455,-0.79329,-0.66774,1.4184,-0.74204,1.2988,2.0418,0.95017,0.49515,0.27157,0.46023,0.14057,0.35762,-0.18074,-0.84495,-0.09472,NaN,NaN,NaN,NaN
1796,0.14754,0.91082,0.23,0.10717,-1.4296,-0.011868,-0.75875,-1.2618,1.4222,0.23033,0.32097,0.26093,0.055705,-0.014263,0.18998,1.7028,0.43645,-0.72208,-0.60837,0.19195,0.5396,0.57043,-0.62843,-0.51623,0.61175,-0.51324,0.50433,1.5982,0.10278,0.28615,-0.029025,0.7666,-0.38539,-0.021123,-1.0447,-1.4494,-0.78952,NaN,NaN,NaN,NaN
1797,-0.85683,-1.2868,0.645,-0.7742,-0.52183,0.44665,-0.55327,0.13137,-0.93794,-0.19705,-0.16283,-0.16123,-0.05212,-0.75504,-0.80802,0.58149,0.027098,-1.0384,-0.98684,-0.0674,-0.82789,-0.9908,-0.80081,-0.92805,-0.88854,-0.99827,-0.37856,1.1193,-0.22449,-0.26291,0.071173,0.61342,-0.17501,0.073563,-0.4418,-1.1427,-0.79228,NaN,NaN,NaN,NaN
1798,-0.96212,-0.67941,-1.868,-0.76647,0.95612,-0.18218,0.37139,0.82795,-1.6525,-1.1541,-1.1197,-1.1374,-1.1569,-0.28401,-0.80802,-0.89655,0.33866,-0.64096,-0.35606,-0.70961,0.87028,0.94791,-0.39646,-0.48824,0.99374,-0.50816,-0.96885,0.19692,-0.7411,-1.7283,0.47197,0.7666,0.14057,0.26293,0.66266,-0.75912,-1.2597,NaN,NaN,NaN,NaN
1799,0.60757,0.38375,1.329,0.64174,0.08655,-0.16908,0.13166,-0.10883,1.3789,0.74517,0.85047,0.91001,1.0367,0.39378,0.87199,0.93826,0.83261,0.8597,1.1207,0.71478,1.1107,1.2222,-0.81251,-0.84746,0.9699,-0.96587,0.29117,0.84519,0.22317,0.068891,1.1734,0.61342,0.98209,1.0204,2.0158,0.011514,-1.8911,NaN,NaN,NaN,NaN
1800,0.85394,1.0664,-0.011003,1.4469,0.64715,0.4794,0.61111,0.68383,0.53445,1.0818,1.0252,0.9772,0.81402,0.95245,1.007,1.1931,0.81905,0.7218,0.49735,1.4908,1.3473,1.4924,0.13599,0.19083,1.5452,0.26066,-1.1727,-0.00052684,0.10044,0.98281,1.9749,1.073,1.6132,1.7779,-1.3506,-1.6953,0.72745,NaN,NaN,NaN,NaN
1801,-1.459,-1.1759,-1.139,-1.3342,0.13114,0.28945,0.2344,0.17941,-2.1722,-1.1871,-1.2554,-1.2147,-1.065,-1.2425,-1.128,1.4479,0.17845,-0.81942,-1.0982,-0.91339,0.13761,0.11149,-0.64653,-0.65343,0.033186,-0.72217,-1.4867,-1.0988,-0.84279,-1.0115,-1.1312,1.6857,-1.8581,-0.96798,-1.0788,-1.1659,1.0164,NaN,NaN,NaN,NaN
1802,-0.70383,-0.75939,0.489,-1.9924,0.089735,0.4663,0.33714,0.17941,-0.46158,-1.1475,-1.1022,-1.1425,-1.293,-0.82898,-0.84502,0.12279,0.043909,-0.89243,-1.3134,-0.50172,-0.88789,-1.0595,-0.34271,-0.48782,-1.0235,-0.54197,-0.31186,0.31153,0.47096,-0.37036,-0.63022,0.46023,-0.91134,-0.49455,-0.46504,-1.5254,1.0077,NaN,NaN,NaN,NaN
1803,0.73158,-0.5419,0.483,0.20326,1.3129,-0.038069,0.64536,1.1883,0.5561,-0.63268,-0.59691,-0.67973,-0.77862,0.13362,-0.23102,-0.99849,1.1244,-0.57607,-0.14085,0.24959,-0.7979,-0.95658,-0.19957,-0.34431,-0.85769,-0.29485,-1.3239,1.8228,-0.58448,-0.39634,1.0732,0.61342,0.98209,1.1151,-0.34529,-0.78868,0.43079,NaN,NaN,NaN,NaN
1804,1.7559,0.77017,1.152,2.3901,-0.61739,-0.49004,-0.62176,-0.63728,0.25296,1.2254,1.3047,1.2548,1.1569,0.5047,1.131,-0.89655,0.86874,0.25132,0.34893,1.5875,0.010002,-0.034344,-0.25833,-0.16607,0.0066043,-0.16856,-1.8369,0.73231,0.77602,0.61441,2.2755,0.30705,2.3496,2.1566,0.44113,-0.3389,1.0254,NaN,NaN,NaN,NaN
1805,-1.3845,-0.28074,-1.165,-0.6505,-2.0571,-0.54899,-1.4094,-1.9344,-1.5226,-1.3538,-1.5014,-1.5316,-1.4821,-0.29907,-1.102,-0.030114,-0.20685,-1.6793,-1.4618,-0.7199,-1.444,-1.6942,0.31032,0.42504,-1.4869,0.54231,-2.0113,-0.24975,-1.0275,-1.8888,-1.4318,0.00068007,-1.5425,-1.252,0.77053,-0.12344,0.21013,NaN,NaN,NaN,NaN
1806,-1.5943,-0.80599,-0.615,-2.3591,-0.74798,0.13879,-0.31354,-0.63728,-0.07183,-1.801,-1.5766,-1.5608,-1.5705,-1.5013,-0.93602,-1.6101,-0.29613,0.072863,-0.3709,-1.076,-1.4403,-1.6898,-1.2274,-1.402,-1.6609,-1.4478,-1.0283,-1.9635,-1.4073,-0.92532,-1.7324,-0.61206,-1.7529,-1.4414,-0.62144,-0.65317,-0.0072206,NaN,NaN,NaN,NaN
1807,0.38548,-0.39638,0.9,-0.71345,-1.2098,-1.6298,-1.6492,-1.3579,0.68602,-0.056788,0.06563,0.11514,0.12464,-1.3014,0.36499,-1.6101,-0.59272,1.1598,0.66803,0.53982,0.4383,0.45448,-1.1018,-1.0913,0.3222,-1.2095,-0.79557,-0.79516,0.52356,0.22003,-0.22942,-0.45887,-0.17501,-0.021123,0.15724,-0.54568,0.20864,NaN,NaN,NaN,NaN
1808,-0.92325,-0.72225,-0.908,-0.9962,-0.83717,0.060185,-0.41628,-0.73336,-1.6092,-0.75974,-0.77296,-0.85975,-0.90058,-0.65098,-0.87202,0.42859,-0.071469,-1.1358,-1.0982,-0.46878,-0.86551,-1.0337,0.063867,-0.0040321,-0.99104,0.052596,-1.8289,-0.42925,-0.60669,-0.79071,-0.53002,0.46023,-0.80615,-0.39987,-0.36359,-1.0998,1.0499,NaN,NaN,NaN,NaN
1809,-0.70733,-0.34873,-0.506,-0.85924,1.5709,0.80037,1.296,1.5726,-0.13679,-0.20365,-0.21928,-0.26011,-0.35438,0.11034,-0.21502,-0.99849,1.7652,-0.19482,-0.081485,0.21048,-0.12522,-0.18876,-0.1514,0.0058373,-0.21972,-0.097973,-0.98015,-0.30533,-0.080722,-0.22394,-1.2314,0.46023,-1.4373,-0.87329,1.7714,0.041822,1.2639,NaN,NaN,NaN,NaN
1810,0.45725,-0.45136,0.591,-2.0742,0.43374,0.3877,0.43988,0.46765,0.57775,0.060371,0.058911,0.041609,-0.060958,-0.92894,-0.0010152,-0.18302,1.8975,-0.0082534,-0.28927,-0.061225,-1.5153,-1.7756,0.0045512,0.1982,-1.747,0.09417,-1.2822,-0.29808,0.15772,-0.13774,-0.73042,0.46023,-1.0165,-0.58924,-1.0264,-0.50105,1.489,NaN,NaN,NaN,NaN
1811,0.060555,-0.71514,1.109,0.15577,NaN,0.89207,0.50837,0.10735,0.058087,0.16598,0.19464,0.24825,0.33499,-0.78517,-0.50002,-1.712,1.9257,-0.26783,-0.48222,-0.66844,-2.1165,-2.4619,0.31868,0.57466,-2.1345,0.44145,-1.9971,-0.45135,-0.02345,-0.70688,0.77256,-0.30569,0.8769,0.92573,1.3024,-0.1782,1.1431,NaN,NaN,NaN,NaN
1812,-0.66661,-0.17373,-0.611,0.31261,-0.54413,0.65626,-0.55327,0.20343,-0.6348,-0.76469,-0.86031,-0.89271,-0.99957,-0.65509,-0.53502,-2.3746,1.3022,0.11342,0.096617,-0.036524,-0.95943,-1.141,0.54508,0.5229,-1.1069,0.62756,-1.0833,-0.24009,0.14369,0.077157,-0.029025,-0.30569,0.14057,0.16825,-1.6036,-1.6997,0.93709,NaN,NaN,NaN,NaN
1813,-0.73056,-0.96178,-1.4,0.22425,-0.71613,-0.71275,-0.82724,-0.75738,0.57775,-0.76304,-0.65604,-0.57578,-0.47635,-1.4931,-0.72302,-1.1004,1.1636,-0.0407,-0.13343,-1.0287,-0.48983,-0.6049,-0.2678,-0.13408,-0.56343,-0.25228,-0.79491,-0.86834,-0.43137,-0.012583,0.27157,-0.1525,0.35095,0.45231,0.4061,-0.62801,0.86041,NaN,NaN,NaN,NaN
1814,0.35833,0.19894,0.0089973,1.1984,-0.74161,-0.92891,-0.96422,-0.80542,0.90255,1.2468,1.3611,1.3448,1.2701,-1.1453,0.52899,-0.59075,1.3327,0.52712,0.43056,0.77447,-1.0081,-1.1966,0.90905,0.95681,-1.1579,1.027,0.21528,-0.38248,0.32135,0.97101,1.2736,0.7666,1.0873,1.3045,0.60683,-0.82569,0.80449,NaN,NaN,NaN,NaN
1815,0.96704,0.70131,0.6,-0.88686,1.3256,0.30255,0.85084,1.2603,0.49114,1.7748,1.7374,1.7302,1.6978,-0.60853,1.174,-1.1514,2.451,0.94893,1.091,1.1676,-0.72636,-0.87511,-0.23912,-0.01609,-0.79774,-0.17388,0.70785,-0.45532,1.7578,2.4198,-0.53002,0.91979,-0.91134,-0.21049,-1.6753,-2.1094,0.85142,NaN,NaN,NaN,NaN
1816,2.0642,1.2119,2.362,0.67046,1.3192,-0.34593,0.43988,1.1402,-0.028524,2.0735,2.0653,2.1232,2.0443,-0.37849,1.71,-0.84559,2.5749,1.4762,1.3285,1.9807,-0.30568,-0.39471,1.0252,1.0856,-0.34815,1.1518,1.6484,1.0238,2.7525,2.9417,1.0732,0.46023,0.98209,1.3045,1.0407,-0.49292,0.58752,NaN,NaN,NaN,NaN
1817,-0.29459,-0.24038,0.644,0.58652,0.038771,1.141,0.71385,0.25147,0.5561,0.30954,0.29812,0.38136,0.4764,-1.6013,0.29599,-0.38688,2.3293,1.03,0.60866,0.22695,0.11131,0.08135,0.39665,0.65463,0.014699,0.55082,0.56239,0.20624,0.76667,0.54711,1.2736,0.91979,1.0873,1.3992,0.0615,0.14618,0.45223,NaN,NaN,NaN,NaN
1818,-0.55474,-1.3581,-1.222,-0.13802,1.711,0.59731,1.2275,1.6446,0.188,-0.52047,-0.45043,-0.33744,-0.22004,-1.1508,-1.126,0.07182,2.4143,-0.50307,-0.43769,-1.4362,-0.21176,-0.28744,0.63948,0.759,-0.24893,0.72748,-0.77075,-1.6932,-1.703,-0.9761,0.071173,1.3793,-0.38539,0.35762,0.17605,-0.93265,0.050152,NaN,NaN,NaN,NaN
1819,-0.2839,-1.5038,-0.863,-0.3556,-1.213,-0.43109,-0.89573,-1.1417,-0.07183,-1.8406,-1.754,-1.6901,-1.5634,-2.9336,-1.44,-0.28495,1.2934,-0.78698,-0.97942,-1.5638,0.021078,-0.021574,0.37047,0.31162,-0.077845,0.33089,-1.3075,-2.92,-1.8363,-1.6834,-0.73042,0.46023,-1.0165,-0.49455,-0.54957,-1.6333,-0.098124,NaN,NaN,NaN,NaN
1820,-1.0475,-2.5733,-1.245,-1.0061,0.58982,0.21084,0.40563,0.58775,-1.3277,-1.4,-1.2097,-1.2223,-1.1551,-1.9271,-1.972,-0.030114,1.4957,-1.8009,-1.677,-1.6462,0.20523,0.18862,-0.43851,-0.31926,0.22703,-0.46275,-0.4303,-1.028,-1.7206,-1.5252,-1.031,0.7666,-1.3321,-0.77861,-0.69033,-0.61877,0.63359,NaN,NaN,NaN,NaN
1821,0.54506,0.74295,1.978,0.45508,0.63122,0.38115,0.54262,0.63579,-0.050177,0.24518,0.28065,0.20641,0.22186,0.098019,0.39299,0.17375,1.6592,0.05664,0.059512,0.34427,-0.73397,-0.88353,1.6111,1.2958,-0.8031,1.6161,0.40185,0.16447,0.39732,0.2094,1.3738,0.46023,1.2977,1.3992,1.1785,0.76542,0.94489,NaN,NaN,NaN,NaN
1822,0.50105,-1.7368,-1.175,0.76986,0.75863,NaN,0.37139,0.68383,0.33957,-0.1921,-0.20718,-0.24617,-0.23772,-0.50173,-0.56702,-0.84559,1.7262,-0.56796,-0.57127,-0.18267,-0.64005,-0.77627,0.80657,0.62959,-0.73288,0.76437,-0.38997,-0.89129,-1.585,-0.61714,0.57217,0.7666,0.35095,0.73636,0.35589,-0.25183,0.80402,NaN,NaN,NaN,NaN
1823,-0.57592,-0.26847,-0.861,0.59977,0.75545,0.13224,0.43988,0.70785,-0.0068714,-0.8769,-0.86166,-0.84454,-0.8069,-0.24978,-0.63702,-0.74365,1.2718,-0.032588,-0.051802,-1.1583,1.3099,1.4495,0.22678,0.052785,1.1681,0.12326,-0.27043,-0.18244,-1.0415,-0.27472,0.17137,0.7666,-0.069816,0.16825,-0.095854,-0.20452,0.85372,NaN,NaN,NaN,NaN
1824,0.57858,-0.79616,-0.951,1.0283,2.3799,0.92482,1.7755,2.3172,-0.82968,0.029018,0.21749,0.27487,0.19005,1.0141,0.20698,1.397,1.9007,0.3081,0.43056,0.15079,0.010002,-0.034344,-0.66853,-0.45058,0.0066043,-0.67712,0.2976,0.2682,-0.38461,0.32748,1.1734,1.8389,0.66652,1.0204,-0.093312,-0.98728,1.0521,NaN,NaN,NaN,NaN
1825,2.2943,0.8278,1.336,1.7175,-0.70657,0.12569,-0.31354,-0.58924,0.20966,0.56201,0.67576,0.78323,1.0403,-0.12517,0.61899,-0.030114,0.32789,-0.63285,-0.68258,0.93297,0.61114,0.6519,0.5707,0.42568,0.4923,0.4541,0.29405,0.035028,-0.04332,0.48452,0.87276,0.46023,0.77171,0.73636,-1.3618,-1.677,0.28886,NaN,NaN,NaN,NaN
1826,-0.85354,0.26245,0.277,0.15577,-2.417,0.0012324,-1.2382,-2.1505,1.5521,-0.73664,-0.77834,-0.74692,-0.57004,-0.83035,0.0049848,0.63246,-0.33269,0.56768,0.54187,0.12815,-0.046535,-0.098703,0.20506,-0.032988,-0.049622,0.1041,0.30646,-0.47154,-0.68617,-0.95366,-0.42982,0.46023,-0.70096,-0.49455,0.63355,-0.30546,0.27991,NaN,NaN,NaN,NaN
1827,0.27155,1.3354,0.186,-0.097155,-1.3245,-0.7586,-1.1697,-1.3098,0.77263,0.4795,0.55615,0.57532,0.58423,0.87166,1.011,-0.081081,0.056469,0.9976,0.99455,0.74566,1.216,1.3422,-0.1514,-0.39207,1.0729,-0.29024,1.3316,-0.063524,0.4394,1.2969,1.3738,0.30705,1.2977,1.2098,0.8256,-0.38891,-0.015725,NaN,NaN,NaN,NaN
1828,1.2767,0.88868,1.441,1.0758,-1.3404,0.073286,-0.65601,-1.1897,0.07974,0.75177,0.73489,0.69322,0.60721,-0.41957,1.214,1.295,-0.38621,1.2734,0.77192,0.82387,0.79136,0.85775,-0.48502,-0.67742,0.90503,-0.64756,-0.11709,-1.432,0.90576,0.92495,1.6744,0.15386,1.6132,1.4938,0.37581,-1.3359,-0.21017,NaN,NaN,NaN,NaN
1829,0.34414,1.651,-0.912,-0.62509,-1.5156,-1.2237,-1.5464,-1.55,0.38288,0.17588,0.07235,0.016254,-0.10515,-0.15256,0.86099,0.83633,-0.85282,0.90837,0.34151,-0.3,-0.29068,-0.3776,-1.1414,-1.307,-0.37484,-1.3562,0.00034668,-1.1407,0.47797,1.2131,-0.93081,0.61342,-1.2269,-0.58924,-0.65597,-1.1138,-0.17529,NaN,NaN,NaN,NaN
1830,-0.64131,1.1122,-0.019003,-0.98515,-0.26064,-0.45729,-0.45053,-0.30099,0.66437,-0.8538,-0.8294,-0.8065,-0.83871,0.11034,0.049985,-0.33592,-0.47075,-0.17049,-0.20764,-0.42761,1.1594,1.2781,-0.73815,-1.0293,1.33,-0.96126,-0.29768,-1.2596,0.13551,-0.0043171,-0.12922,0.30705,-0.2802,-0.11581,-1.7514,-1.1955,0.031936,NaN,NaN,NaN,NaN
1831,-0.73982,-0.079665,-1.445,-1.3905,-0.61102,-0.18218,-0.45053,-0.56522,-1.4793,-0.22015,-0.094293,-0.085164,-0.1352,0.42528,-0.47702,1.2441,-0.5568,-1.0628,-1.1353,-0.038583,1.5277,1.6983,-0.5279,-0.63029,1.3699,-0.65407,-0.39274,-0.52228,0.17876,0.33929,-0.22942,1.2262,-0.70096,-0.21049,0.12178,-0.31146,0.61691,NaN,NaN,NaN,NaN
1832,-0.3495,-0.94951,0.311,0.099442,1.418,-0.097022,0.64536,1.2603,-0.33166,0.64781,0.72414,0.76422,0.92538,0.61971,0.67899,1.6518,0.42217,1.4681,1.4324,1.3096,-0.016305,-0.06448,-0.21517,-0.32495,-0.028477,-0.30241,1.0758,0.62168,0.4394,1.0726,1.3738,1.3793,0.98209,1.4938,0.55336,-0.29161,0.8684,NaN,NaN,NaN,NaN
1833,1.0357,2.1775,1.8,0.86595,1.4817,1.1213,1.433,1.5486,1.3789,1.5966,1.6151,1.5958,1.5299,0.55536,2.146,-0.030114,1.0371,2.4171,2.3897,1.3899,-0.4446,-0.55331,0.27523,-0.069898,-0.52197,0.12066,1.8115,1.4287,1.759,1.9888,1.6744,1.2262,1.2977,1.5885,1.3486,0.10738,0.97685,NaN,NaN,NaN,NaN
1834,0.91995,1.0528,-0.613,1.0824,-0.14916,0.26979,-0.14231,0.059307,0.014781,0.73692,0.60991,0.61209,0.54534,0.83743,0.90199,-0.48882,0.95358,0.94893,0.82387,-0.0035904,-1.5829,-1.853,0.67624,0.53742,-1.8112,0.7432,0.90152,1.2032,1.1664,0.79861,1.1734,0.46023,1.0873,1.2098,0.22485,-0.36666,0.63807,NaN,NaN,NaN,NaN
1835,0.45169,-0.5928,-0.334,-0.62068,-0.13005,0.97068,0.50837,0.059307,-0.37497,0.05542,0.050848,0.032735,-0.15995,-0.00056972,0.026985,-1.712,0.56749,0.032305,0.41572,-0.2753,-0.92551,-1.1024,-0.67466,-0.66816,-0.98633,-0.74665,0.60715,0.73611,1.0343,1.043,-0.42982,-0.30569,-0.38539,-0.49455,-1.6979,-1.0135,0.45218,NaN,NaN,NaN,NaN
1836,-0.44698,0.98101,-0.5,-0.58202,1.3224,-0.22803,0.50837,1.1642,2.1584,-0.46107,-0.49881,-0.46802,-0.50994,0.21578,0.0089848,-0.99849,1.5039,0.17832,0.84613,-0.85576,-0.26807,-0.3518,1.0402,0.88905,-0.30516,1.1268,0.68703,1.3545,-0.35656,0.053541,-0.12922,0.7666,-0.38539,-0.021123,0.86814,0.65539,0.26308,NaN,NaN,NaN,NaN
1837,0.33694,0.29133,0.172,0.29493,-0.20012,-0.15597,-0.2108,-0.20491,-0.39662,1.4234,1.5117,1.4881,1.3744,0.039139,1.02,-0.28495,1.495,0.80292,0.8016,1.1779,1.1407,1.2567,0.90014,0.74659,1.0007,0.96999,1.0875,1.5506,1.0004,1.2379,1.1734,0.7666,0.98209,1.2098,-0.08891,1.0793,0.47194,NaN,NaN,NaN,NaN
1838,0.094487,-0.28997,0.182,0.54786,0.765,0.079836,0.43988,0.70785,-1.371,1.0768,1.0937,1.038,0.94659,0.17333,0.86199,1.2441,1.7021,0.96515,0.82387,1.3611,1.0505,1.1538,0.44288,0.33835,1.2036,0.42123,0.9424,2.2118,0.67433,0.4491,1.5742,1.5325,1.1925,1.6832,0.093563,0.39132,0.454,NaN,NaN,NaN,NaN
1839,1.3594,0.78907,1.375,1.0117,0.54522,0.31565,0.47413,0.56373,-0.0068714,1.3722,1.3464,1.3461,1.1976,1.1031,2.169,1.1421,1.679,2.3928,2.3526,1.4208,0.19392,0.17585,1.1845,0.99322,0.092257,1.2603,1.5563,1.0154,1.7368,1.1587,2.3757,1.8389,1.9288,2.1566,0.31457,1.1517,0.22417,NaN,NaN,NaN,NaN
1840,0.39062,0.033288,1.014,1.1829,-1.0155,0.020883,-0.51902,-0.9015,0.9242,0.19073,0.22018,0.25332,0.08929,-0.74957,0.37699,0.22472,0.85498,-0.27594,-0.39316,0.027285,1.935,2.1633,0.65564,0.27669,2.0202,0.50553,0.67052,1.1673,1.0764,0.51168,0.97296,0.46023,0.77171,1.0204,-0.18496,0.56348,0.077301,NaN,NaN,NaN,NaN
1841,-0.27444,0.17976,-1.515,0.71022,-0.48998,0.66281,-0.51902,0.20343,-0.56984,-0.49572,-0.46655,-0.5276,-0.82104,-0.52774,0.064985,0.89601,0.68608,0.39733,0.37119,-1.0513,-0.042381,-0.094106,0.48548,0.25312,-0.040259,0.40704,0.49757,0.23696,0.092263,0.099591,0.77256,1.3793,0.35095,0.64168,0.28452,0.42917,0.064322,NaN,NaN,NaN,NaN
1842,-0.49674,-1.8233,-1.912,0.1138,0.50382,-0.7062,0.57687,-0.30099,-0.35332,-1.0469,-0.87106,-0.81411,-0.71675,-0.49077,-0.86502,-0.56419,0.55495,-0.21916,0.2673,-1.4095,0.38268,0.3914,0.12502,0.11549,0.39483,0.19515,-0.22722,-0.44824,-1.1408,-0.38571,0.17137,0.91979,-0.17501,0.073563,0.24595,-0.2055,0.14094,NaN,NaN,NaN,NaN
1843,0.082559,0.21747,0.084997,0.96756,0.34774,0.25669,0.33714,0.37157,0.72932,-0.31586,-0.40608,-0.52253,-0.65665,-0.12244,0.039985,-0.019262,0.72704,0.048528,0.16341,-0.5223,0.38799,0.39727,-0.34772,-0.10209,0.4178,-0.23502,0.34324,0.58509,-0.15786,0.031106,0.57217,0.91979,0.24576,0.54699,-0.7076,-0.10588,0.082464,NaN,NaN,NaN,NaN
1844,0.27545,-0.29343,1.911,0.94216,0.15025,2.0842,1.3645,0.51569,1.2273,-0.020485,-0.052632,-0.15996,-0.38267,0.92917,0.55899,-0.085509,0.95097,0.98137,1.0465,0.46778,-0.80551,-0.96552,1.2385,0.49807,-0.81754,0.91974,0.85521,1.082,0.76667,0.98636,1.474,0.46023,1.4029,1.3045,0.40672,-0.2638,0.33189,NaN,NaN,NaN,NaN
1845,0.021277,-0.31807,-0.213,0.8792,0.53885,-1.2302,0.61111,-0.49316,-0.82968,0.4894,0.57497,0.53349,0.37741,1.3386,0.41699,-1.725,1.2374,0.45411,0.71255,0.24136,0.19738,0.17968,0.33204,-0.11472,0.2209,0.052135,0.76679,1.397,0.20096,0.73603,0.97296,0.61342,0.77171,0.35762,0.00057104,-0.52506,-0.41262,NaN,NaN,NaN,NaN
1846,0.35113,0.68667,0.212,1.141,-0.78939,1.2851,-0.82724,0.44363,-0.20175,0.45475,0.29544,0.29135,0.22717,1.114,1.006,0.18801,0.87864,1.3788,1.2617,0.051986,0.45699,0.47594,-0.0063095,-0.38808,0.51516,-0.23691,0.9209,-0.02072,0.8181,0.57426,0.87276,0.61342,0.66652,0.83105,-0.3219,-0.1971,-0.42874,NaN,NaN,NaN,NaN
1847,-0.97076,-1.0869,-1.947,-0.72229,-0.49316,-1.6232,-1.2724,-0.70934,-0.28836,-0.57163,-0.43699,-0.28673,-0.068029,0.14731,-1.034,-0.45097,0.65799,-1.0628,-0.67516,-1.5803,-0.022766,-0.071631,-0.29732,-0.47919,-0.036333,-0.38637,-0.80067,-0.55577,-1.7451,-0.82378,-1.7324,0.91979,-2.1736,-1.6308,-0.60644,-0.93995,-0.92924,NaN,NaN,NaN,NaN
1848,0.64418,-0.78729,-0.494,-0.19987,-0.40716,-1.4988,-1.1697,-0.61326,0.20966,-0.53532,-0.42624,-0.42111,-0.37029,-0.9262,0.28499,-0.48887,0.58761,0.53523,0.6235,0.62421,-1.103,-1.3049,0.014019,-0.27023,-1.1187,-0.033295,0.6067,-0.51348,0.10278,-0.5215,-0.12922,1.2262,-0.59577,-0.021123,0.16396,-0.29328,-0.42268,NaN,NaN,NaN,NaN
1849,0.49118,-0.63245,1.743,-0.07617,-0.27338,-0.98786,-0.75875,-0.39708,1.0541,-0.2086,-0.16418,-0.2094,-0.35085,-0.97002,0.19598,-1.7599,0.3166,0.040417,0.50477,1.0791,-0.45083,-0.56046,-0.11074,-0.38871,-0.44671,-0.27049,0.24287,-0.36418,0.77953,-0.045644,0.17137,0.30705,0.035375,-0.11581,-0.12876,-0.13613,0.21447,NaN,NaN,NaN,NaN
1850,0.19258,0.83644,1.373,-0.066229,-0.11412,-0.024969,-0.073816,-0.084813,NaN,0.65937,0.58975,0.56011,0.50115,0.95519,0.012985,-0.71279,0.60722,-0.75453,-0.074064,0.19401,0.34645,0.34977,0.933,0.50227,0.39527,0.74036,1.0115,1.0811,1.0098,0.7809,0.87276,0.46023,0.77171,0.83105,0.48065,0.73399,0.79905,NaN,NaN,NaN,NaN
1851,-1.0711,-0.33174,-2.192,0.2861,-0.14597,1.1606,0.64536,0.083328,-0.18009,-0.48417,-0.52031,-0.53394,-0.51524,0.28013,-0.81502,-0.23955,0.67926,-0.73831,-0.16312,-1.2407,0.86982,0.9474,0.66148,0.18452,0.95185,0.48662,0.56726,0.026053,-1.1724,-0.72341,-0.42982,0.61342,-0.70096,-0.30518,-0.14527,0.11149,0.80666,NaN,NaN,NaN,NaN
1852,1.315,1.2134,0.083997,0.11711,-0.93909,0.51216,-0.17656,-0.73336,1.0108,0.83428,1.0386,1.1179,1.1092,0.5759,1.39,0.59344,0.25328,1.4762,1.0762,1.075,0.37899,0.3868,0.65313,0.28847,0.41211,0.53001,1.232,0.47428,1.0448,1.1068,0.47197,0.61342,0.24576,0.35762,-0.12139,-0.042437,0.4972,NaN,NaN,NaN,NaN
1853,0.89424,0.46087,1.535,0.74335,-0.12049,0.55801,0.26865,0.011267,0.058087,0.19733,0.19733,0.24698,0.40216,0.72789,0.79199,-0.036493,0.37174,0.6569,0.89066,0.90415,0.11569,0.086458,0.58518,0.22155,0.076177,0.43755,0.78851,0.30945,-0.012931,0.027564,1.2736,0.61342,1.1925,1.0204,1.0061,0.89486,0.42804,NaN,NaN,NaN,NaN
1854,-1.1499,0.23098,0.508,0.48711,0.12477,0.70211,0.47413,0.25147,-1.5875,-0.36536,-0.36173,-0.3311,-0.31373,-0.38671,-0.22102,0.29723,1.1685,0.24321,0.45282,-0.32675,-0.0066131,-0.053243,0.70604,0.36781,-0.010679,0.63678,-0.19952,0.46462,-0.51786,-0.67382,0.17137,1.073,-0.17501,-0.021123,-0.38625,0.49116,0.29545,NaN,NaN,NaN,NaN
1855,-0.87698,0.17581,-1.242,-0.72339,0.49107,0.89207,0.78235,0.61177,-1.9773,-0.66898,-0.64798,-0.64804,-0.7574,-0.21007,-0.37102,-0.42607,1.583,-0.30839,-0.11859,-0.17238,0.056154,0.018523,0.34346,0.068357,0.085147,0.25013,-0.27142,0.72593,0.051354,-0.87101,0.57217,1.2262,0.14057,0.45231,0.82769,0.8987,-0.062369,-0.27084,NaN,NaN,NaN
1856,1.5901,0.92886,-0.072003,0.91234,0.30633,0.44665,0.40563,0.37157,1.3139,0.72042,0.78596,0.71224,0.49938,0.61287,1.521,-0.90126,1.0877,1.5249,1.4992,0.97619,-0.47114,-0.58344,0.63057,0.45324,-0.50436,0.69413,1.1379,-0.12186,0.98991,1.0808,0.67237,0.7666,0.45614,0.26293,-1.7705,-0.56034,0.068998,0.97038,NaN,NaN,NaN
1857,-0.29316,-0.31873,-1.196,-0.5268,-0.86583,-1.5119,-1.4094,-1.0216,-0.050177,-1.0914,-1.2675,-1.4721,-1.7437,-1.1891,-0.30002,-1.2226,0.77799,-0.0082534,-0.066643,-0.94632,-0.85582,-1.0225,-0.90106,-0.93058,-0.90145,-0.97793,-0.09172,0.074207,-0.52253,-1.152,-0.73042,0.61342,-1.0165,-1.1574,0.33155,0.2443,0.097634,-2.0918,NaN,NaN,NaN
1858,0.013257,-0.30823,1.913,-0.4053,-0.60465,1.3571,-0.62176,0.46765,1.0541,0.41185,0.58572,0.57025,0.40923,-0.27032,0.41799,-1.3658,0.85194,0.64068,0.40087,0.29076,-0.21684,-0.29306,-0.15752,-0.2494,-0.19982,-0.22189,0.66509,0.15464,1.0612,0.54711,0.17137,-0.30569,0.24576,-0.021123,-0.47731,-0.86694,-0.069314,0.11962,NaN,NaN,NaN
1859,-0.52595,-0.3696,-0.208,0.12705,-0.51864,-0.44419,-0.55327,-0.5412,-0.98125,-0.78449,-0.83075,-0.85595,-0.83341,0.14184,-0.70602,-1.1913,0.90722,-0.22727,-0.17796,-0.84752,-0.85835,-1.0255,0.30809,0.0096461,-0.93262,0.20224,-0.40947,-0.48586,-0.65461,-0.2263,0.57217,0.30705,0.45614,-0.11581,2.5997,1.0106,-0.64717,0.14122,NaN,NaN,NaN
1860,-0.6335,-0.1609,-0.034003,0.13589,-0.21605,-0.28698,-0.31354,-0.22893,-1.7391,-1.07,-1.0095,-1.041,-1.1198,0.13773,-1.118,-1.6972,0.36563,-1.4035,-1.1501,-1.0225,-0.42798,-0.53415,0.16412,-0.10715,-0.49462,0.097836,-0.75436,-1.1806,-0.41734,-1.5771,0.071173,0.46023,-0.17501,-0.39987,-0.14017,-1.0444,-0.36259,-0.42042,NaN,NaN,NaN
1861,-0.93971,-0.73765,-0.461,-1.2613,-0.70339,-1.2368,-1.1355,-0.82944,0.72932,-0.1657,-0.059352,0.022593,0.17767,0.25549,-1.001,-0.76646,0.13267,-2.093,-1.9738,0.29281,-0.1933,-0.2665,-0.99296,-1.1757,-0.22771,-1.1526,-0.67138,-0.57406,-1.5219,-1.0056,-2.1332,0.46023,-2.5944,-1.8202,-0.69649,-0.63806,0.58052,-1.496,NaN,NaN,NaN
1862,-0.71637,0.29356,1.299,-2.0388,-0.20331,0.296,-0.2108,0.059307,-1.2844,-1.6888,-1.7836,-1.7776,-1.6288,-0.14708,-1.036,-0.48887,0.23388,-1.1844,-1.2466,-0.81253,-0.2083,-0.28361,0.19503,-0.049065,-0.23329,0.068393,-1.485,-0.54058,-1.2379,-2.2313,-1.532,0.15386,-1.7529,-1.4414,-2.0498,-1.6531,1.0358,-0.62629,NaN,NaN,NaN
1863,-0.70835,-1.2996,-1.555,-0.89017,0.12796,-0.28043,0.16591,-0.13285,-0.61315,-1.4462,-1.3791,-1.4315,-1.5511,-0.54554,-1.214,-0.71803,0.63232,-0.73831,-0.8681,-1.0575,0.54675,0.57861,0.12733,-0.14271,0.55432,0.00028584,-0.65077,-0.65432,-1.4178,-0.99735,-0.63022,0.61342,-0.91134,-0.68392,-0.27075,-0.55407,1.0699,-0.66012,NaN,NaN,NaN
1864,-1.6113,-1.2342,-1.832,-1.3419,-0.018563,-1.4857,-0.96422,-0.25295,0.36123,-0.97261,-0.93826,-0.9954,-1.0791,-0.47023,-1.661,0.2808,0.58723,-1.7928,-1.7438,-1.1213,1.551,1.7251,-0.03917,-0.27486,1.6234,-0.16916,-0.095265,0.68105,-1.2823,-0.54157,-1.1312,1.073,-1.6477,-0.87329,0.92002,-0.10602,1.8452,-0.39515,NaN,NaN,NaN
1865,0.68469,-0.08957,0.021997,0.78643,0.60256,0.78072,0.78235,0.68383,0.83759,0.16763,0.2054,0.14683,0.1052,-0.31277,0.52999,1.1265,0.084915,0.56768,0.66803,0.31546,1.8106,2.0213,0.66121,0.38464,1.8837,0.57175,0.37471,0.54298,-0.29929,0.28143,1.1734,1.2262,0.77171,1.1151,-0.24733,-1.0384,1.889,-0.31146,NaN,NaN,NaN
1866,-0.16751,0.30542,1.395,0.79305,1.5326,-0.024969,0.7481,1.3804,-0.46158,-0.71189,-0.83344,-0.89905,-0.9925,-0.29086,0.16398,1.249,0.42,-0.10559,0.22277,0.93914,1.2455,1.3762,0.54703,0.40337,1.3168,0.53297,-0.49688,0.05246,-0.13916,-1.0694,1.5742,1.3793,1.0873,1.4938,0.96089,-0.05703,1.4206,-0.32199,NaN,NaN,NaN
1867,-0.24915,0.12327,0.398,0.3844,0.26492,-0.43109,0.30289,-0.20491,0.1447,-0.35216,-0.1924,-0.077558,0.0026765,-0.37164,0.018985,0.44553,0.56137,-0.20293,-0.27443,0.53159,0.3333,0.33496,-0.18593,-0.33715,0.3595,-0.28279,-0.66207,0.079212,0.25473,-0.62068,0.27157,0.30705,0.14057,0.16825,-1.2243,-0.2759,1.5926,-0.35912,NaN,0.056591,NaN
1868,0.48974,-0.2738,0.554,-0.28492,0.53567,0.75452,0.71385,0.63579,-0.37497,0.17918,0.19599,0.23938,0.33853,-0.41546,0.21198,-0.42543,0.23271,0.12153,-0.088906,0.18578,0.31484,0.31376,-0.00073992,-0.19847,0.30721,-0.1422,-1.0408,0.69469,0.54226,-1.0989,0.57217,0.30705,0.56133,0.35762,0.64275,0.41302,1.4423,-0.3136,NaN,0.52761,NaN
1869,1.9601,1.1264,1.744,2.9501,1.0963,4.0952,3.1111,1.7167,1.5521,0.91513,0.88944,0.8276,0.63549,-0.53322,1.687,-0.095743,0.81274,1.4519,1.2617,1.5855,-0.76882,-0.92338,0.069994,-0.0058629,-0.89444,0.073123,0.86363,-0.22456,1.7216,1.1316,2.9769,0.91979,2.8755,2.4407,1.2084,0.24473,0.15087,-0.49733,NaN,0.61944,NaN
1870,-0.70856,-0.49027,-0.657,0.20768,-1.4551,-1.2433,-1.5464,-1.502,0.16635,-0.67393,-0.74339,-0.76974,-0.85286,-0.29907,-0.67402,-0.42796,-0.21513,-0.50307,-0.85326,-0.61287,-0.61421,-0.7469,-1.5159,-1.4076,-0.74655,-1.5877,-0.45755,-0.69298,-0.33319,-0.43766,-0.42982,0.46023,-0.70096,-0.58924,0.53753,0.48932,-0.36767,-1.2732,NaN,-0.56796,NaN
1871,-1.1431,0.22894,-1.744,-2.0289,-1.7864,-1.3743,-1.7861,-1.8383,-0.85133,-1.433,-1.3777,-1.3732,-1.392,-0.17036,-1.229,0.42452,-0.3091,-0.90054,-0.94973,-1.992,-0.93612,-0.41156,-1.2525,-1.1631,-0.38578,-1.4916,-2.0102,-0.81794,-0.92461,-1.0835,-1.532,1.073,-1.9632,-1.252,-2.1993,-0.95532,-0.32364,-0.83254,-0.53259,0.94481,NaN
1872,-0.27033,-1.9574,0.037997,-0.58975,-0.89132,-0.98786,-1.1012,-0.94954,0.44784,-0.86205,-0.7528,-0.74312,-0.73973,-0.77011,-0.93702,0.37482,-0.43792,-0.47062,-0.40801,-1.2263,-1.4507,-0.99744,-0.33909,-0.43164,-0.90079,-0.51028,-0.9396,-0.59667,-0.85331,-0.65847,0.37177,1.2262,-0.069816,0.16825,0.53803,0.42287,0.40789,-0.55255,-0.63674,-1.6843,NaN
1873,0.077624,-0.66449,-0.0060027,-0.58644,-0.42627,0.34185,-0.45053,0.083328,1.4222,-0.54522,-0.5445,-0.55042,-0.43393,-0.97002,-0.82902,-0.85584,0.29378,-1.0303,-0.99426,-0.7199,-1.4971,0.068325,-0.13246,-0.21931,0.075848,-0.26292,0.073468,0.30566,-0.7598,-0.29361,-0.42982,0.46023,-0.59577,-0.77861,-0.067636,-0.39928,0.59763,-1.2009,-0.91506,-2.2623,NaN
1874,0.074539,-0.68176,-0.087003,-0.19987,0.57071,2.1563,1.6043,0.90001,-0.5915,-0.19705,-0.1709,-0.15996,-0.096311,-1.2521,-0.16302,0.16136,0.25875,-0.34894,-0.20022,0.41632,-2.2554,0.23178,-0.26947,-0.31758,0.29911,-0.37395,0.059287,-0.52573,-0.15903,0.39597,-0.12922,1.073,-0.59577,-0.21049,0.44683,0.16802,0.72535,-1.0432,-0.9305,-0.67235,NaN
1875,0.43648,0.23709,-0.15,-0.91557,-0.38168,-0.097022,-0.27929,-0.34903,-0.11514,0.40525,0.44998,0.45235,0.41277,-0.93168,0.22899,0.1676,0.041636,-0.43006,-0.25959,0.4863,-1.7002,0.27468,-0.91916,-0.85735,0.34889,-1.102,-0.29003,-0.20471,-0.52721,-0.057452,-0.22942,0.15386,-0.38539,-0.39987,-0.34599,0.52096,1.0929,-0.69929,-0.7546,-0.62357,NaN
1876,-0.32565,-0.28339,0.098997,0.19885,-0.45812,0.72832,-0.48477,0.22745,0.57775,0.20063,0.32097,0.42573,0.63725,-0.35658,-0.45002,0.12902,-0.27726,-0.89243,-0.72711,-0.83929,-1.2089,0.92339,-0.14444,-0.092204,0.98171,-0.12493,-0.12861,-0.071291,-0.47344,0.46445,0.57217,0.15386,0.56133,0.54699,-0.63822,-0.36299,1.8071,-0.58095,-0.9984,-0.54357,NaN
1877,1.7425,1.8497,0.544,-0.21533,0.93064,-0.55554,0.13166,0.75589,0.014781,0.99764,0.88944,0.85423,0.67791,0.74843,1.161,0.21217,0.27973,0.66502,0.81645,0.48013,2.5581,1.7052,1.2235,1.0427,1.7664,1.3842,1.1939,2.1136,0.81342,0.79625,0.47197,1.3793,-0.069816,0.54699,0.58617,0.12573,2.288,0.68681,0.43571,1.0255,NaN
1878,-0.052344,1.5809,1.775,3.0506,0.679,1.3178,1.1591,0.85197,-0.093483,0.52241,0.46477,0.47898,0.52589,3.8279,1.177,0.65196,1.5217,1.679,1.5585,0.71684,2.0449,1.1476,1.1109,0.78804,1.2578,1.1445,1.4527,0.72489,-0.12397,0.32866,2.8767,0.7666,2.8755,2.8194,1.8986,0.65952,1.0807,2.6487,2.7431,1.7193,NaN
1879,-1.1929,-0.7417,-1.302,-0.56435,-0.39761,0.086386,-0.17656,-0.32501,-0.54819,-0.08649,-0.11983,-0.12193,-0.23772,-0.19364,-0.93002,0.0076057,-0.0062326,-1.7036,-1.5582,-0.26706,-1.3921,-1.4025,-1.4577,-1.133,-1.2342,-1.5311,-1.1556,-1.125,-0.73175,-0.3798,-2.4338,0.15386,-2.8048,-2.0095,-1.3062,-0.14203,-0.342,-0.64545,-0.48585,-1.5864,NaN
1880,-1.4783,-2.0655,-1.643,-1.713,-0.14597,-0.92891,-0.65601,-0.27697,-1.6958,-2.0831,-2.0806,-1.9944,-1.8639,-1.222,-1.824,-2.2835,-0.12907,-1.1601,-0.72711,-2.276,-0.94974,-1.2646,-1.0417,-0.82326,-1.1477,-1.1115,-1.1446,-0.81828,-1.8538,-2.1026,-2.033,-0.45887,-2.0684,-2.483,-0.4163,-0.11722,-0.57564,-1.1195,-0.949,-0.3764,NaN
1881,0.18065,0.97927,0.19,-0.86587,0.18848,-0.60795,0.2344,-0.25295,1.3573,0.51085,0.7658,0.82634,0.92361,0.49237,0.38599,-1.3749,0.01176,0.048528,0.15598,-0.1909,0.14269,-0.042006,-0.15919,-0.19595,0.14958,-0.21645,-0.076431,-0.15138,-0.29929,0.093687,-0.73042,0.46023,-1.0165,-1.0627,-0.37916,-0.38813,-0.59184,0.30437,0.31425,0.68904,NaN
1882,0.28121,-0.99929,0.458,-0.27056,-1.1939,-0.23458,-0.75875,-1.0937,0.72932,0.94154,0.876,0.79718,0.73978,-0.38808,0.27099,-1.1177,-0.40281,-0.27594,-0.25959,0.75183,-0.86828,-0.71906,-1.4516,-1.1991,-0.52667,-1.5799,-0.10745,-0.43391,0.37629,0.26844,-0.029025,0.15386,-0.17501,-0.68392,-0.6294,-0.25492,-0.045279,0.056133,-0.44417,0.14663,NaN
1883,-1.3362,-0.72613,-0.57,-0.4285,-1.7959,-0.71275,-1.3752,-1.7182,0.014781,0.32604,0.24168,0.23938,0.29257,-0.49488,-0.78202,-2.0049,0.11416,-0.55985,-0.22248,-0.67874,-0.5879,-0.54743,0.20116,0.077196,-0.37189,0.16346,0.22237,0.19278,-0.091241,0.40541,-0.42982,0.00068007,-0.49058,-1.1574,0.67025,0.59496,0.72046,-0.27345,-0.56839,-0.1773,-0.058705
1884,0.18682,0.0042059,0.84,-0.14354,0.68219,0.85932,0.88508,0.77991,0.64271,0.79138,0.82628,0.9772,1.1569,0.18976,0.31199,-1.4339,0.82535,0.446,0.52703,0.27223,0.43022,0.41132,1.1847,0.98186,0.53857,1.3648,0.42379,1.3279,0.23135,0.26608,0.67237,0.30705,0.66652,0.45231,0.41721,-0.32858,1.4524,0.19283,-0.04136,1.3871,1.6473
1885,1.4279,1.2801,1.691,0.49595,0.81915,1.5209,1.3645,1.0201,1.0541,1.524,1.5426,1.5426,1.415,0.69092,1.669,-0.1767,1.9301,0.69746,1.0391,1.991,0.88759,1.1193,1.8598,1.3695,1.2112,1.9214,0.86396,1.8088,0.9081,1.0052,1.7746,1.5325,1.2977,1.3992,1.3478,0.66917,1.5002,0.50307,0.33451,1.1938,1.3629
1886,0.1897,-0.060203,-0.657,1.395,0.60256,2.2611,1.707,0.94805,-0.89464,-0.20035,-0.2475,-0.20053,-0.096311,0.41706,0.015985,-0.39554,1.6142,-0.097482,-0.23732,-0.16826,-1.1819,0.043041,-0.63122,-0.52107,0.11304,-0.70574,0.46988,0.14048,-0.40799,-0.06926,1.1734,1.073,0.8769,0.92573,-1.6336,-0.31957,-0.14452,0.51747,0.45473,-0.061791,0.0044795
1887,-1.7491,-2.6581,-2.015,-0.70462,-2.3279,-0.11667,-1.2724,-2.1025,-2.3454,-1.7878,-1.7621,-1.7738,-1.8745,-1.6697,-1.748,-1.333,0.10507,-0.64908,-0.76421,-1.8808,-1.5599,-0.24683,-0.9278,-0.73761,-0.27092,-0.98881,-0.8811,-0.54576,-0.7189,-1.2559,-2.033,-2.4503,-1.4373,-2.1042,-0.65864,0.4407,-0.24244,-2.0229,-1.0905,-1.2844,-1.2908
1888,0.38013,1.5118,0.906,0.40538,0.51337,0.25014,0.40563,0.51569,1.812,1.7022,1.9027,1.9115,1.8746,0.87714,1.233,-0.69241,0.67203,1.679,1.4027,0.6098,1.7262,1.5483,0.51278,0.25312,1.5388,0.47621,0.67384,1.6495,0.81576,0.82695,0.27157,-1.2248,0.8769,0.26293,0.49016,1.0808,-0.059171,0.47116,0.40822,0.099639,0.19403
1889,1.6017,0.40574,0.403,2.3526,1.6346,0.020883,0.85084,1.4765,0.9675,1.6544,1.6581,1.5895,1.4946,3.4254,1.355,1.0731,1.1703,0.75425,0.4825,2.1371,0.48514,0.37761,-0.58109,-0.6084,0.51363,-0.68138,0.63761,0.32102,0.46044,0.664,1.6744,0.00068007,2.034,1.9673,1.3787,0.82491,-0.82817,2.3506,1.9372,1.2666,1.4261
1890,-0.66208,-2.2056,-0.347,-0.38984,-0.58235,-1.9639,-1.5464,-0.85346,-1.6092,-1.697,-1.6693,-1.6242,-1.6094,-1.3438,-1.448,-1.4008,-0.053105,-0.70586,-0.82358,-1.1892,-2.9218,-1.1517,-1.1186,-0.94952,-0.9825,-1.2144,-1.7498,-1.0513,-1.031,-2.0612,-1.8326,-1.9907,-1.5425,-2.0095,-0.38847,0.033,-1.5956,-1.7397,-2.0718,-1.9595,-1.9542
1891,0.1788,0.18264,1.696,-1.0536,1.0963,-0.38523,0.30289,0.92403,0.07974,0.42505,0.72145,0.83141,0.7822,0.32395,-0.019015,-1.1613,-0.04359,-0.21105,-0.35606,0.54394,-0.012844,-0.13242,-0.34745,-0.41249,0.0025568,-0.44596,-0.94514,0.11321,0.74096,-0.051548,-0.73042,-0.45887,-0.70096,-0.49455,0.16591,0.43513,-1.6266,0.18647,-0.44791,-0.3373,-0.31144
1892,-0.30591,-0.72192,0.17,-0.10489,0.5293,0.3615,0.47413,0.53971,-0.050177,0.032319,-0.043225,-0.15109,-0.27661,0.10076,-0.34502,-0.25077,0.08242,-0.53551,0.00014494,0.95149,-1.5659,-0.79083,-1.7432,-1.6023,-0.7227,-1.9615,-1.2798,-1.2933,-0.9363,-1.2996,0.071173,-0.30569,0.24576,-0.21049,-0.14147,-0.91428,-1.9052,-0.10131,-0.24677,0.58429,0.7311
1893,-1.1813,-2.3164,-1.576,-2.1371,-0.85309,-1.1254,-1.1697,-0.94954,-2.1505,-2.2003,-2.2486,-2.1959,-1.9947,-1.6492,-2.235,-1.6363,-0.41455,-1.809,-1.4247,-1.7758,-2.7721,-0.8488,-2.1147,-1.9276,-0.80584,-2.3864,-1.8368,-1.4619,-1.8211,-2.5265,-2.2334,-1.5312,-2.2788,-2.1042,-1.1825,0.22728,-1.5848,-1.1404,-1.2491,-0.63863,NaN
1894,-1.8096,-1.3898,-1.058,-1.0315,-1.4137,-1.6887,-1.7861,-1.55,-0.61315,-0.57163,-0.38726,-0.4059,-0.41979,-1.1672,-1.742,-1.2819,-0.83335,-1.3467,-1.536,-1.1892,-2.0786,-0.8585,-1.8877,-1.798,-0.73342,-2.1695,-0.7363,-0.7539,-1.6002,-1.9408,-1.2314,-1.5312,-0.91134,-1.252,-1.6875,0.57189,-0.69431,-1.125,-1.1096,-0.91127,NaN
1895,0.048216,-0.88135,0.611,-1.0117,-0.73843,0.092937,-0.34779,-0.63728,-0.54819,1.2947,1.3302,1.2396,1.2701,-0.27443,-0.28302,-0.70479,-0.42468,-0.0407,-0.25959,0.55629,-0.091718,-0.02566,-0.39451,-0.41733,0.073223,-0.47848,-0.25791,-0.26995,-0.56111,-0.80843,-0.32962,0.15386,-0.49058,-0.30518,0.50601,1.3974,-0.18428,-0.54473,-0.55814,-0.41048,NaN
1896,0.22528,-0.035932,-0.905,0.3115,-0.091823,1.3964,0.81659,0.17941,0.70767,0.37719,0.28334,0.3129,0.51529,0.57727,-0.38702,-0.063488,0.13924,-0.72208,-0.85326,-0.094159,1.2536,0.95582,0.87368,0.62475,0.94047,0.9059,0.62022,0.62893,-0.96669,-0.71869,0.97296,0.30705,0.98209,0.83105,2.9572,2.5772,-0.5518,0.41386,0.33061,0.22878,-0.75373
1897,1.0501,1.2215,1.236,1.7076,1.0899,1.724,1.6043,1.2843,0.83759,1.6676,1.6971,1.748,1.6978,2.4628,1.397,0.8579,0.62434,0.95704,1.2765,1.1532,0.68383,-0.075718,-0.5098,-0.46257,-0.12302,-0.54162,1.0195,-0.37989,0.33655,0.25191,1.2736,0.15386,1.508,1.3992,-0.21323,0.57759,-0.6557,1.5424,1.5908,1.4549,1.3629
1898,-0.096353,0.45934,1.147,0.22977,-1.3118,-0.50314,-0.99847,-1.2618,-0.2667,-0.0089345,-0.23943,-0.27406,-0.53645,-0.35795,0.15098,-1.2045,-0.35516,0.55145,0.46766,0.20636,-1.07,-1.4331,-1.3594,-1.0745,-1.4705,-1.4539,0.0083236,-1.243,0.6381,-0.12712,-1.031,-1.378,-0.70096,-1.6308,-0.034546,0.96322,-0.29137,-0.27486,-0.47401,-0.74805,-0.72214
1899,-2.0224,-1.765,-1.024,-1.745,-2.589,-1.132,-2.0601,-2.5108,-0.52654,-0.53202,-0.43161,-0.32984,-0.22181,-0.58251,-1.434,-1.5642,-0.64554,-0.81942,-0.70484,-1.4259,0.19461,-0.045326,-0.32795,-0.40302,0.021044,-0.47363,-0.21093,0.10251,-1.0497,-1.178,-1.9328,-2.2971,-1.5425,-1.9148,-1.0667,0.20058,0.26767,-0.74404,-0.75344,-0.9041,-0.81692
1900,-0.13193,0.35701,-0.048003,0.45287,0.8733,0.79382,0.91933,0.92403,0.57775,1.0768,1.1542,1.2193,1.3178,2.523,0.43899,0.57956,0.00085432,-0.16238,0.24504,0.43073,2.0296,0.58678,0.57293,0.40863,0.63538,0.55248,0.64404,0.38729,-0.59968,0.36763,0.37177,0.7666,0.14057,0.92573,-0.16743,0.16402,0.72629,1.4202,1.6025,0.76939,0.88906
1901,0.74227,0.39206,0.474,0.70028,-1.127,0.060185,-0.55327,-0.99758,-0.54819,1.2336,1.2133,1.2371,1.3832,0.58137,1.037,-0.31058,-0.021927,0.35677,0.55671,1.1512,0.036539,-0.52189,-0.40064,-0.22878,-0.49025,-0.37608,0.41792,0.54211,-0.31215,-0.37744,0.071173,-0.1525,0.14057,-0.21049,-0.14703,0.0061328,1.2191,0.46306,0.68144,0.24923,0.3204
1902,-2.0093,-0.23389,-2.025,-1.2624,-0.91998,-0.34593,-0.69025,-0.87748,-1.1545,-0.38021,-0.42355,-0.35773,-0.24479,0.3842,-0.97702,-0.41186,-0.17632,-0.98977,-0.28927,-1.6565,1.5083,0.91368,1.319,0.90147,0.93981,1.3231,0.2668,1.7851,-1.6832,-1.7471,-1.6322,-0.76524,-1.7529,-1.0627,0.4376,0.75277,1.2713,-0.020113,-0.34299,-0.35488,-0.37463
1903,0.97157,0.79793,1.746,1.046,2.141,1.8943,2.2549,2.2692,1.5954,1.5075,1.6017,1.6123,1.4839,2.5792,1.673,0.88598,1.7304,1.1436,1.0836,0.63245,0.60052,1.0713,0.43564,0.1982,1.1148,0.38327,1.2061,0.89058,1.0448,1.6677,1.5742,1.8389,1.0873,2.1566,0.4866,0.41692,1.1611,1.5269,1.3972,0.98248,1.1418
1904,-2.0416,-2.4448,-2.409,-0.32136,-0.69065,0.28945,-0.17656,-0.56522,-1.7391,-1.6789,-1.6895,-1.6255,-1.574,-1.2904,-1.858,-0.37579,0.5087,-1.9388,-1.2466,-1.4959,-0.24107,-0.22896,-0.020233,0.033004,-0.20616,0.043586,-0.10601,0.76355,-2.3973,-1.472,-0.93081,-0.61206,-1.0165,-0.58924,-0.7219,0.4869,1.1456,-1.3242,-0.86432,-1.6155,-1.6699
1905,1.3096,1.4212,1.102,1.0857,0.9593,0.67591,0.88508,0.99609,1.1407,1.9498,2.1446,2.1879,2.0973,1.711,2.417,0.13341,0.70508,2.5794,2.8275,1.3776,2.1425,1.7968,2.0497,1.5679,1.9212,2.1505,1.8693,1.7819,1.4271,2.0703,1.2736,0.7666,1.1925,1.7779,-0.057905,0.087569,1.172,0.91987,0.88315,1.0133,1.2366
1906,2.1331,0.2471,0.763,1.1211,1.3766,1.1475,1.3988,1.4525,0.59941,-0.1954,-0.21793,-0.23476,-0.2059,1.4947,2.092,1.3413,1.1354,1.8655,1.9741,1.4414,0.38499,0.77781,0.38941,0.44735,0.81106,0.54621,1.5821,0.82258,0.60187,0.7868,1.3738,1.6857,0.8769,1.5885,1.1528,0.63756,0.7037,0.84768,1.0626,1.0592,1.2682
1907,0.4447,-0.42336,1.277,-0.01211,-0.22242,0.85277,-0.2108,0.27549,0.68602,-0.2284,-0.13999,-0.17898,-0.32433,-0.58251,0.46099,0.061015,0.32874,-0.28405,0.089196,1.0009,-0.81589,0.38936,0.5771,0.50648,0.50597,0.64471,-0.10812,-0.076641,0.97238,-0.19324,1.2736,0.91979,1.0873,1.1151,0.47983,0.3986,-0.76104,-0.83134,-0.49176,-0.19954,NaN
1908,0.92221,-0.81887,0.441,0.7555,-1.4137,-0.81755,-1.2382,-1.4059,0.79428,0.25674,0.32231,0.31417,0.15823,0.21441,0.30399,-0.23603,0.34742,-0.77886,-0.20022,1.147,-0.83736,-0.74588,-1.9885,-1.5945,-0.51355,-2.0976,0.50101,-0.47292,1.3487,0.092507,0.97296,0.00068007,1.1925,0.26293,0.28667,0.79829,-1.4785,-0.024378,-0.044504,-0.15004,NaN
1909,-0.4696,-0.81328,-0.058003,-1.332,-2.0539,-1.977,-2.2998,-2.1746,-1.6958,-1.0535,-1.0606,-1.0791,-1.1534,-1.7491,-1.138,-1.3367,-0.2088,-1.5981,-0.84584,-0.3144,-1.8975,-1.1098,-1.7694,-1.499,-0.92628,-1.9028,-0.95766,-1.1236,-0.30747,-1.733,-1.2314,-1.6844,-0.80615,-2.0095,-1.4635,-0.45744,-1.569,-1.2862,-0.78513,0.53299,0.57314
1910,-1.9511,-2.3981,-1.815,-0.58423,-1.7927,-1.6298,-1.9574,-1.8863,-1.6525,-1.1937,-1.113,-1.1412,-1.2877,-1.8381,-2.098,-1.6616,-0.026921,-1.4116,-1.2763,-1.1707,-2.0858,-1.6571,-1.0063,-0.8948,-1.4375,-1.1366,-0.43728,-1.1935,-0.66162,-0.97728,-1.7324,-2.1439,-1.2269,-2.1989,-0.96657,0.88745,-1.2154,-1.4234,-0.90585,-0.84419,-0.84851
1911,-0.19589,-1.0563,-0.982,-1.5131,-0.39761,-2.3503,-1.6834,-0.75738,-0.56984,-0.053488,0.0091868,-0.044597,-0.15111,-1.3808,-0.40402,-1.4561,-0.023565,0.19454,0.1263,-0.085925,-0.74736,0.063217,-0.27866,-0.40744,0.26236,-0.39453,0.12842,0.48878,0.56213,0.28379,-1.3316,-0.30569,-1.5425,-1.8202,-0.075923,0.58484,-0.44914,-1.011,-0.59124,-0.67809,-0.59577
1912,0.75831,0.80754,0.784,0.67487,2.0678,-0.22148,0.91933,1.8368,1.6171,1.7848,1.7993,1.6592,1.3673,2.1273,1.949,0.56429,0.75107,2.2225,2.3377,1.7234,0.91574,1.2053,1.2998,0.91073,1.2125,1.3063,1.8141,1.0009,1.2611,1.4091,1.1734,-0.1525,1.4029,1.3045,1.6786,1.2077,0.2259,1.2744,1.2878,1.1805,1.4261
1913,0.07968,-0.50234,-0.186,0.12043,-0.037674,0.3091,0.16591,0.035287,0.62106,1.7121,1.591,1.5363,1.3037,-0.52774,0.90099,-0.11665,0.68499,0.75425,1.3359,1.4681,-0.032689,0.27749,0.65508,0.50922,0.36376,0.71187,1.2767,0.7903,0.86836,1.5886,-0.53002,-1.2248,-0.17501,-0.21049,-0.89942,1.5503,0.77654,-0.44246,-0.12226,0.76329,0.88906
1914,1.3631,0.45311,1.151,2.103,1.4912,2.7327,2.4604,1.8368,-0.56984,0.85573,0.85181,0.86944,0.71503,1.5289,1.821,0.010699,0.74457,2.5713,2.3006,1.1573,1.3272,2.4466,1.6654,1.1799,2.5531,1.7073,1.6301,1.631,1.4948,0.86592,2.1753,0.30705,2.4548,2.346,0.96961,2.6692,0.87468,1.0388,0.91915,0.54734,0.57314
1915,2.2992,1.1684,1.106,1.2834,1.9627,3.093,2.9056,2.3172,0.81594,0.89698,0.99292,1.0926,1.0915,1.9287,2.07,1.4549,1.3169,1.387,1.2691,1.1573,1.1361,1.4314,1.2076,0.86549,1.4698,1.2224,1.2148,0.96894,1.3791,0.86237,1.1734,0.7666,1.0873,1.7779,0.15281,1.5531,-0.42799,1.3393,0.8695,1.1543,NaN
1916,-0.52574,-0.79563,-0.057003,-0.71677,-1.5634,-0.32628,-1.0327,-1.454,0.98916,-0.98746,-0.97186,-0.97638,-1.095,-0.91251,-0.54402,-0.16048,-0.24129,-1.0384,-0.71226,0.04581,-1.7479,-1.2697,-1.6404,-1.2149,-1.0362,-1.6822,-0.83723,-1.1043,0.53875,-0.38099,-1.6322,-0.91843,-1.6477,-1.3467,0.30462,0.22855,-1.8281,-0.70278,-0.29216,-0.33945,-0.21667
1917,-1.0018,-2.0863,-0.905,-3.8281,-1.5124,-2.3438,-2.2313,-1.7422,-1.6525,-0.8538,-0.80521,-0.80524,-0.95361,-2.6693,-1.167,-1.6383,-0.67465,-1.1196,-1.0017,0.1405,-1.013,-2.5536,-1.3271,-1.1839,-2.2323,-1.4994,-2.2989,-1.1452,0.63459,-0.22512,-3.6362,-2.4503,-3.4359,-4.0926,-1.5664,-0.57118,-1.7866,-1.9976,-1.5617,-1.0698,-1.0381
1918,-1.8698,-2.3316,-1.828,-2.2719,-0.85628,-3.5425,-2.6423,-1.3819,-1.6741,-1.4858,-1.4476,-1.5266,-1.5511,-0.91662,-1.69,-2.0714,-0.47376,0.18643,-0.51932,-1.4362,-0.062504,0.2471,-0.16922,-0.33273,0.3234,-0.31767,-1.0979,0.80204,-0.68617,-0.90761,-1.8326,-2.6035,-1.2269,-2.2936,-0.39146,0.78737,0.21964,-0.72339,-0.81533,-1.9218,-1.9542
1919,1.7754,1.7188,0.684,1.7263,1.7556,0.027434,0.88508,1.5966,1.4655,1.9481,2.103,2.0484,1.7897,1.5426,2.35,0.83475,0.5762,2.3117,1.8776,1.9107,1.7352,1.0845,0.59576,0.31457,1.2239,0.53037,1.0381,0.95893,1.7064,1.5933,2.1753,-0.30569,2.7703,1.7779,0.7229,1.022,1.6253,1.4609,1.5722,1.3993,1.6473
1920,1.7113,-0.1454,1.404,2.3338,0.22033,1.4423,0.98782,0.46765,1.184,0.74682,0.59513,0.46883,0.26075,1.2181,1.483,0.90849,0.21425,1.4681,1.2617,1.9457,0.71383,0.10102,-0.85316,-0.58799,0.27877,-0.85721,0.58953,0.44149,1.7006,0.8482,2.2755,-0.1525,2.7703,2.062,0.32429,1.0745,0.7991,0.84197,0.64119,0.47129,0.63632
1921,-0.82557,-1.2489,0.461,0.90571,-1.1398,-1.1254,-1.3067,-1.2138,-1.5875,-0.38021,-0.33754,-0.32096,-0.46044,-0.67152,-0.70602,-0.69297,-0.43487,-0.75453,-0.61579,-0.017999,-0.80966,-1.0705,-0.99296,-0.81252,-0.79774,-1.0887,-0.46276,-0.12514,-0.05267,-0.53449,0.17137,-1.5312,0.77171,-0.49455,0.17569,0.35606,-0.14378,-0.67821,0.03104,-0.92741,-0.91169
1922,-1.7181,-0.45886,-0.819,-0.43954,-1.917,0.19119,-0.86148,-1.6701,-0.50489,-1.636,-1.4301,-1.3035,-1.3283,-0.24567,-1.255,-0.8519,-0.56124,-0.43006,-0.43027,-1.6009,-0.63129,-0.49074,-0.69165,-0.57473,-0.28864,-0.79052,-1.4344,-0.6343,-0.63942,-1.0954,-0.53002,-1.5312,0.035375,-1.0627,-0.32457,0.69019,0.41997,0.14895,-0.35153,-0.82195,-0.75373
1923,-1.3685,-0.62579,-0.129,-0.025364,-0.68746,-0.10357,-0.41628,-0.61326,-0.39662,-0.30431,-0.16821,-0.11813,-0.053888,-1.3397,-0.53102,-0.60876,-0.59889,0.11342,0.23761,-0.18884,-0.098987,-0.26726,0.7311,0.59802,-0.080689,0.77383,0.039677,0.5573,-0.78669,-0.46364,-0.22942,-1.0716,0.14057,-0.96798,-0.83962,0.5921,0.67028,-0.84082,-0.56337,-0.72545,-0.59577
1924,1.3298,-0.28587,0.652,0.40317,0.53248,1.9925,1.5015,0.82795,1.3139,0.25674,0.079069,-0.12953,-0.34024,1.1948,0.56299,0.34267,0.13259,-0.19482,0.27472,0.97619,-0.47806,-0.3896,0.0092853,0.010698,-0.20058,-0.0021972,0.36307,0.3992,0.68719,1.2261,0.47197,-0.30569,0.66652,0.73636,1.5193,0.80593,1.2379,0.66698,0.82742,0.22484,0.25722
1925,-1.6679,-2.4245,-2.262,-1.2789,-0.93909,-1.8853,-1.6834,-1.1657,-2.4103,-2.7168,-2.7686,-2.7778,-2.647,-1.6656,-1.753,-1.1772,-0.15107,-0.032588,0.096617,-2.1011,0.15561,-0.19496,0.75617,0.45387,-0.12631,0.80989,-0.75414,0.81412,-2.0432,-1.6421,-1.8326,-1.9907,-1.4373,-2.1042,-1.8889,0.059087,1.3371,-1.4282,-0.71895,-0.77782,-0.78532
1926,1.3096,1.2668,1.012,1.4127,2.4277,0.26979,1.3988,2.2451,1.0974,1.0356,1.2913,1.27,1.0509,2.1834,1.887,-0.2893,0.52913,1.9386,2.1596,1.7357,1.7086,0.76734,1.0873,0.97154,0.71885,1.3696,1.163,0.98965,1.3055,1.9239,0.87276,-0.76524,1.4029,0.83105,2.4392,0.98261,1.4219,1.3097,1.6757,1.1296,2.058
1927,1.1098,-0.63402,0.771,-0.011006,-0.99961,0.57111,-0.17656,-0.7814,0.79428,-0.041937,-0.16821,-0.20687,-0.21828,-0.35384,-0.14102,-0.72093,-0.25537,-0.92487,-0.89037,0.53159,-0.12546,-0.5459,-0.16644,0.072356,-0.48193,0.013056,0.17185,-0.67175,0.12382,0.52585,-1.3316,-1.2248,-1.2269,-1.5361,-1.3218,-0.017315,0.29419,-0.51454,0.10468,-0.36743,0.13085
1928,0.038345,0.47702,0.217,-0.88796,-0.52501,-0.41799,-0.55327,-0.5412,0.46949,0.04552,0.034721,0.053019,-0.018535,0.67175,0.26699,-0.91161,-0.92189,0.45411,0.60866,-0.042699,0.037924,-0.29434,-0.07036,0.083088,-0.27573,0.075251,-0.53821,-0.85349,0.43005,0.98163,-0.63022,-0.61206,-0.49058,-0.96798,-0.48538,0.018875,-0.052869,0.13352,0.39756,-0.14394,-0.15348
1929,-1.4604,-0.91166,-0.855,-1.417,-0.92635,-0.27388,-0.65601,-0.87748,-1.371,-1.0898,-1.0646,-1.0562,-1.0826,-0.33057,-1.311,-0.91273,-0.9262,-1.152,-0.95715,-1.323,0.21838,-0.13574,0.06331,0.15632,-0.11799,0.20366,-0.47195,0.20831,-0.6663,-1.0564,-1.2314,-1.378,-0.91134,-1.252,0.19203,1.0641,1.0434,-0.37961,-0.026891,-1.6309,-1.6699
1930,0.84756,0.21406,0.157,0.33028,0.65671,1.5995,1.3303,0.87599,-0.5915,0.81118,0.77252,0.76929,0.71857,0.90863,0.72699,0.13562,-0.40227,0.85159,0.68287,0.25576,1.6491,1.2735,1.3348,1.0273,1.2325,1.55,1.0147,1.6857,0.92446,0.94739,0.77256,0.61342,0.66652,1.0204,0.10154,1.5694,2.6487,0.38778,0.55317,-0.87504,-0.81692
1931,1.7051,1.2306,0.014997,2.4431,1.3033,1.4357,1.5358,1.4285,1.3789,1.9547,1.8382,1.786,1.6183,2.0164,2.218,1.1391,0.39062,1.4113,1.3062,2.0712,1.5157,0.86337,1.5184,1.3173,0.83896,1.8625,1.3463,0.75371,1.4212,2.1293,1.7746,0.7666,1.8236,2.062,1.3501,1.1048,1.7502,1.28,1.6102,0.47595,0.57314
1932,0.54382,0.37309,1.325,0.066308,-0.29568,-0.49659,-0.48477,-0.34903,-0.2234,0.35904,0.26453,0.32938,0.50115,-0.4716,0.44699,-0.56596,-0.24924,-0.08937,0.074354,0.37721,0.15815,-0.23253,-0.52734,-0.326,-0.14096,-0.47777,-0.4899,-0.71024,0.63459,0.11022,-0.22942,0.00068007,-0.2802,-0.68392,-0.36335,0.91304,0.04826,-0.62584,-0.25773,-0.20528,NaN
1933,0.010789,-0.67171,0.416,-0.67921,-0.82761,NaN,-0.45053,-0.73336,0.27462,-0.30926,-0.21793,-0.11432,-0.073332,-0.45517,-0.19602,-0.7235,-1.3053,0.17832,0.081775,-0.99984,-1.1482,-1.235,-1.3227,-0.94594,-1.1132,-1.3739,-0.43661,-1.5523,1.0343,1.3418,-0.32962,0.15386,-0.49058,-0.68392,-0.11867,1.3155,-0.51367,-0.5753,-0.19985,0.25533,0.41518
1934,-1.2334,-1.2784,-2.694,-1.1033,-1.9584,-2.7499,-2.745,-2.2226,-1.5226,-1.4577,-1.4476,-1.4594,-1.5228,-1.6779,-1.689,-1.6415,-1.6002,-1.371,-1.0907,-1.0204,-1.1708,-1.0391,0.22455,0.25123,-0.91118,0.36305,-1.0463,-0.55369,-1.2729,-0.78717,-1.2314,-1.378,-1.0165,-1.8202,-1.6289,0.93264,-0.66492,-1.1677,-1.0322,-0.46142,-0.40622
1935,-0.27999,-1.3251,1.04,0.23861,0.37641,-1.0206,0.43988,-0.4211,0.85924,-0.1525,-0.14267,-0.096574,0.043332,-0.15941,-0.30102,-0.75479,-0.93685,-0.20293,0.47508,-0.085925,-0.2916,-0.64831,0.40222,0.29563,-0.48817,0.4956,-0.52125,-0.75028,0.33888,0.25191,0.37177,-0.45887,0.56133,0.16825,0.76233,0.028773,-0.84833,-0.3305,-0.21245,0.13587,0.19403
1936,0.89527,-0.48027,-0.552,-0.041931,0.24263,0.62351,0.50837,0.34755,-0.89464,-0.10959,-0.080854,-0.015439,0.25545,0.16511,0.044985,-0.38328,-0.28644,-0.32461,-0.28927,-0.0056488,0.26361,0.10178,1.4819,1.0502,0.16785,1.6498,-0.48458,-0.18244,0.0092768,-0.25464,-0.63022,-0.1525,-0.70096,-0.30518,0.24108,0.49233,-0.62924,-0.24163,0.4951,0.35362,0.41518
1937,0.70381,0.55311,0.43,0.4838,0.71086,0.59731,0.71385,0.75589,-0.39662,-0.50562,-0.52568,-0.43633,-0.17585,-0.36206,0.43999,-0.069159,-0.23578,0.41355,0.74966,-0.2403,0.24238,0.61232,1.5607,1.0774,0.56964,1.7139,-0.17858,-0.49398,0.45343,-0.20269,0.67237,1.073,0.35095,0.92573,0.1591,0.67014,-0.86563,-0.49725,0.28502,-0.084391,0.036072
1938,-0.12761,-0.16491,0.931,-0.1093,0.067438,-0.45074,0.097416,-0.20491,0.49114,-0.2284,-0.1373,-0.05981,0.13878,-0.53596,0.19998,-0.17835,-0.32751,0.21887,0.5864,0.28252,-0.73028,-0.27569,0.91379,0.62412,-0.27125,1.0215,-0.43561,-0.70989,-0.11228,-0.020848,-0.22942,0.15386,-0.2802,-0.21049,-0.42032,0.19536,-1.2928,-0.6262,0.1481,-0.54644,-0.4694
1939,-1.9451,-0.3383,-1.74,-1.089,0.29996,-1.3285,0.33714,-0.51718,-1.1328,-0.63763,-0.72324,-0.72157,-0.63897,-1.8121,-0.66202,-0.15222,-0.65211,0.34866,0.25246,-0.82488,-0.46583,0.25374,-0.55101,-0.48593,0.13503,-0.60606,-1.0571,-0.41148,-0.60318,-0.71987,-1.031,-0.76524,-0.91134,0.35762,-1.0193,0.094775,-0.82929,-1.2494,-0.82651,-1.3403,-1.3224
1940,0.93167,0.60587,-1.08,-1.0481,0.47196,0.4008,0.47413,0.51569,0.64271,0.66102,0.80477,0.82634,0.9678,1.3619,0.88399,0.52053,-0.69806,0.51089,0.46024,0.24341,1.5873,1.8357,1.9581,1.2901,1.7337,2.0918,1.1484,2.0844,0.44875,0.43966,-0.22942,0.46023,-0.59577,1.5885,0.94615,0.65312,0.48901,0.68514,1.016,0.63487,0.76269
1941,2.9392,1.9539,1.902,0.98413,3.2176,2.5493,3.2138,3.3501,1.184,1.9646,1.8947,1.9343,2.0761,2.7161,3.031,1.8209,0.64124,1.9386,2.5975,1.7275,2.7268,2.9737,3.133,2.2588,2.8688,3.4538,2.3622,2.4767,2.0173,1.5614,2.1753,3.2176,1.2977,3.9557,1.1515,1.3258,0.89943,2.1123,1.5655,2.2215,2.058
1942,2.5869,2.4327,1.221,0.13479,1.8384,2.7524,2.6317,2.1491,1.184,1.0752,1.0077,1.1002,1.3266,1.6385,2.75,1.9197,0.64398,1.4762,1.7218,1.1738,-0.42614,1.0649,0.60245,0.58245,0.95218,0.81533,0.86363,0.32171,1.0904,1.4469,1.0732,3.0644,-0.069816,2.2513,0.23463,0.49554,-0.00068839,0.8267,0.93625,1.1382,1.2682
1943,-1.4608,-0.41762,-0.93,-1.459,-2.1686,-0.68,-1.5464,-2.0545,-0.85133,-0.84885,-0.91676,-0.76594,-0.50463,-1.9984,-0.33502,-0.31661,-1.3452,0.72991,0.57898,-1.4033,-1.2114,-0.81407,-1.485,-0.98445,-0.873,-1.4936,-1.0367,-1.0187,-0.57279,-0.65847,-1.031,-0.61206,-1.0165,-1.252,-0.61945,0.67012,-1.4484,-1.7372,-1.2657,-1.1244,-1.1644
1944,1.1984,1.3663,0.311,-1.5175,-2.4011,0.68246,-0.82724,-2.0304,2.2883,1.2303,1.2724,1.3803,1.5052,-0.24841,1.286,-0.80377,-1.8201,1.7844,1.8257,0.23106,-0.14253,-0.86898,-1.2308,-1.019,-0.85747,-1.3744,0.095294,-0.45721,0.43356,1.3548,-0.53002,-1.0716,-0.2802,-0.39987,-0.98624,0.084795,-1.0746,-0.1991,-0.19271,0.64204,0.7311
1945,-0.17203,0.24881,0.431,0.6318,-1.4041,-1.5315,-1.6834,-1.526,0.23131,0.4663,0.44998,0.55251,0.82286,-0.70712,0.24999,-1.1053,-1.5913,0.94081,0.80903,0.34633,-1.258,-1.156,-1.2494,-1.0446,-1.1489,-1.4034,-0.19154,-0.92546,-0.10994,0.068891,0.17137,-1.378,0.77171,-0.58924,0.18877,-0.069345,-1.3454,-0.55007,-0.33709,-0.44886,-0.40622
1946,-1.76,-0.88215,-1.302,-0.45721,-1.3818,-1.4529,-1.6149,-1.478,-1.0462,-0.9,-0.89794,-0.82425,-0.5064,0.34997,-1.655,-1.1596,-1.5392,-0.69775,-0.77905,-1.8026,-0.48475,-0.15642,-0.15919,-0.31674,-0.188,-0.26257,-0.88033,-0.44772,-1.2764,-1.0245,-1.031,-1.8375,-0.49058,-1.1574,-0.54128,0.23691,-1.6908,-0.2897,-0.38876,-0.18663,-0.12189
1947,0.47329,0.49994,0.489,0.41974,0.39233,1.0165,0.81659,0.53971,0.68602,0.5092,0.61125,0.70717,0.77336,0.56357,0.45399,0.34808,-0.84154,0.51901,0.45282,-0.061225,-0.50506,-0.74128,0.0017664,-0.19658,-0.66101,-0.085085,-0.42121,-0.62291,-0.012931,0.8057,-0.12922,0.00068007,-0.17501,-0.021123,1.1802,0.57384,-1.6722,0.29695,0.16167,0.71487,0.85747
1948,1.1795,-0.49948,-0.124,-0.36002,0.765,-0.24768,0.2344,0.65981,0.81594,0.68742,0.6341,0.60195,0.63372,-0.21965,0.26099,-0.6483,-1.3101,0.29999,0.37119,0.83622,0.27769,-0.038175,0.070272,-0.16312,0.0096672,-0.02218,-0.83235,-0.84486,-0.25955,0.4739,-1.031,-1.6844,-0.59577,-0.87329,-0.038036,0.80738,-1.7236,0.41734,0.27694,0.15991,0.25722
1949,1.0799,-0.49928,1.261,-0.47378,0.51656,1.1999,0.98782,0.68383,0.46949,0.63296,0.55884,0.5487,0.54534,-0.19501,0.29299,0.1185,-0.95027,0.56768,0.23761,0.42455,-0.71228,-1.071,-0.69666,-0.67216,-0.965,-0.82244,-0.48425,-0.91977,0.30382,0.43729,-0.63022,-1.2248,-0.2802,-0.87329,0.0952,0.14204,-1.7177,-0.33972,0.11838,0.57855,0.69951
1950,-0.62013,-1.5016,-0.624,-0.27829,-1.178,-0.83066,-1.1355,-1.1897,-0.11514,-1.0914,-1.0632,-0.9992,-0.9377,-1.8108,-1.643,-1.1797,-1.3276,-0.68964,-1.254,-1.1789,-2.3544,-2.4205,-0.73342,-0.86745,-2.2969,-0.98384,-1.4688,-1.935,-1.4027,-0.94658,-1.2314,-2.2971,-0.49058,-2.0095,-0.61736,-0.36336,-1.968,-1.4897,-1.3181,-1.006,-0.94328
1951,-1.5443,-1.623,-0.97,-1.1122,-0.17145,-1.0599,-0.75875,-0.32501,-1.5226,-1.4099,-1.3549,-1.268,-0.98366,-0.87554,-2.017,-1.1617,-1.3847,-0.90865,-1.1872,-1.4836,0.10115,-0.091042,0.15354,-0.23235,-0.079924,-0.024782,-1.2992,0.11511,-1.8036,-1.7401,-1.4318,-2.2971,-0.91134,-0.87329,0.62505,0.69826,-1.415,-0.82596,-0.99566,-1.4971,-1.5119
1952,0.3682,0.49171,1.412,1.4193,1.5613,-0.12322,0.71385,1.4044,0.036434,-0.11949,-0.14536,-0.11686,0.059241,1.0237,0.71899,0.73069,-0.63844,1.5086,0.9426,0.35045,-0.062596,-0.035621,0.35683,0.073197,-0.06089,0.30996,-0.27807,-0.2734,0.013952,-0.23103,1.1734,0.61342,1.1925,1.2098,0.46434,0.80996,-0.77246,0.46238,0.54442,0.98069,0.79428
1953,-0.48585,-1.2406,0.023997,-1.11,0.13114,0.70211,0.47413,0.25147,-0.07183,-0.91155,-0.90735,-0.95356,-0.90942,0.74021,-1.007,-0.052094,-1.165,-0.84376,-1.3653,-0.41732,0.73136,0.5403,0.71245,0.31878,0.51297,0.68798,-0.3431,0.26458,-1.3208,-1.0717,-1.031,-0.61206,-1.1217,-0.21049,-0.84371,0.60626,-0.8504,0.34362,0.073337,0.74464,0.54155
1954,-0.91688,-1.2794,-0.871,-1.0426,-0.15553,1.3964,0.78235,0.10735,-1.1112,-1.2135,-1.2648,-1.3212,-1.2523,0.94697,-1.116,0.46338,-1.0369,-0.86809,-0.93489,-0.71579,-1.0413,-0.67232,-0.78271,-0.85293,-0.69043,-1.0012,-0.77474,-1.178,-1.6843,-1.7731,-0.53002,-0.30569,-0.49058,-0.21049,0.74171,1.4497,-1.4133,0.67833,0.33426,0.22914,0.13085
1955,-0.58929,-1.0177,-0.112,-0.54889,-1.2067,-0.6669,-1.0327,-1.1897,-0.80803,-0.8175,-0.7864,-0.77228,-0.70084,-0.75641,-1.246,-0.589,-1.3614,-0.82753,-1.1575,-0.97102,-2.461,-1.8998,-0.84397,-1.0358,-1.7621,-1.1674,-1.5331,-2.1117,-1.5277,-1.0245,-0.93081,-0.45887,-0.91134,-1.4414,-0.529,1.1212,-2.5607,-0.68421,-0.75944,-0.66733,-0.78532
1956,-0.96808,-1.7376,-1.526,-1.6478,-1.487,-1.1844,-1.5122,-1.526,-1.5009,-1.6673,-1.715,-1.6965,-1.491,-1.0357,-2.018,-1.6193,-1.3389,-1.1439,-1.2391,-1.8047,-2.023,-2.2129,-0.66686,-0.92595,-2.0803,-0.98822,-1.8943,-1.9269,-2.3167,-2.4969,-2.1332,-0.61206,-2.4892,-1.9148,-1.6577,0.40613,-2.1473,-1.0039,-1.2974,-1.1071,-1.1328
1957,-0.7211,-0.25452,0.52,-1.2646,-0.85309,-1.1909,-1.2039,-0.94954,0.72932,-0.39176,-0.3671,-0.33744,-0.23065,-0.05671,-0.75402,-1.2308,-1.6158,0.064752,-0.24475,-0.72196,0.89543,0.32423,0.85503,0.37307,0.28566,0.80776,-0.52613,0.57197,-1.1946,-1.0906,-0.12922,-1.0716,0.35095,-0.39987,0.225,0.87759,0.22828,-0.18216,-0.45331,-0.35165,-0.40622
1958,0.75152,1.5167,1.804,1.8765,2.8673,1.1344,2.1522,2.7736,1.8769,1.7402,1.9632,2.0319,2.3165,2.8599,1.617,0.65871,-0.48563,1.4356,1.002,1.3508,1.2866,1.6658,0.86784,0.53721,1.5776,0.93286,2.3204,1.5723,0.21148,0.45028,2.3757,1.2262,2.3496,2.346,1.1781,2.7812,0.53999,1.767,1.5597,1.1439,0.95224
1959,0.025801,-0.9332,-0.855,0.78643,1.3383,1.8353,1.8097,1.5245,-0.20175,0.10822,0.081757,0.195,0.50999,1.1798,-0.085015,0.9871,-0.69561,-0.54362,0.014987,-0.45232,0.16138,1.0049,0.21675,0.12307,0.9781,0.26657,0.38135,-0.44289,-0.77266,0.46799,0.47197,1.5325,-0.17501,0.83105,0.44248,1.7642,-0.71594,0.63377,0.50577,1.2038,1.0154
1960,0.12739,0.81802,0.345,-0.28492,-1.0251,0.53836,-0.2108,-0.80542,0.42618,0.038919,-0.06204,-0.0078326,0.041564,0.17059,0.11098,0.18351,-1.3689,-0.0082534,0.13372,-0.93603,-0.072173,-0.44502,-1.1687,-0.8483,-0.42636,-1.2165,0.21074,-0.48569,-0.12163,0.0015868,0.17137,-0.1525,0.24576,-0.11581,0.56064,1.6329,-1.7172,-0.037721,-0.034324,-0.15757,-0.24826
1961,-0.10088,-0.38456,-0.873,-0.86918,-1.8373,0.25669,-0.79299,-1.5981,-0.39662,-0.80759,-0.7743,-0.74058,-0.65488,0.39652,-0.83002,-0.40309,-1.5128,-0.76264,-0.46737,-1.0842,-0.23345,-0.28719,-0.52623,-0.45647,-0.32496,-0.57094,0.050313,-0.47568,-0.73993,0.013395,-0.42982,0.15386,-0.70096,-0.68392,0.088906,1.1303,-1.9974,0.049729,0.02786,-0.25371,-0.34303
1962,0.021482,-0.66826,0.934,-0.99509,-1.1334,-0.67345,-0.99847,-1.1177,0.49114,0.4267,0.48224,0.55758,0.83346,-0.055341,0.074985,-0.024026,-1.5452,0.26754,0.51961,0.23518,-0.58675,-1.2053,-0.79413,-0.65238,-1.0661,-0.86359,-0.5156,-0.91891,-0.3963,-0.62304,-1.1312,-0.91843,-1.1217,-0.49455,-1.4296,0.51865,-2.205,-0.2328,-0.1804,-0.90768,-0.91169
1963,-1.0024,-0.67857,-0.626,-1.6644,-0.68746,-1.6363,-1.3752,-0.9015,-0.11514,0.10822,0.038752,0.10119,0.40216,-0.24156,-0.68002,-0.41466,-1.7372,-0.58418,-0.69,-0.72402,0.68844,-0.49533,0.59075,0.24302,-0.36095,0.56454,-0.089504,0.59303,-0.67448,-0.75293,-0.73042,-0.1525,-0.91134,-0.77861,-0.73807,0.56121,-1.4066,-0.3755,-0.32776,-0.31577,-0.4694
1964,-0.25244,-0.69996,-0.944,1.9108,1.3033,0.97068,1.2618,1.3564,1.5088,0.63956,0.72548,0.79718,0.99432,1.7494,1.225,0.40187,-0.50004,2.701,2.3823,0.29899,-0.70421,-0.81253,0.69824,0.43367,-0.70586,0.76248,0.7956,-0.46515,-0.11929,0.99108,1.2736,0.30705,1.4029,1.0204,0.10138,0.85507,-0.65362,1.0192,0.92063,0.74895,0.60473
1965,0.064051,0.35344,1.418,-1.4921,0.14388,-2.311,-1.3752,-0.25295,0.79428,0.24023,0.17717,0.25712,0.36681,-0.47297,0.22298,-0.93272,-1.0332,0.46222,0.37119,0.054044,1.0473,0.79365,1.7971,1.2763,0.91061,1.9907,-0.21459,1.3773,0.35642,-0.32195,-0.32962,0.30705,-0.59577,-1.3467,0.34829,0.44834,0.20279,-0.56125,-0.67166,0.39093,0.19403
1966,1.2881,1.1808,-0.163,0.75108,2.5296,2.0515,2.5632,2.6535,0.058087,0.78478,0.80208,0.85169,0.86705,2.2724,1.807,1.6151,0.43033,1.7682,1.6105,0.87328,0.99628,1.1395,1.9965,1.4358,1.107,2.2185,1.1471,0.87142,0.84849,1.1399,1.0732,1.9921,0.45614,1.5885,1.5271,1.2767,0.32767,1.3592,1.3068,0.6998,0.50995
1967,-1.5529,-0.42139,-0.693,-0.83936,-0.49635,-0.090472,-0.31354,-0.44512,-0.07183,-0.834,-0.85359,-0.69494,-0.26777,0.041878,-0.55802,0.38005,-0.30427,0.43789,0.32667,-1.428,-0.71967,-0.70195,-0.27114,-0.16901,-0.6435,-0.21964,-0.34809,-0.1336,-0.91993,-0.82496,-0.22942,0.46023,-0.49058,-0.87329,-1.1275,1.7628,-0.56464,-0.2646,-0.4391,-0.72975,-0.8801
1968,0.77538,-0.14959,0.478,-0.72229,-0.079082,1.6781,0.98782,0.22745,2.0285,-0.032036,0.12342,0.21022,0.34383,-0.37986,1.006,-0.041972,-1.0719,2.6362,1.7292,0.14873,-0.13722,-0.5127,-0.67104,-0.6145,-0.36521,-0.76663,-0.012616,-0.1714,1.5416,1.2414,-0.029025,0.61342,-0.38539,-0.58924,0.12124,-0.020942,-0.68441,-0.48294,-0.57365,-0.13892,-0.27985
1969,0.52963,0.72125,0.957,0.86816,1.4721,1.3768,1.6043,1.5726,1.1407,1.1379,1.1703,1.2827,1.6766,2.0095,0.79999,0.63251,-1.1451,0.42978,0.56414,0.77859,1.4315,0.72035,0.59047,0.46313,0.94189,0.72275,1.0881,0.70677,0.26642,0.35582,1.7746,2.2985,1.1925,1.4938,1.2114,1.3955,-0.55282,1.1856,1.0288,0.77657,0.66791
1970,0.76695,0.060465,0.288,0.089502,-0.39761,0.93792,-0.41628,0.29951,0.5128,-0.14589,-0.40339,-0.37294,-0.16525,1.2619,0.16598,1.0393,-1.1602,-0.88432,-0.57869,0.029343,-0.35368,-0.97573,-1.057,-0.77086,-0.90943,-1.0976,0.0035596,-0.93116,0.85784,0.85647,-0.32962,0.91979,-0.91134,0.26293,0.13546,0.65222,-1.4425,0.59667,0.63649,0.83002,0.63632
1971,-2.1281,-3.2748,-1.466,-2.8992,-2.4616,-0.7193,-1.7176,-2.3187,-2.1288,-2.3868,-2.5254,-2.4305,-2.1485,-1.2384,-3.099,-0.67054,-1.9974,-2.2309,-2.189,-2.5786,-2.0609,-2.503,-2.4054,-1.8502,-2.2833,-2.6373,-2.1684,-1.9997,-1.5523,-1.8239,-3.2354,-1.0716,-3.6463,-2.767,-1.8607,0.70595,-2.1339,-1.1301,-1.3484,-1.2287,-1.2592
1972,-0.76676,-0.79833,-0.588,-1.0293,-0.7002,-1.3612,-1.2382,-0.85346,NaN,-1.4049,-1.3307,-1.3453,-1.445,-0.33194,-1.022,-0.60035,-1.8543,0.35677,-0.45253,-0.70549,1.329,1.0521,0.63948,0.23923,1.0972,0.58949,-0.20107,1.3524,-0.18825,-0.47781,-0.029025,-0.91843,0.35095,-0.77861,0.58827,1.1104,-0.51316,-0.49289,-0.56707,-0.38214,-0.50099
1973,2.3373,0.99052,2.052,2.0842,2.3544,2.5034,2.7344,2.5574,NaN,1.2782,1.302,1.3195,1.4539,3.0296,1.878,1.9408,-0.4057,0.52712,0.46766,2.1145,-0.52837,-0.74715,-0.19456,-0.44552,-0.70804,-0.37513,1.0274,-0.83589,1.1348,0.67463,2.1753,1.3793,2.1392,2.5354,0.93717,1.7984,-1.2016,1.9292,1.8422,1.2365,1.047
1974,-1.2216,-3.1815,-1.747,-1.4269,-2.0826,-1.728,-2.1629,-2.1505,NaN,-2.3917,-2.5026,-2.542,-2.3465,-1.8902,-3.067,-0.83698,-2.1297,-2.3282,-2.9311,-1.4609,-2.2944,-2.1873,-1.7421,-1.4424,-2.0253,-1.9683,-1.6966,-2.0011,-2.0046,-2.197,-2.1332,-2.2971,-1.6477,-2.3883,-0.6654,0.96702,-2.3666,-1.5656,-2.0223,-1.9121,-1.891
1975,-0.20493,-0.33263,1.212,0.09392,-1.5315,-0.97476,-1.4094,-1.526,NaN,-0.33731,-0.27841,-0.21828,-0.10868,-0.24978,-0.42202,-0.42131,-1.853,0.31621,-0.10375,-0.39674,-2.128,-2.5441,-1.9871,-1.6551,-2.3682,-2.2602,-0.099808,-2.0375,0.73628,-0.065718,-0.63022,-0.61206,-0.49058,-1.3467,-0.38925,0.017612,-2.2054,-0.33653,-0.51013,0.14053,-0.058705
1976,-0.47145,-0.28613,-0.094003,-1.5661,-1.4392,-3.0185,-2.6423,-1.8143,NaN,-0.79274,-0.86031,-0.91553,-1.0667,-1.6191,-0.74702,-1.5215,-2.0805,0.66502,-0.022118,-0.64992,-0.4979,-1.0194,0.086201,-0.16523,-0.82695,-0.014731,-0.41744,-0.045919,-0.19527,-0.68799,-1.3316,-2.1439,-0.80615,-2.5776,-1.1475,0.87251,-1.3695,-1.3104,-1.5861,-1.5584,-1.5435
1977,0.051712,0.62415,-1.576,0.41864,0.55796,0.13879,0.37139,0.53971,NaN,0.85408,0.89078,0.91001,1.0014,1.4509,0.64999,1.1585,-1.236,0.25132,0.029829,0.2887,1.2033,0.74921,0.36685,-0.022024,0.65835,0.24729,1.7081,1.9022,-0.12631,0.80215,0.47197,0.46023,0.35095,0.83105,1.0052,2.2951,0.42805,0.84544,0.80425,0.1104,-0.058705
1978,NaN,0.58661,0.27,1.0802,0.68856,1.7567,1.433,0.94805,NaN,0.44485,0.39085,0.45235,0.67438,1.6152,NaN,0.75359,-0.67247,0.55956,0.46024,0.52129,-0.083978,0.81791,0.10567,0.20304,0.74707,0.26113,1.503,0.55437,-0.040982,-0.43058,0.071173,0.46023,-0.069816,1.0204,-0.18802,1.3871,0.30324,0.8207,0.89991,1.5862,1.3945
1979,NaN,1.6731,1.87,1.6325,-0.37531,1.1868,-0.38203,0.39559,NaN,1.5884,1.638,1.7112,1.742,0.51428,NaN,0.1514,-0.97492,1.4681,1.2617,NaN,0.45214,0.76223,-0.075929,-0.18585,0.81226,-0.12127,1.334,0.93891,1.1839,0.87654,1.8748,0.15386,2.2444,1.0204,-0.24522,1.7834,-0.75851,0.1962,0.13388,0.048699,-0.058705
1980,NaN,1.0565,-0.827,0.54234,0.26811,1.8026,1.2275,0.56373,NaN,0.012517,0.64485,0.76422,1.3408,1.2729,NaN,0.96928,-1.338,-0.70586,-0.029539,NaN,0.51306,1.424,0.26131,0.079721,1.3601,0.26054,0.63529,0.92873,-0.34604,-0.56401,1.1734,1.8389,0.56133,1.0204,1.5305,2.0782,-1.1577,0.72749,0.62745,0.2582,0.099256
1981,NaN,NaN,-0.856,1.1796,-0.16508,1.2654,0.67961,0.083328,NaN,-1.296,-0.3241,-0.17391,0.39863,0.24727,NaN,1.5187,-1.7714,1.314,0.86097,NaN,-0.24637,0.87001,-0.65544,-0.5337,0.81653,-0.69959,1.2096,0.44736,0.31668,1.3193,0.47197,0.15386,0.45614,0.73636,-0.66642,0.22974,-0.87389,0.026871,-0.1477,0.17497,0.067664
1982,NaN,NaN,-0.565,0.064099,-1.1907,-0.011868,-0.62176,-1.0696,NaN,0.10822,0.42983,0.050483,0.37388,0.62245,NaN,0.86672,-1.9363,-0.42195,-0.53416,NaN,1.8226,-0.13829,1.2535,0.93114,0.30043,1.4348,0.41714,1.8383,-0.19293,-0.63131,0.67237,0.30705,0.66652,0.73636,-0.36525,1.942,-0.32174,0.25138,0.024726,-0.41478,-0.53259
1983,NaN,NaN,1.653,1.7948,3.1348,0.21739,1.7412,2.8697,NaN,4.9464,4.1444,3.216,1.7544,3.7882,NaN,1.9082,-0.42594,NaN,NaN,NaN,1.8268,-0.33903,1.6724,1.513,0.058346,2.0903,2.5678,1.7211,1.2587,1.9357,2.2755,1.8389,2.034,3.861,1.2125,1.8667,0.35865,2.3694,2.6309,3.3659,3.0373
1984,NaN,NaN,0.203,-0.23301,-0.82124,-1.0599,-1.1012,-0.9015,NaN,0.27489,-0.43833,-0.65438,-0.67786,0.0062767,NaN,0.65521,-1.1288,NaN,NaN,NaN,-1.406,-1.1267,-0.58193,-0.30306,-1.0415,-0.49219,0.89166,-0.21886,0.77368,1.0253,-0.73042,-0.1525,-0.91134,-0.021123,-1.3822,0.13042,-1.0547,-0.26692,-0.76741,-0.054617,-0.24826
1985,NaN,NaN,-0.089003,-0.50581,-0.65879,-1.2433,-1.1355,-0.80542,NaN,-0.75809,-1.3159,-1.2705,-0.79099,-0.85089,NaN,0.53336,-2.0993,NaN,NaN,NaN,-1.7258,-0.36661,-1.0734,-0.73719,-0.34585,-1.0827,0.75527,-0.092693,1.6912,1.4976,0.17137,-0.30569,0.35095,-0.11581,0.31584,0.75839,-1.0717,-0.69103,-1.1589,0.029327,-0.15348
1986,NaN,NaN,-0.409,-0.2308,-1.2226,-0.064271,-0.69025,-1.0937,NaN,0.14288,-0.65201,-0.56183,0.18121,-0.070403,NaN,0.97878,-2.2611,NaN,NaN,NaN,0.064231,1.1691,-0.1113,-0.18627,1.1304,-0.14184,0.6293,0.78513,1.1687,0.019298,0.67237,0.00068007,0.8769,0.73636,-1.4786,1.7486,-0.045805,-0.23052,-0.61124,0.1495,0.036072
1987,NaN,NaN,1.672,2.2377,1.3606,1.0296,1.3303,1.4044,NaN,2.0422,1.5789,1.696,1.6095,2.2998,NaN,2.2061,-1.4487,NaN,NaN,NaN,2.9601,1.7378,1.8252,1.3596,2.0781,2.0666,2.1141,1.9684,2.2324,2.0845,3.4779,2.6048,3.0859,3.5769,2.529,3.1773,-0.21245,1.3954,1.2854,1.3939,1.1418
1988,NaN,NaN,-0.73,2.0765,0.0037338,1.4161,0.88508,0.27549,NaN,0.95309,1.0198,1.0317,1.7014,1.4878,NaN,2.3033,-1.0693,NaN,NaN,NaN,-1.639,-1.0633,-1.1514,-1.3182,-0.98349,-1.5447,0.39864,-1.1654,1.2143,0.68171,2.0751,2.1453,1.508,2.2513,0.32435,1.7562,-2.2033,0.99526,0.82198,0.61119,0.41518
1989,NaN,NaN,-1.475,-0.80512,-2.0539,-2.4813,-2.6081,-2.2706,NaN,0.095023,-1.5995,-2.163,-2.3536,-1.9285,NaN,-0.083541,-2.802,NaN,NaN,NaN,-2.032,-1.8528,-2.5522,-2.3106,-1.766,-3.0517,-1.7715,-1.833,-0.91409,-1.1402,-0.53002,0.00068007,-0.70096,-0.96798,-2.2088,0.14322,-2.8936,-1.375,-1.8715,-1.1204,-1.1328
1990,NaN,NaN,-0.998,-0.84599,-0.75117,-1.0534,-1.067,-0.85346,NaN,-0.08154,-0.03785,0.19627,0.87765,0.78403,NaN,0.65528,-3.2432,NaN,NaN,NaN,0.44983,1.0462,-0.15752,-0.3683,1.1125,-0.29863,-0.0057468,0.14463,-0.36007,0.18225,-0.12922,0.91979,-0.59577,0.83105,-0.1643,1.5391,-1.1464,0.35401,0.14667,0.96849,0.85747
1991,NaN,NaN,-0.109,0.36341,0.90515,0.85932,0.98782,0.97207,NaN,0.040569,0.31828,0.67421,1.6041,1.1702,NaN,2.6093,-2.347,NaN,NaN,NaN,1.2538,1.5338,0.17721,0.15464,1.8195,0.26692,NaN,NaN,0.54343,-0.26999,1.8748,2.2985,1.2977,2.8194,0.3391,1.949,-0.094167,0.69203,0.46484,0.027175,-0.12189
1992,NaN,NaN,1.379,2.8927,0.80323,1.1934,1.1248,0.94805,NaN,1.6412,2.021,2.2754,1.8392,3.0653,NaN,2.9112,-1.3419,NaN,NaN,NaN,1.8861,1.7562,0.89039,0.56456,1.6631,0.9655,NaN,NaN,NaN,NaN,3.9789,2.6048,3.717,4.7132,1.8396,2.7895,0.78089,1.9965,1.8401,2.1505,1.8684
1993,NaN,NaN,1.873,2.8209,1.3224,-0.031519,0.64536,1.1883,NaN,0.54386,0.27259,0.51447,1.2276,1.0784,NaN,2.313,-1.3362,NaN,NaN,NaN,1.1043,1.7527,0.75422,0.43956,1.6777,0.79842,NaN,NaN,NaN,NaN,3.4779,2.6048,3.1911,3.2929,-0.62706,2.1374,0.4228,0.45376,0.31905,0.96311,0.79428
1994,NaN,NaN,-1.652,0.81735,-0.3116,0.72832,-0.31354,0.22745,NaN,0.34584,0.2269,0.24445,0.84053,0.82374,NaN,2.8554,-1.1265,NaN,NaN,NaN,0.8089,1.5019,1.0207,0.54142,1.581,1.0227,NaN,NaN,NaN,NaN,1.5742,2.758,0.77171,1.8726,-0.81888,1.6591,-0.35265,0.42675,0.080908,0.11291,-0.027113
1995,NaN,NaN,0.531,-1.0426,0.97841,1.5602,1.4673,1.1642,NaN,1.491,1.3007,1.4374,2.0354,2.2533,NaN,2.9502,-1.7939,NaN,NaN,NaN,0.43483,1.061,-0.6379,-0.25845,0.8092,-0.49184,NaN,NaN,NaN,NaN,1.474,4.1367,-0.069816,1.8726,0.84864,1.3415,-1.8559,1.2757,1.2137,0.84186,0.63632
1996,NaN,NaN,-0.758,-1.2315,-2.468,-0.56209,-1.6149,-2.2947,NaN,-0.30761,-0.65873,-0.80143,-0.25009,NaN,NaN,1.0887,-3.4136,NaN,NaN,NaN,-0.77574,-0.62073,-1.02,-0.95351,-0.57054,-1.208,NaN,NaN,NaN,NaN,-0.73042,0.7666,-1.2269,-0.68392,-1.1335,1.4461,-1.366,-0.5132,-0.68623,0.0013458,-0.15348
1997,NaN,NaN,-0.393,-0.77199,0.74908,-0.91581,0.81659,-0.37306,NaN,-0.43467,-0.7528,-0.39956,0.58599,NaN,NaN,1.6311,-2.0534,NaN,NaN,NaN,2.3778,1.9161,1.7631,1.0378,2.4526,1.8002,NaN,NaN,NaN,NaN,0.87276,3.6771,-0.49058,0.54699,NaN,2.2236,1.1434,-0.16069,-0.34519,-0.76276,-0.8801
1998,NaN,NaN,0.977,2.0776,1.2651,0.55146,0.98782,1.2363,NaN,6.2318,4.315,3.1146,1.8887,NaN,NaN,3.1146,-0.84769,NaN,NaN,NaN,1.0602,0.013926,NaN,0.80004,0.056924,1.4042,NaN,NaN,NaN,NaN,3.8787,4.7494,2.6651,3.9557,NaN,2.4864,0.10967,2.4365,2.5641,2.0468,1.9
1999,NaN,NaN,1.434,-0.23963,-0.20331,-0.20838,-0.24505,-0.20491,NaN,0.18083,-1.1372,-1.7611,-2.0354,NaN,NaN,NaN,-2.1248,NaN,NaN,NaN,NaN,NaN,NaN,NaN,NaN,NaN,NaN,NaN,NaN,NaN,-0.83062,-0.1525,-0.91134,-0.87329,NaN,NaN,-2.9958,-1.1528,-1.5569,-1.2191,-1.2276
2000,NaN,NaN,-1.019,-0.7996,0.33818,-0.98131,0.37139,-0.39708,NaN,-0.66898,-1.7043,-1.9728,-1.8339,NaN,NaN,NaN,-3.8402,NaN,NaN,NaN,NaN,NaN,NaN,NaN,NaN,NaN,NaN,NaN,NaN,NaN,-0.22942,0.15386,-0.2802,-0.49455,NaN,NaN,NaN,-1.2641,-1.7149,-1.0745,-1.1012
2001,NaN,NaN,0.064997,-0.83163,-0.64605,-0.43109,-0.62176,-0.63728,NaN,-0.1525,-0.46252,-0.84834,-1.0296,NaN,NaN,NaN,-3.0383,NaN,NaN,NaN,NaN,NaN,NaN,NaN,NaN,NaN,NaN,NaN,NaN,NaN,NaN,NaN,NaN,NaN,NaN,NaN,NaN,-0.39153,-0.82015,-0.88759,-1.0065
2002,NaN,NaN,-1.078,0.88804,0.51656,0.16499,0.33714,0.51569,NaN,-0.44952,-0.30932,-0.066148,0.92538,NaN,NaN,NaN,-1.9189,NaN,NaN,NaN,NaN,NaN,NaN,NaN,NaN,NaN,NaN,NaN,NaN,NaN,NaN,NaN,NaN,NaN,NaN,NaN,NaN,0.13474,-0.16895,0.1043,-0.12189
2003,NaN,NaN,NaN,2.2532,1.0039,0.85277,1.0221,1.0682,NaN,0.99104,1.3114,1.4995,1.8781,NaN,NaN,NaN,-0.83446,NaN,NaN,NaN,NaN,NaN,NaN,NaN,NaN,NaN,NaN,NaN,NaN,NaN,NaN,NaN,NaN,NaN,NaN,NaN,NaN,1.1519,1.1599,0.92616,0.7311
2004,NaN,NaN,NaN,0.95873,-0.45175,-0.14942,-0.34779,-0.4211,NaN,0.73197,0.78596,0.51954,1.1569,NaN,NaN,NaN,-1.0738,NaN,NaN,NaN,NaN,NaN,NaN,NaN,NaN,NaN,NaN,NaN,NaN,NaN,NaN,NaN,NaN,NaN,NaN,NaN,NaN,0.62056,0.33002,-0.11094,-0.21667
2005,NaN,NaN,NaN,0.90792,0.37641,-0.28043,-0.0053233,0.29951,NaN,0.26169,0.62335,0.82507,1.8216,NaN,NaN,NaN,-1.3591,NaN,NaN,NaN,NaN,NaN,NaN,NaN,NaN,NaN,NaN,NaN,NaN,NaN,NaN,NaN,NaN,NaN,NaN,NaN,NaN,0.88198,0.60951,1.3649,1.2366
2006,NaN,NaN,NaN,NaN,-1.0251,-0.46384,-0.82724,-0.99758,NaN,0.25674,-0.90063,-0.97638,-0.44453,NaN,NaN,NaN,-1.8036,NaN,NaN,NaN,NaN,NaN,NaN,NaN,NaN,NaN,NaN,NaN,NaN,NaN,NaN,NaN,NaN,NaN,NaN,NaN,NaN,-0.46386,-0.83592,-0.39792,-0.4694
2007,NaN,NaN,NaN,NaN,-0.33709,-0.070821,-0.24505,-0.30099,NaN,NaN,NaN,NaN,NaN,NaN,NaN,NaN,-1.2605,NaN,NaN,NaN,NaN,NaN,NaN,NaN,NaN,NaN,NaN,NaN,NaN,NaN,NaN,NaN,NaN,NaN,NaN,NaN,NaN,0.94508,0.7184,0.60366,0.47836
2008,NaN,NaN,NaN,NaN,NaN,NaN,NaN,NaN,NaN,NaN,NaN,NaN,NaN,NaN,NaN,NaN,NaN,NaN,NaN,NaN,NaN,NaN,NaN,NaN,NaN,NaN,NaN,NaN,NaN,NaN,NaN,NaN,NaN,NaN,NaN,NaN,NaN,-1.2268,-1.7987,-1.7898,-1.8279
2009,NaN,NaN,NaN,NaN,NaN,NaN,NaN,NaN,NaN,NaN,NaN,NaN,NaN,NaN,NaN,NaN,NaN,NaN,NaN,NaN,NaN,NaN,NaN,NaN,NaN,NaN,NaN,NaN,NaN,NaN,NaN,NaN,NaN,NaN,NaN,NaN,NaN,-0.47205,-0.89519,-1.2797,-1.2908
2010,NaN,NaN,NaN,NaN,NaN,NaN,NaN,NaN,NaN,NaN,NaN,NaN,NaN,NaN,NaN,NaN,NaN,NaN,NaN,NaN,NaN,NaN,NaN,NaN,NaN,NaN,NaN,NaN,NaN,NaN,NaN,NaN,NaN,NaN,NaN,NaN,NaN,1.7526,1.6644,1.343,1.1418
2011,NaN,NaN,NaN,NaN,NaN,NaN,NaN,NaN,NaN,NaN,NaN,NaN,NaN,NaN,NaN,NaN,NaN,NaN,NaN,NaN,NaN,NaN,NaN,NaN,NaN,NaN,NaN,NaN,NaN,NaN,NaN,NaN,NaN,NaN,NaN,NaN,NaN,-1.0103,-1.6134,-2.4908,-2.3965
2012,NaN,NaN,NaN,NaN,NaN,NaN,NaN,NaN,NaN,NaN,NaN,NaN,NaN,NaN,NaN,NaN,NaN,NaN,NaN,NaN,NaN,NaN,NaN,NaN,NaN,NaN,NaN,NaN,NaN,NaN,NaN,NaN,NaN,NaN,NaN,NaN,NaN,-0.49425,-0.87865,-1.251,-1.196
2013,NaN,NaN,NaN,NaN,NaN,NaN,NaN,NaN,NaN,NaN,NaN,NaN,NaN,NaN,NaN,NaN,NaN,NaN,NaN,NaN,NaN,NaN,NaN,NaN,NaN,NaN,NaN,NaN,NaN,NaN,NaN,NaN,NaN,NaN,NaN,NaN,NaN,-0.082551,-0.29579,0.51433,0.38358
2014,NaN,NaN,NaN,NaN,NaN,NaN,NaN,NaN,NaN,NaN,NaN,NaN,NaN,NaN,NaN,NaN,NaN,NaN,NaN,NaN,NaN,NaN,NaN,NaN,NaN,NaN,NaN,NaN,NaN,NaN,NaN,NaN,NaN,NaN,NaN,NaN,NaN,-0.084355,-0.29138,-0.2634,-0.40622
2015,NaN,NaN,NaN,NaN,NaN,NaN,NaN,NaN,NaN,NaN,NaN,NaN,NaN,NaN,NaN,NaN,NaN,NaN,NaN,NaN,NaN,NaN,NaN,NaN,NaN,NaN,NaN,NaN,NaN,NaN,NaN,NaN,NaN,NaN,NaN,NaN,NaN,0.84416,0.76392,0.59146,0.47836
2016,NaN,NaN,NaN,NaN,NaN,NaN,NaN,NaN,NaN,NaN,NaN,NaN,NaN,NaN,NaN,NaN,NaN,NaN,NaN,NaN,NaN,NaN,NaN,NaN,NaN,NaN,NaN,NaN,NaN,NaN,NaN,NaN,NaN,NaN,NaN,NaN,NaN,2.6908,2.7093,1.8994,1.6157
2017,NaN,NaN,NaN,NaN,NaN,NaN,NaN,NaN,NaN,NaN,NaN,NaN,NaN,NaN,NaN,NaN,NaN,NaN,NaN,NaN,NaN,NaN,NaN,NaN,NaN,NaN,NaN,NaN,NaN,NaN,NaN,NaN,NaN,NaN,NaN,NaN,NaN,0.0080906,-0.25437,0.05121,-0.027113
2018,NaN,NaN,NaN,NaN,NaN,NaN,NaN,NaN,NaN,NaN,NaN,NaN,NaN,NaN,NaN,NaN,NaN,NaN,NaN,NaN,NaN,NaN,NaN,NaN,NaN,NaN,NaN,NaN,NaN,NaN,NaN,NaN,NaN,NaN,NaN,NaN,NaN,-0.53855,-0.84267,0.058384,-0.058705
2019,NaN,NaN,NaN,NaN,NaN,NaN,NaN,NaN,NaN,NaN,NaN,NaN,NaN,NaN,NaN,NaN,NaN,NaN,NaN,NaN,NaN,NaN,NaN,NaN,NaN,NaN,NaN,NaN,NaN,NaN,NaN,NaN,NaN,NaN,NaN,NaN,NaN,1.0449,0.82386,0.26896,0.22562
2020,NaN,NaN,NaN,NaN,NaN,NaN,NaN,NaN,NaN,NaN,NaN,NaN,NaN,NaN,NaN,NaN,NaN,NaN,NaN,NaN,NaN,NaN,NaN,NaN,NaN,NaN,NaN,NaN,NaN,NaN,NaN,NaN,NaN,NaN,NaN,NaN,NaN,0.80259,0.64729,0.39918,0.25722
2021,NaN,NaN,NaN,NaN,NaN,NaN,NaN,NaN,NaN,NaN,NaN,NaN,NaN,NaN,NaN,NaN,NaN,NaN,NaN,NaN,NaN,NaN,NaN,NaN,NaN,NaN,NaN,NaN,NaN,NaN,NaN,NaN,NaN,NaN,NaN,NaN,NaN,-0.66584,-1.0168,-1.5563,-1.5435
2022,NaN,NaN,NaN,NaN,NaN,NaN,NaN,NaN,NaN,NaN,NaN,NaN,NaN,NaN,NaN,NaN,NaN,NaN,NaN,NaN,NaN,NaN,NaN,NaN,NaN,NaN,NaN,NaN,NaN,NaN,NaN,NaN,NaN,NaN,NaN,NaN,NaN,-0.58853,-0.8666,-0.8754,-0.8801
2023,NaN,NaN,NaN,NaN,NaN,NaN,NaN,NaN,NaN,NaN,NaN,NaN,NaN,NaN,NaN,NaN,NaN,NaN,NaN,NaN,NaN,NaN,NaN,NaN,NaN,NaN,NaN,NaN,NaN,NaN,NaN,NaN,NaN,NaN,NaN,NaN,NaN,-0.31369,-0.76146,-1.4695,-1.4488
2024,NaN,NaN,NaN,NaN,NaN,NaN,NaN,NaN,NaN,NaN,NaN,NaN,NaN,NaN,NaN,NaN,NaN,NaN,NaN,NaN,NaN,NaN,NaN,NaN,NaN,NaN,NaN,NaN,NaN,NaN,NaN,NaN,NaN,NaN,NaN,NaN,NaN,2.0297,NaN,NaN,NaN